ISO-10303-21;
HEADER;
/* Generated by software containing ST-Developer
 * from STEP Tools, Inc. (www.steptools.com) 
 */

FILE_DESCRIPTION(
/* description */ (''),
/* implementation_level */ '2;1');

FILE_NAME(
/* name */ 'YAM-UMI Flow Finger.step',
/* time_stamp */ '2026-08-14T09:04:03-05:00',
/* author */ (''),
/* organization */ (''),
/* preprocessor_version */ 'ST-DEVELOPER v20.1',
/* originating_system */ 'Autodesk Translation Framework v15.8.0.0',
/* authorisation */ '');

FILE_SCHEMA (('AUTOMOTIVE_DESIGN { 1 0 10303 214 3 1 1 }'));
ENDSEC;

DATA;
#10=MECHANICAL_DESIGN_GEOMETRIC_PRESENTATION_REPRESENTATION('',(#43,#44,
#45,#46,#47,#48,#49),#13429);
#11=ITEM_DEFINED_TRANSFORMATION($,$,#7448,#8156);
#12=ITEM_DEFINED_TRANSFORMATION($,$,#7980,#8157);
#13=ITEM_DEFINED_TRANSFORMATION($,$,#7714,#8158);
#14=ITEM_DEFINED_TRANSFORMATION($,$,#7980,#8159);
#15=(
REPRESENTATION_RELATIONSHIP($,$,#13447,#13446)
REPRESENTATION_RELATIONSHIP_WITH_TRANSFORMATION(#11)
SHAPE_REPRESENTATION_RELATIONSHIP()
);
#16=(
REPRESENTATION_RELATIONSHIP($,$,#13449,#13446)
REPRESENTATION_RELATIONSHIP_WITH_TRANSFORMATION(#12)
SHAPE_REPRESENTATION_RELATIONSHIP()
);
#17=(
REPRESENTATION_RELATIONSHIP($,$,#13448,#13446)
REPRESENTATION_RELATIONSHIP_WITH_TRANSFORMATION(#13)
SHAPE_REPRESENTATION_RELATIONSHIP()
);
#18=(
REPRESENTATION_RELATIONSHIP($,$,#13449,#13446)
REPRESENTATION_RELATIONSHIP_WITH_TRANSFORMATION(#14)
SHAPE_REPRESENTATION_RELATIONSHIP()
);
#19=CONTEXT_DEPENDENT_SHAPE_REPRESENTATION(#15,#13442);
#20=CONTEXT_DEPENDENT_SHAPE_REPRESENTATION(#16,#13443);
#21=CONTEXT_DEPENDENT_SHAPE_REPRESENTATION(#17,#13444);
#22=CONTEXT_DEPENDENT_SHAPE_REPRESENTATION(#18,#13445);
#23=NEXT_ASSEMBLY_USAGE_OCCURRENCE('Tip:1','Tip:1','Tip:1',#13451,#13452,
'Tip:1');
#24=NEXT_ASSEMBLY_USAGE_OCCURRENCE('UMI_Flow_Chopstick_fingers v9:3',
'UMI_Flow_Chopstick_fingers v9:3','UMI_Flow_Chopstick_fingers v9:3',#13451,
#13454,'UMI_Flow_Chopstick_fingers v9:3');
#25=NEXT_ASSEMBLY_USAGE_OCCURRENCE('Tip(Mirror):1','Tip(Mirror):1',
'Tip(Mirror):1',#13451,#13453,'Tip(Mirror):1');
#26=NEXT_ASSEMBLY_USAGE_OCCURRENCE('UMI_Flow_Chopstick_fingers v9:4',
'UMI_Flow_Chopstick_fingers v9:4','UMI_Flow_Chopstick_fingers v9:4',#13451,
#13454,'UMI_Flow_Chopstick_fingers v9:4');
#27=B_SPLINE_SURFACE_WITH_KNOTS('',3,1,((#12349,#12350),(#12351,#12352),
(#12353,#12354),(#12355,#12356),(#12357,#12358),(#12359,#12360),(#12361,
#12362),(#12363,#12364),(#12365,#12366),(#12367,#12368),(#12369,#12370),
(#12371,#12372),(#12373,#12374),(#12375,#12376),(#12377,#12378),(#12379,
#12380),(#12381,#12382),(#12383,#12384),(#12385,#12386),(#12387,#12388),
(#12389,#12390),(#12391,#12392),(#12393,#12394),(#12395,#12396),(#12397,
#12398),(#12399,#12400),(#12401,#12402),(#12403,#12404),(#12405,#12406),
(#12407,#12408),(#12409,#12410),(#12411,#12412),(#12413,#12414),(#12415,
#12416),(#12417,#12418),(#12419,#12420),(#12421,#12422),(#12423,#12424),
(#12425,#12426),(#12427,#12428)),.UNSPECIFIED.,.F.,.F.,.F.,(4,3,3,3,3,3,
3,3,3,3,3,3,3,4),(2,2),(-57.8135615968421,0.,1.9166216995333,4.4812930188233,
5.67278862797854,12.2628672601165,14.1387376635084,15.3610078853203,16.4258868123133,
18.8529458922544,20.3707698798751,21.5626524675417,25.2211308357397,64.5796356720327),
(-11.6553501808579,12.272088758662),.UNSPECIFIED.);
#28=B_SPLINE_SURFACE_WITH_KNOTS('',3,1,((#12461,#12462),(#12463,#12464),
(#12465,#12466),(#12467,#12468),(#12469,#12470),(#12471,#12472),(#12473,
#12474),(#12475,#12476),(#12477,#12478),(#12479,#12480),(#12481,#12482),
(#12483,#12484),(#12485,#12486),(#12487,#12488),(#12489,#12490),(#12491,
#12492),(#12493,#12494),(#12495,#12496),(#12497,#12498),(#12499,#12500),
(#12501,#12502),(#12503,#12504),(#12505,#12506),(#12507,#12508),(#12509,
#12510),(#12511,#12512),(#12513,#12514),(#12515,#12516),(#12517,#12518),
(#12519,#12520),(#12521,#12522),(#12523,#12524),(#12525,#12526),(#12527,
#12528),(#12529,#12530),(#12531,#12532),(#12533,#12534)),.UNSPECIFIED.,
 .F.,.F.,.F.,(4,3,3,3,3,3,3,3,3,3,3,3,4),(2,2),(-21.9734133896128,0.,2.27776125961196,
3.28189547837455,7.11667475905566,9.03406439939622,9.99275921956649,10.2845491095712,
10.4918856236425,10.6483458281572,10.9514540397368,11.4554540028571,27.4408071620379),
(-12.3494038577978,12.967489827439),.UNSPECIFIED.);
#29=B_SPLINE_SURFACE_WITH_KNOTS('',3,1,((#12807,#12808),(#12809,#12810),
(#12811,#12812),(#12813,#12814),(#12815,#12816),(#12817,#12818),(#12819,
#12820),(#12821,#12822),(#12823,#12824),(#12825,#12826),(#12827,#12828),
(#12829,#12830),(#12831,#12832),(#12833,#12834),(#12835,#12836),(#12837,
#12838),(#12839,#12840),(#12841,#12842),(#12843,#12844),(#12845,#12846),
(#12847,#12848),(#12849,#12850),(#12851,#12852),(#12853,#12854),(#12855,
#12856),(#12857,#12858),(#12859,#12860),(#12861,#12862),(#12863,#12864),
(#12865,#12866),(#12867,#12868),(#12869,#12870),(#12871,#12872),(#12873,
#12874),(#12875,#12876),(#12877,#12878),(#12879,#12880)),.UNSPECIFIED.,
 .F.,.F.,.F.,(4,3,3,3,3,3,3,3,3,3,3,3,4),(2,2),(-0.9530383004968,0.,2.27776125960834,
3.28189547837455,7.11667475905566,9.03406439939622,9.99275921956649,10.2845491095713,
10.4918856236425,10.6483458281572,10.9514540397368,11.4554540028571,22.0920661090766),
(-3.33821122396753,2.02373824426464),.UNSPECIFIED.);
#30=B_SPLINE_SURFACE_WITH_KNOTS('',3,1,((#12881,#12882),(#12883,#12884),
(#12885,#12886),(#12887,#12888),(#12889,#12890),(#12891,#12892),(#12893,
#12894),(#12895,#12896),(#12897,#12898),(#12899,#12900),(#12901,#12902),
(#12903,#12904),(#12905,#12906),(#12907,#12908),(#12909,#12910),(#12911,
#12912),(#12913,#12914),(#12915,#12916),(#12917,#12918),(#12919,#12920),
(#12921,#12922),(#12923,#12924),(#12925,#12926),(#12927,#12928),(#12929,
#12930),(#12931,#12932),(#12933,#12934),(#12935,#12936),(#12937,#12938),
(#12939,#12940),(#12941,#12942),(#12943,#12944),(#12945,#12946),(#12947,
#12948),(#12949,#12950),(#12951,#12952),(#12953,#12954),(#12955,#12956),
(#12957,#12958),(#12959,#12960)),.UNSPECIFIED.,.F.,.F.,.F.,(4,3,3,3,3,3,
3,3,3,3,3,3,3,4),(2,2),(-34.3198425445826,0.,1.9166216995333,4.4812930188233,
5.67278862797854,12.2628672601165,14.1387376635084,15.3610078853216,16.4258868123139,
18.8529458922544,20.3707698798751,21.5626524675417,25.2211308357397,27.7141294330189),
(-3.33821121958897,2.15098119939638),.UNSPECIFIED.);
#31=B_SPLINE_SURFACE_WITH_KNOTS('',3,3,((#13188,#13189,#13190,#13191),(#13192,
#13193,#13194,#13195),(#13196,#13197,#13198,#13199),(#13200,#13201,#13202,
#13203)),.UNSPECIFIED.,.F.,.F.,.F.,(4,4),(4,4),(0.,1.),(-1.73395261337704,
0.171945243737009),.UNSPECIFIED.);
#32=B_SPLINE_SURFACE_WITH_KNOTS('',3,3,((#13218,#13219,#13220,#13221,#13222,
#13223,#13224,#13225),(#13226,#13227,#13228,#13229,#13230,#13231,#13232,
#13233),(#13234,#13235,#13236,#13237,#13238,#13239,#13240,#13241),(#13242,
#13243,#13244,#13245,#13246,#13247,#13248,#13249)),.UNSPECIFIED.,.F.,.F.,
 .F.,(4,4),(4,2,2,4),(0.,1.),(0.052474489227028,0.128370007382863,0.734948852177815,
1.),.UNSPECIFIED.);
#33=B_SPLINE_SURFACE_WITH_KNOTS('',3,3,((#13269,#13270,#13271,#13272,#13273,
#13274,#13275,#13276),(#13277,#13278,#13279,#13280,#13281,#13282,#13283,
#13284),(#13285,#13286,#13287,#13288,#13289,#13290,#13291,#13292),(#13293,
#13294,#13295,#13296,#13297,#13298,#13299,#13300)),.UNSPECIFIED.,.F.,.F.,
 .F.,(4,4),(4,2,2,4),(0.,1.),(0.104752017616402,0.128370007382863,0.734948852177815,
1.),.UNSPECIFIED.);
#34=B_SPLINE_SURFACE_WITH_KNOTS('',3,3,((#13301,#13302,#13303,#13304,#13305,
#13306,#13307,#13308),(#13309,#13310,#13311,#13312,#13313,#13314,#13315,
#13316),(#13317,#13318,#13319,#13320,#13321,#13322,#13323,#13324),(#13325,
#13326,#13327,#13328,#13329,#13330,#13331,#13332)),.UNSPECIFIED.,.F.,.F.,
 .F.,(4,4),(4,2,2,4),(0.,1.),(0.104752017616402,0.128370007382863,0.734948852177815,
1.),.UNSPECIFIED.);
#35=B_SPLINE_SURFACE_WITH_KNOTS('',3,3,((#13344,#13345,#13346,#13347,#13348,
#13349,#13350,#13351),(#13352,#13353,#13354,#13355,#13356,#13357,#13358,
#13359),(#13360,#13361,#13362,#13363,#13364,#13365,#13366,#13367),(#13368,
#13369,#13370,#13371,#13372,#13373,#13374,#13375)),.UNSPECIFIED.,.F.,.F.,
 .F.,(4,4),(4,2,2,4),(0.,1.),(0.0524744892270282,0.128370007382863,0.734948852177815,
1.),.UNSPECIFIED.);
#36=B_SPLINE_SURFACE_WITH_KNOTS('',3,3,((#13384,#13385,#13386,#13387,#13388,
#13389,#13390,#13391),(#13392,#13393,#13394,#13395,#13396,#13397,#13398,
#13399),(#13400,#13401,#13402,#13403,#13404,#13405,#13406,#13407),(#13408,
#13409,#13410,#13411,#13412,#13413,#13414,#13415)),.UNSPECIFIED.,.F.,.F.,
 .F.,(4,4),(4,2,2,4),(0.,1.),(0.064279895324817,0.128370007382863,0.734948852177815,
1.),.UNSPECIFIED.);
#37=SHAPE_REPRESENTATION_RELATIONSHIP('SRR','None',#13447,#40);
#38=SHAPE_REPRESENTATION_RELATIONSHIP('SRR','None',#13448,#41);
#39=SHAPE_REPRESENTATION_RELATIONSHIP('SRR','None',#13449,#42);
#40=ADVANCED_BREP_SHAPE_REPRESENTATION('',(#50),#13426);
#41=ADVANCED_BREP_SHAPE_REPRESENTATION('',(#51),#13427);
#42=ADVANCED_BREP_SHAPE_REPRESENTATION('',(#52,#53),#13428);
#43=STYLED_ITEM('',(#13471),#50);
#44=STYLED_ITEM('',(#13471),#51);
#45=STYLED_ITEM('',(#13472),#52);
#46=STYLED_ITEM('',(#13474),#7383);
#47=STYLED_ITEM('',(#13474),#7403);
#48=STYLED_ITEM('',(#13474),#7408);
#49=STYLED_ITEM('',(#13473),#53);
#50=MANIFOLD_SOLID_BREP('Body3',#7409);
#51=MANIFOLD_SOLID_BREP('Body1',#7410);
#52=MANIFOLD_SOLID_BREP('Body1',#7411);
#53=MANIFOLD_SOLID_BREP('Body4',#7412);
#54=TOROIDAL_SURFACE('',#7538,4.5,0.5);
#55=TOROIDAL_SURFACE('',#7546,4.5,0.5);
#56=TOROIDAL_SURFACE('',#7797,4.5,0.5);
#57=TOROIDAL_SURFACE('',#7805,4.5,0.5);
#58=FACE_BOUND('',#797,.T.);
#59=FACE_BOUND('',#798,.T.);
#60=FACE_BOUND('',#816,.T.);
#61=FACE_BOUND('',#823,.T.);
#62=FACE_BOUND('',#824,.T.);
#63=FACE_BOUND('',#829,.T.);
#64=FACE_BOUND('',#830,.T.);
#65=FACE_BOUND('',#832,.T.);
#66=FACE_BOUND('',#834,.T.);
#67=FACE_BOUND('',#836,.T.);
#68=FACE_BOUND('',#842,.T.);
#69=FACE_BOUND('',#909,.T.);
#70=FACE_BOUND('',#910,.T.);
#71=FACE_BOUND('',#911,.T.);
#72=FACE_BOUND('',#914,.T.);
#73=FACE_BOUND('',#918,.T.);
#74=FACE_BOUND('',#922,.T.);
#75=FACE_BOUND('',#925,.T.);
#76=FACE_BOUND('',#927,.T.);
#77=FACE_BOUND('',#929,.T.);
#78=FACE_BOUND('',#939,.T.);
#79=FACE_BOUND('',#978,.T.);
#80=FACE_BOUND('',#984,.T.);
#81=FACE_BOUND('',#985,.T.);
#82=FACE_BOUND('',#992,.T.);
#83=FACE_BOUND('',#993,.T.);
#84=FACE_BOUND('',#998,.T.);
#85=FACE_BOUND('',#999,.T.);
#86=FACE_BOUND('',#1001,.T.);
#87=FACE_BOUND('',#1003,.T.);
#88=FACE_BOUND('',#1005,.T.);
#89=FACE_BOUND('',#1011,.T.);
#90=FACE_BOUND('',#1076,.T.);
#91=FACE_BOUND('',#1077,.T.);
#92=FACE_BOUND('',#1078,.T.);
#93=FACE_BOUND('',#1081,.T.);
#94=FACE_BOUND('',#1085,.T.);
#95=FACE_BOUND('',#1089,.T.);
#96=FACE_BOUND('',#1092,.T.);
#97=FACE_BOUND('',#1094,.T.);
#98=FACE_BOUND('',#1096,.T.);
#99=FACE_BOUND('',#1106,.T.);
#100=FACE_BOUND('',#1133,.T.);
#101=FACE_BOUND('',#1134,.T.);
#102=FACE_BOUND('',#1135,.T.);
#103=FACE_BOUND('',#1136,.T.);
#104=FACE_BOUND('',#1144,.T.);
#105=FACE_BOUND('',#1145,.T.);
#106=FACE_BOUND('',#1146,.T.);
#107=FACE_BOUND('',#1147,.T.);
#108=PLANE('',#7495);
#109=PLANE('',#7500);
#110=PLANE('',#7503);
#111=PLANE('',#7506);
#112=PLANE('',#7509);
#113=PLANE('',#7512);
#114=PLANE('',#7516);
#115=PLANE('',#7517);
#116=PLANE('',#7518);
#117=PLANE('',#7519);
#118=PLANE('',#7525);
#119=PLANE('',#7526);
#120=PLANE('',#7528);
#121=PLANE('',#7531);
#122=PLANE('',#7542);
#123=PLANE('',#7552);
#124=PLANE('',#7555);
#125=PLANE('',#7557);
#126=PLANE('',#7559);
#127=PLANE('',#7562);
#128=PLANE('',#7563);
#129=PLANE('',#7564);
#130=PLANE('',#7565);
#131=PLANE('',#7568);
#132=PLANE('',#7576);
#133=PLANE('',#7579);
#134=PLANE('',#7580);
#135=PLANE('',#7585);
#136=PLANE('',#7588);
#137=PLANE('',#7605);
#138=PLANE('',#7608);
#139=PLANE('',#7609);
#140=PLANE('',#7612);
#141=PLANE('',#7614);
#142=PLANE('',#7615);
#143=PLANE('',#7616);
#144=PLANE('',#7617);
#145=PLANE('',#7618);
#146=PLANE('',#7619);
#147=PLANE('',#7620);
#148=PLANE('',#7621);
#149=PLANE('',#7622);
#150=PLANE('',#7623);
#151=PLANE('',#7624);
#152=PLANE('',#7625);
#153=PLANE('',#7626);
#154=PLANE('',#7627);
#155=PLANE('',#7628);
#156=PLANE('',#7629);
#157=PLANE('',#7630);
#158=PLANE('',#7631);
#159=PLANE('',#7632);
#160=PLANE('',#7633);
#161=PLANE('',#7634);
#162=PLANE('',#7635);
#163=PLANE('',#7636);
#164=PLANE('',#7637);
#165=PLANE('',#7638);
#166=PLANE('',#7639);
#167=PLANE('',#7640);
#168=PLANE('',#7641);
#169=PLANE('',#7642);
#170=PLANE('',#7643);
#171=PLANE('',#7644);
#172=PLANE('',#7645);
#173=PLANE('',#7646);
#174=PLANE('',#7647);
#175=PLANE('',#7648);
#176=PLANE('',#7649);
#177=PLANE('',#7650);
#178=PLANE('',#7651);
#179=PLANE('',#7658);
#180=PLANE('',#7666);
#181=PLANE('',#7675);
#182=PLANE('',#7684);
#183=PLANE('',#7688);
#184=PLANE('',#7690);
#185=PLANE('',#7692);
#186=PLANE('',#7694);
#187=PLANE('',#7695);
#188=PLANE('',#7696);
#189=PLANE('',#7697);
#190=PLANE('',#7698);
#191=PLANE('',#7699);
#192=PLANE('',#7700);
#193=PLANE('',#7701);
#194=PLANE('',#7702);
#195=PLANE('',#7703);
#196=PLANE('',#7761);
#197=PLANE('',#7763);
#198=PLANE('',#7764);
#199=PLANE('',#7765);
#200=PLANE('',#7766);
#201=PLANE('',#7767);
#202=PLANE('',#7768);
#203=PLANE('',#7769);
#204=PLANE('',#7770);
#205=PLANE('',#7771);
#206=PLANE('',#7774);
#207=PLANE('',#7775);
#208=PLANE('',#7780);
#209=PLANE('',#7782);
#210=PLANE('',#7793);
#211=PLANE('',#7801);
#212=PLANE('',#7811);
#213=PLANE('',#7816);
#214=PLANE('',#7818);
#215=PLANE('',#7820);
#216=PLANE('',#7823);
#217=PLANE('',#7824);
#218=PLANE('',#7825);
#219=PLANE('',#7826);
#220=PLANE('',#7829);
#221=PLANE('',#7837);
#222=PLANE('',#7840);
#223=PLANE('',#7841);
#224=PLANE('',#7846);
#225=PLANE('',#7849);
#226=PLANE('',#7866);
#227=PLANE('',#7869);
#228=PLANE('',#7870);
#229=PLANE('',#7873);
#230=PLANE('',#7875);
#231=PLANE('',#7876);
#232=PLANE('',#7877);
#233=PLANE('',#7878);
#234=PLANE('',#7879);
#235=PLANE('',#7880);
#236=PLANE('',#7881);
#237=PLANE('',#7882);
#238=PLANE('',#7883);
#239=PLANE('',#7884);
#240=PLANE('',#7885);
#241=PLANE('',#7886);
#242=PLANE('',#7887);
#243=PLANE('',#7888);
#244=PLANE('',#7889);
#245=PLANE('',#7890);
#246=PLANE('',#7891);
#247=PLANE('',#7892);
#248=PLANE('',#7893);
#249=PLANE('',#7894);
#250=PLANE('',#7895);
#251=PLANE('',#7896);
#252=PLANE('',#7897);
#253=PLANE('',#7898);
#254=PLANE('',#7899);
#255=PLANE('',#7900);
#256=PLANE('',#7901);
#257=PLANE('',#7902);
#258=PLANE('',#7903);
#259=PLANE('',#7904);
#260=PLANE('',#7905);
#261=PLANE('',#7906);
#262=PLANE('',#7907);
#263=PLANE('',#7917);
#264=PLANE('',#7918);
#265=PLANE('',#7919);
#266=PLANE('',#7920);
#267=PLANE('',#7927);
#268=PLANE('',#7936);
#269=PLANE('',#7943);
#270=PLANE('',#7949);
#271=PLANE('',#7951);
#272=PLANE('',#7953);
#273=PLANE('',#7955);
#274=PLANE('',#7956);
#275=PLANE('',#7957);
#276=PLANE('',#7958);
#277=PLANE('',#7959);
#278=PLANE('',#7960);
#279=PLANE('',#7961);
#280=PLANE('',#7962);
#281=PLANE('',#7963);
#282=PLANE('',#7964);
#283=PLANE('',#7979);
#284=PLANE('',#7983);
#285=PLANE('',#7988);
#286=PLANE('',#7993);
#287=PLANE('',#7998);
#288=PLANE('',#8001);
#289=PLANE('',#8013);
#290=PLANE('',#8016);
#291=PLANE('',#8019);
#292=PLANE('',#8020);
#293=PLANE('',#8028);
#294=PLANE('',#8030);
#295=PLANE('',#8033);
#296=PLANE('',#8035);
#297=PLANE('',#8039);
#298=PLANE('',#8041);
#299=PLANE('',#8042);
#300=PLANE('',#8043);
#301=PLANE('',#8051);
#302=PLANE('',#8055);
#303=PLANE('',#8056);
#304=PLANE('',#8061);
#305=PLANE('',#8066);
#306=PLANE('',#8069);
#307=PLANE('',#8072);
#308=PLANE('',#8075);
#309=PLANE('',#8077);
#310=PLANE('',#8080);
#311=PLANE('',#8085);
#312=PLANE('',#8088);
#313=PLANE('',#8089);
#314=PLANE('',#8090);
#315=PLANE('',#8091);
#316=PLANE('',#8095);
#317=PLANE('',#8097);
#318=PLANE('',#8100);
#319=PLANE('',#8101);
#320=PLANE('',#8108);
#321=PLANE('',#8109);
#322=PLANE('',#8113);
#323=PLANE('',#8116);
#324=PLANE('',#8120);
#325=PLANE('',#8121);
#326=PLANE('',#8122);
#327=PLANE('',#8126);
#328=PLANE('',#8130);
#329=PLANE('',#8137);
#330=PLANE('',#8138);
#331=PLANE('',#8142);
#332=PLANE('',#8146);
#333=PLANE('',#8153);
#334=PLANE('',#8154);
#335=PLANE('',#8155);
#336=CONICAL_SURFACE('',#7491,3.85,0.785398163397451);
#337=CONICAL_SURFACE('',#7606,0.4,0.785398163397448);
#338=CONICAL_SURFACE('',#7607,0.4,0.785398163397449);
#339=CONICAL_SURFACE('',#7610,0.4,0.785398163397449);
#340=CONICAL_SURFACE('',#7611,0.4,0.785398163397448);
#341=CONICAL_SURFACE('',#7704,1.8,0.785398163397448);
#342=CONICAL_SURFACE('',#7705,1.8,0.785398163397448);
#343=CONICAL_SURFACE('',#7706,1.8,0.785398163397448);
#344=CONICAL_SURFACE('',#7707,2.4,0.785398163397451);
#345=CONICAL_SURFACE('',#7708,2.4,0.785398163397451);
#346=CONICAL_SURFACE('',#7709,2.4,0.785398163397451);
#347=CONICAL_SURFACE('',#7710,3.85,0.785398163397451);
#348=CONICAL_SURFACE('',#7711,3.85,0.785398163397451);
#349=CONICAL_SURFACE('',#7757,3.85,0.785398163397451);
#350=CONICAL_SURFACE('',#7867,0.4,0.785398163397448);
#351=CONICAL_SURFACE('',#7868,0.4,0.785398163397449);
#352=CONICAL_SURFACE('',#7871,0.4,0.785398163397449);
#353=CONICAL_SURFACE('',#7872,0.4,0.785398163397448);
#354=CONICAL_SURFACE('',#7965,1.8,0.785398163397448);
#355=CONICAL_SURFACE('',#7966,1.8,0.785398163397448);
#356=CONICAL_SURFACE('',#7967,1.8,0.785398163397448);
#357=CONICAL_SURFACE('',#7968,2.4,0.785398163397451);
#358=CONICAL_SURFACE('',#7969,2.4,0.785398163397451);
#359=CONICAL_SURFACE('',#7970,2.4,0.785398163397451);
#360=CONICAL_SURFACE('',#7971,3.85,0.785398163397451);
#361=CONICAL_SURFACE('',#7972,3.85,0.785398163397451);
#362=(
BOUNDED_SURFACE()
B_SPLINE_SURFACE(2,2,((#10412,#10413,#10414),(#10415,#10416,#10417),(#10418,
#10419,#10420)),.UNSPECIFIED.,.F.,.F.,.F.)
B_SPLINE_SURFACE_WITH_KNOTS((3,3),(3,3),(-1.33167165665568,3.24922604083658E-17),
(-3.14159265358979,-1.57079632679489),.UNSPECIFIED.)
GEOMETRIC_REPRESENTATION_ITEM()
RATIONAL_B_SPLINE_SURFACE(((1.,0.707106781186544,1.),(0.786400754811841,
0.55606930645767,0.786400754811841),(1.,0.707106781186544,1.)))
REPRESENTATION_ITEM('')
SURFACE()
);
#363=(
BOUNDED_SURFACE()
B_SPLINE_SURFACE(2,2,((#10470,#10471,#10472),(#10473,#10474,#10475),(#10476,
#10477,#10478)),.UNSPECIFIED.,.F.,.F.,.F.)
B_SPLINE_SURFACE_WITH_KNOTS((3,3),(3,3),(-1.38008519080743,4.77048955893651E-18),
(-1.57079632679491,1.61317578673475E-16),.UNSPECIFIED.)
GEOMETRIC_REPRESENTATION_ITEM()
RATIONAL_B_SPLINE_SURFACE(((1.,0.707106781186544,1.),(0.771218900739193,
0.545334114491915,0.771218900739193),(1.,0.707106781186544,1.)))
REPRESENTATION_ITEM('')
SURFACE()
);
#364=(
BOUNDED_SURFACE()
B_SPLINE_SURFACE(3,2,((#10840,#10841,#10842),(#10843,#10844,#10845),(#10846,
#10847,#10848),(#10849,#10850,#10851),(#10852,#10853,#10854)),
 .UNSPECIFIED.,.F.,.F.,.F.)
B_SPLINE_SURFACE_WITH_KNOTS((4,1,4),(3,3),(-0.00611040257303141,0.785398163397448,
1.57690672936793),(-0.00611040257303141,1.),.UNSPECIFIED.)
GEOMETRIC_REPRESENTATION_ITEM()
RATIONAL_B_SPLINE_SURFACE(((1.00334255751345,0.726486309740131,1.),(1.00334212581611,
0.726521634526834,1.),(1.0033972414907,0.72201164734275,1.),(1.00353357593975,
0.710855717154419,1.),(1.00360286703601,0.705185788256013,1.)))
REPRESENTATION_ITEM('')
SURFACE()
);
#365=(
BOUNDED_SURFACE()
B_SPLINE_SURFACE(2,2,((#11295,#11296,#11297),(#11298,#11299,#11300),(#11301,
#11302,#11303)),.UNSPECIFIED.,.F.,.F.,.F.)
B_SPLINE_SURFACE_WITH_KNOTS((3,3),(3,3),(-3.24922604083658E-17,1.33167165665567),
(-3.14159265358979,-1.57079632679489),.UNSPECIFIED.)
GEOMETRIC_REPRESENTATION_ITEM()
RATIONAL_B_SPLINE_SURFACE(((1.,0.707106781186544,1.),(0.786400754811839,
0.556069306457668,0.786400754811839),(1.,0.707106781186544,1.)))
REPRESENTATION_ITEM('')
SURFACE()
);
#366=(
BOUNDED_SURFACE()
B_SPLINE_SURFACE(2,2,((#11351,#11352,#11353),(#11354,#11355,#11356),(#11357,
#11358,#11359)),.UNSPECIFIED.,.F.,.F.,.F.)
B_SPLINE_SURFACE_WITH_KNOTS((3,3),(3,3),(-4.77048955893651E-18,1.38008519080743),
(-1.57079632679491,1.61317578673476E-16),.UNSPECIFIED.)
GEOMETRIC_REPRESENTATION_ITEM()
RATIONAL_B_SPLINE_SURFACE(((1.,0.707106781186544,1.),(0.771218900739207,
0.545334114491926,0.771218900739207),(1.,0.707106781186544,1.)))
REPRESENTATION_ITEM('')
SURFACE()
);
#367=(
BOUNDED_SURFACE()
B_SPLINE_SURFACE(3,2,((#11716,#11717,#11718),(#11719,#11720,#11721),(#11722,
#11723,#11724),(#11725,#11726,#11727),(#11728,#11729,#11730)),
 .UNSPECIFIED.,.F.,.F.,.F.)
B_SPLINE_SURFACE_WITH_KNOTS((4,1,4),(3,3),(-0.00611040257303141,0.785398163397448,
1.57690672936793),(-0.00611040257303141,1.),.UNSPECIFIED.)
GEOMETRIC_REPRESENTATION_ITEM()
RATIONAL_B_SPLINE_SURFACE(((1.00334255751345,0.726486309740131,1.),(1.00334212581611,
0.726521634526834,1.),(1.0033972414907,0.72201164734275,1.),(1.00353357593975,
0.710855717154419,1.),(1.00360286703601,0.705185788256013,1.)))
REPRESENTATION_ITEM('')
SURFACE()
);
#368=(
BOUNDED_SURFACE()
B_SPLINE_SURFACE(1,2,((#12684,#12685,#12686,#12687,#12688),(#12689,#12690,
#12691,#12692,#12693)),.UNSPECIFIED.,.F.,.F.,.F.)
B_SPLINE_SURFACE_WITH_KNOTS((2,2),(3,2,3),(-1.10116207845855,543.42426257067),
(-1.57079295434011,-0.392693203876525,0.785406546587055),.UNSPECIFIED.)
GEOMETRIC_REPRESENTATION_ITEM()
RATIONAL_B_SPLINE_SURFACE(((1.,0.831468916348116,1.,0.831468916348116,1.),
(1.,0.831468916348116,1.,0.831468916348116,1.)))
REPRESENTATION_ITEM('')
SURFACE()
);
#369=(
BOUNDED_SURFACE()
B_SPLINE_SURFACE(1,2,((#12990,#12991,#12992,#12993,#12994),(#12995,#12996,
#12997,#12998,#12999)),.UNSPECIFIED.,.F.,.F.,.F.)
B_SPLINE_SURFACE_WITH_KNOTS((2,2),(3,2,3),(-1.1011676408182,340.347266738259),
(-1.57080101203339,-0.39269934328219,0.78540232546901),.UNSPECIFIED.)
GEOMETRIC_REPRESENTATION_ITEM()
RATIONAL_B_SPLINE_SURFACE(((1.,0.831468383474984,1.,0.831468383474984,1.),
(1.,0.831468383474984,1.,0.831468383474984,1.)))
REPRESENTATION_ITEM('')
SURFACE()
);
#370=SPHERICAL_SURFACE('',#7457,3.);
#371=SPHERICAL_SURFACE('',#7461,3.);
#372=SPHERICAL_SURFACE('',#7723,3.);
#373=SPHERICAL_SURFACE('',#7727,3.);
#374=FACE_OUTER_BOUND('',#779,.T.);
#375=FACE_OUTER_BOUND('',#780,.T.);
#376=FACE_OUTER_BOUND('',#781,.T.);
#377=FACE_OUTER_BOUND('',#782,.T.);
#378=FACE_OUTER_BOUND('',#783,.T.);
#379=FACE_OUTER_BOUND('',#784,.T.);
#380=FACE_OUTER_BOUND('',#785,.T.);
#381=FACE_OUTER_BOUND('',#786,.T.);
#382=FACE_OUTER_BOUND('',#787,.T.);
#383=FACE_OUTER_BOUND('',#788,.T.);
#384=FACE_OUTER_BOUND('',#789,.T.);
#385=FACE_OUTER_BOUND('',#790,.T.);
#386=FACE_OUTER_BOUND('',#791,.T.);
#387=FACE_OUTER_BOUND('',#792,.T.);
#388=FACE_OUTER_BOUND('',#793,.T.);
#389=FACE_OUTER_BOUND('',#794,.T.);
#390=FACE_OUTER_BOUND('',#795,.T.);
#391=FACE_OUTER_BOUND('',#796,.T.);
#392=FACE_OUTER_BOUND('',#799,.T.);
#393=FACE_OUTER_BOUND('',#800,.T.);
#394=FACE_OUTER_BOUND('',#801,.T.);
#395=FACE_OUTER_BOUND('',#802,.T.);
#396=FACE_OUTER_BOUND('',#803,.T.);
#397=FACE_OUTER_BOUND('',#804,.T.);
#398=FACE_OUTER_BOUND('',#805,.T.);
#399=FACE_OUTER_BOUND('',#806,.T.);
#400=FACE_OUTER_BOUND('',#807,.T.);
#401=FACE_OUTER_BOUND('',#808,.T.);
#402=FACE_OUTER_BOUND('',#809,.T.);
#403=FACE_OUTER_BOUND('',#810,.T.);
#404=FACE_OUTER_BOUND('',#811,.T.);
#405=FACE_OUTER_BOUND('',#812,.T.);
#406=FACE_OUTER_BOUND('',#813,.T.);
#407=FACE_OUTER_BOUND('',#814,.T.);
#408=FACE_OUTER_BOUND('',#815,.T.);
#409=FACE_OUTER_BOUND('',#817,.T.);
#410=FACE_OUTER_BOUND('',#818,.T.);
#411=FACE_OUTER_BOUND('',#819,.T.);
#412=FACE_OUTER_BOUND('',#820,.T.);
#413=FACE_OUTER_BOUND('',#821,.T.);
#414=FACE_OUTER_BOUND('',#822,.T.);
#415=FACE_OUTER_BOUND('',#825,.T.);
#416=FACE_OUTER_BOUND('',#826,.T.);
#417=FACE_OUTER_BOUND('',#827,.T.);
#418=FACE_OUTER_BOUND('',#828,.T.);
#419=FACE_OUTER_BOUND('',#831,.T.);
#420=FACE_OUTER_BOUND('',#833,.T.);
#421=FACE_OUTER_BOUND('',#835,.T.);
#422=FACE_OUTER_BOUND('',#837,.T.);
#423=FACE_OUTER_BOUND('',#838,.T.);
#424=FACE_OUTER_BOUND('',#839,.T.);
#425=FACE_OUTER_BOUND('',#840,.T.);
#426=FACE_OUTER_BOUND('',#841,.T.);
#427=FACE_OUTER_BOUND('',#843,.T.);
#428=FACE_OUTER_BOUND('',#844,.T.);
#429=FACE_OUTER_BOUND('',#845,.T.);
#430=FACE_OUTER_BOUND('',#846,.T.);
#431=FACE_OUTER_BOUND('',#847,.T.);
#432=FACE_OUTER_BOUND('',#848,.T.);
#433=FACE_OUTER_BOUND('',#849,.T.);
#434=FACE_OUTER_BOUND('',#850,.T.);
#435=FACE_OUTER_BOUND('',#851,.T.);
#436=FACE_OUTER_BOUND('',#852,.T.);
#437=FACE_OUTER_BOUND('',#853,.T.);
#438=FACE_OUTER_BOUND('',#854,.T.);
#439=FACE_OUTER_BOUND('',#855,.T.);
#440=FACE_OUTER_BOUND('',#856,.T.);
#441=FACE_OUTER_BOUND('',#857,.T.);
#442=FACE_OUTER_BOUND('',#858,.T.);
#443=FACE_OUTER_BOUND('',#859,.T.);
#444=FACE_OUTER_BOUND('',#860,.T.);
#445=FACE_OUTER_BOUND('',#861,.T.);
#446=FACE_OUTER_BOUND('',#862,.T.);
#447=FACE_OUTER_BOUND('',#863,.T.);
#448=FACE_OUTER_BOUND('',#864,.T.);
#449=FACE_OUTER_BOUND('',#865,.T.);
#450=FACE_OUTER_BOUND('',#866,.T.);
#451=FACE_OUTER_BOUND('',#867,.T.);
#452=FACE_OUTER_BOUND('',#868,.T.);
#453=FACE_OUTER_BOUND('',#869,.T.);
#454=FACE_OUTER_BOUND('',#870,.T.);
#455=FACE_OUTER_BOUND('',#871,.T.);
#456=FACE_OUTER_BOUND('',#872,.T.);
#457=FACE_OUTER_BOUND('',#873,.T.);
#458=FACE_OUTER_BOUND('',#874,.T.);
#459=FACE_OUTER_BOUND('',#875,.T.);
#460=FACE_OUTER_BOUND('',#876,.T.);
#461=FACE_OUTER_BOUND('',#877,.T.);
#462=FACE_OUTER_BOUND('',#878,.T.);
#463=FACE_OUTER_BOUND('',#879,.T.);
#464=FACE_OUTER_BOUND('',#880,.T.);
#465=FACE_OUTER_BOUND('',#881,.T.);
#466=FACE_OUTER_BOUND('',#882,.T.);
#467=FACE_OUTER_BOUND('',#883,.T.);
#468=FACE_OUTER_BOUND('',#884,.T.);
#469=FACE_OUTER_BOUND('',#885,.T.);
#470=FACE_OUTER_BOUND('',#886,.T.);
#471=FACE_OUTER_BOUND('',#887,.T.);
#472=FACE_OUTER_BOUND('',#888,.T.);
#473=FACE_OUTER_BOUND('',#889,.T.);
#474=FACE_OUTER_BOUND('',#890,.T.);
#475=FACE_OUTER_BOUND('',#891,.T.);
#476=FACE_OUTER_BOUND('',#892,.T.);
#477=FACE_OUTER_BOUND('',#893,.T.);
#478=FACE_OUTER_BOUND('',#894,.T.);
#479=FACE_OUTER_BOUND('',#895,.T.);
#480=FACE_OUTER_BOUND('',#896,.T.);
#481=FACE_OUTER_BOUND('',#897,.T.);
#482=FACE_OUTER_BOUND('',#898,.T.);
#483=FACE_OUTER_BOUND('',#899,.T.);
#484=FACE_OUTER_BOUND('',#900,.T.);
#485=FACE_OUTER_BOUND('',#901,.T.);
#486=FACE_OUTER_BOUND('',#902,.T.);
#487=FACE_OUTER_BOUND('',#903,.T.);
#488=FACE_OUTER_BOUND('',#904,.T.);
#489=FACE_OUTER_BOUND('',#905,.T.);
#490=FACE_OUTER_BOUND('',#906,.T.);
#491=FACE_OUTER_BOUND('',#907,.T.);
#492=FACE_OUTER_BOUND('',#908,.T.);
#493=FACE_OUTER_BOUND('',#912,.T.);
#494=FACE_OUTER_BOUND('',#913,.T.);
#495=FACE_OUTER_BOUND('',#915,.T.);
#496=FACE_OUTER_BOUND('',#916,.T.);
#497=FACE_OUTER_BOUND('',#917,.T.);
#498=FACE_OUTER_BOUND('',#919,.T.);
#499=FACE_OUTER_BOUND('',#920,.T.);
#500=FACE_OUTER_BOUND('',#921,.T.);
#501=FACE_OUTER_BOUND('',#923,.T.);
#502=FACE_OUTER_BOUND('',#924,.T.);
#503=FACE_OUTER_BOUND('',#926,.T.);
#504=FACE_OUTER_BOUND('',#928,.T.);
#505=FACE_OUTER_BOUND('',#930,.T.);
#506=FACE_OUTER_BOUND('',#931,.T.);
#507=FACE_OUTER_BOUND('',#932,.T.);
#508=FACE_OUTER_BOUND('',#933,.T.);
#509=FACE_OUTER_BOUND('',#934,.T.);
#510=FACE_OUTER_BOUND('',#935,.T.);
#511=FACE_OUTER_BOUND('',#936,.T.);
#512=FACE_OUTER_BOUND('',#937,.T.);
#513=FACE_OUTER_BOUND('',#938,.T.);
#514=FACE_OUTER_BOUND('',#940,.T.);
#515=FACE_OUTER_BOUND('',#941,.T.);
#516=FACE_OUTER_BOUND('',#942,.T.);
#517=FACE_OUTER_BOUND('',#943,.T.);
#518=FACE_OUTER_BOUND('',#944,.T.);
#519=FACE_OUTER_BOUND('',#945,.T.);
#520=FACE_OUTER_BOUND('',#946,.T.);
#521=FACE_OUTER_BOUND('',#947,.T.);
#522=FACE_OUTER_BOUND('',#948,.T.);
#523=FACE_OUTER_BOUND('',#949,.T.);
#524=FACE_OUTER_BOUND('',#950,.T.);
#525=FACE_OUTER_BOUND('',#951,.T.);
#526=FACE_OUTER_BOUND('',#952,.T.);
#527=FACE_OUTER_BOUND('',#953,.T.);
#528=FACE_OUTER_BOUND('',#954,.T.);
#529=FACE_OUTER_BOUND('',#955,.T.);
#530=FACE_OUTER_BOUND('',#956,.T.);
#531=FACE_OUTER_BOUND('',#957,.T.);
#532=FACE_OUTER_BOUND('',#958,.T.);
#533=FACE_OUTER_BOUND('',#959,.T.);
#534=FACE_OUTER_BOUND('',#960,.T.);
#535=FACE_OUTER_BOUND('',#961,.T.);
#536=FACE_OUTER_BOUND('',#962,.T.);
#537=FACE_OUTER_BOUND('',#963,.T.);
#538=FACE_OUTER_BOUND('',#964,.T.);
#539=FACE_OUTER_BOUND('',#965,.T.);
#540=FACE_OUTER_BOUND('',#966,.T.);
#541=FACE_OUTER_BOUND('',#967,.T.);
#542=FACE_OUTER_BOUND('',#968,.T.);
#543=FACE_OUTER_BOUND('',#969,.T.);
#544=FACE_OUTER_BOUND('',#970,.T.);
#545=FACE_OUTER_BOUND('',#971,.T.);
#546=FACE_OUTER_BOUND('',#972,.T.);
#547=FACE_OUTER_BOUND('',#973,.T.);
#548=FACE_OUTER_BOUND('',#974,.T.);
#549=FACE_OUTER_BOUND('',#975,.T.);
#550=FACE_OUTER_BOUND('',#976,.T.);
#551=FACE_OUTER_BOUND('',#977,.T.);
#552=FACE_OUTER_BOUND('',#979,.T.);
#553=FACE_OUTER_BOUND('',#980,.T.);
#554=FACE_OUTER_BOUND('',#981,.T.);
#555=FACE_OUTER_BOUND('',#982,.T.);
#556=FACE_OUTER_BOUND('',#983,.T.);
#557=FACE_OUTER_BOUND('',#986,.T.);
#558=FACE_OUTER_BOUND('',#987,.T.);
#559=FACE_OUTER_BOUND('',#988,.T.);
#560=FACE_OUTER_BOUND('',#989,.T.);
#561=FACE_OUTER_BOUND('',#990,.T.);
#562=FACE_OUTER_BOUND('',#991,.T.);
#563=FACE_OUTER_BOUND('',#994,.T.);
#564=FACE_OUTER_BOUND('',#995,.T.);
#565=FACE_OUTER_BOUND('',#996,.T.);
#566=FACE_OUTER_BOUND('',#997,.T.);
#567=FACE_OUTER_BOUND('',#1000,.T.);
#568=FACE_OUTER_BOUND('',#1002,.T.);
#569=FACE_OUTER_BOUND('',#1004,.T.);
#570=FACE_OUTER_BOUND('',#1006,.T.);
#571=FACE_OUTER_BOUND('',#1007,.T.);
#572=FACE_OUTER_BOUND('',#1008,.T.);
#573=FACE_OUTER_BOUND('',#1009,.T.);
#574=FACE_OUTER_BOUND('',#1010,.T.);
#575=FACE_OUTER_BOUND('',#1012,.T.);
#576=FACE_OUTER_BOUND('',#1013,.T.);
#577=FACE_OUTER_BOUND('',#1014,.T.);
#578=FACE_OUTER_BOUND('',#1015,.T.);
#579=FACE_OUTER_BOUND('',#1016,.T.);
#580=FACE_OUTER_BOUND('',#1017,.T.);
#581=FACE_OUTER_BOUND('',#1018,.T.);
#582=FACE_OUTER_BOUND('',#1019,.T.);
#583=FACE_OUTER_BOUND('',#1020,.T.);
#584=FACE_OUTER_BOUND('',#1021,.T.);
#585=FACE_OUTER_BOUND('',#1022,.T.);
#586=FACE_OUTER_BOUND('',#1023,.T.);
#587=FACE_OUTER_BOUND('',#1024,.T.);
#588=FACE_OUTER_BOUND('',#1025,.T.);
#589=FACE_OUTER_BOUND('',#1026,.T.);
#590=FACE_OUTER_BOUND('',#1027,.T.);
#591=FACE_OUTER_BOUND('',#1028,.T.);
#592=FACE_OUTER_BOUND('',#1029,.T.);
#593=FACE_OUTER_BOUND('',#1030,.T.);
#594=FACE_OUTER_BOUND('',#1031,.T.);
#595=FACE_OUTER_BOUND('',#1032,.T.);
#596=FACE_OUTER_BOUND('',#1033,.T.);
#597=FACE_OUTER_BOUND('',#1034,.T.);
#598=FACE_OUTER_BOUND('',#1035,.T.);
#599=FACE_OUTER_BOUND('',#1036,.T.);
#600=FACE_OUTER_BOUND('',#1037,.T.);
#601=FACE_OUTER_BOUND('',#1038,.T.);
#602=FACE_OUTER_BOUND('',#1039,.T.);
#603=FACE_OUTER_BOUND('',#1040,.T.);
#604=FACE_OUTER_BOUND('',#1041,.T.);
#605=FACE_OUTER_BOUND('',#1042,.T.);
#606=FACE_OUTER_BOUND('',#1043,.T.);
#607=FACE_OUTER_BOUND('',#1044,.T.);
#608=FACE_OUTER_BOUND('',#1045,.T.);
#609=FACE_OUTER_BOUND('',#1046,.T.);
#610=FACE_OUTER_BOUND('',#1047,.T.);
#611=FACE_OUTER_BOUND('',#1048,.T.);
#612=FACE_OUTER_BOUND('',#1049,.T.);
#613=FACE_OUTER_BOUND('',#1050,.T.);
#614=FACE_OUTER_BOUND('',#1051,.T.);
#615=FACE_OUTER_BOUND('',#1052,.T.);
#616=FACE_OUTER_BOUND('',#1053,.T.);
#617=FACE_OUTER_BOUND('',#1054,.T.);
#618=FACE_OUTER_BOUND('',#1055,.T.);
#619=FACE_OUTER_BOUND('',#1056,.T.);
#620=FACE_OUTER_BOUND('',#1057,.T.);
#621=FACE_OUTER_BOUND('',#1058,.T.);
#622=FACE_OUTER_BOUND('',#1059,.T.);
#623=FACE_OUTER_BOUND('',#1060,.T.);
#624=FACE_OUTER_BOUND('',#1061,.T.);
#625=FACE_OUTER_BOUND('',#1062,.T.);
#626=FACE_OUTER_BOUND('',#1063,.T.);
#627=FACE_OUTER_BOUND('',#1064,.T.);
#628=FACE_OUTER_BOUND('',#1065,.T.);
#629=FACE_OUTER_BOUND('',#1066,.T.);
#630=FACE_OUTER_BOUND('',#1067,.T.);
#631=FACE_OUTER_BOUND('',#1068,.T.);
#632=FACE_OUTER_BOUND('',#1069,.T.);
#633=FACE_OUTER_BOUND('',#1070,.T.);
#634=FACE_OUTER_BOUND('',#1071,.T.);
#635=FACE_OUTER_BOUND('',#1072,.T.);
#636=FACE_OUTER_BOUND('',#1073,.T.);
#637=FACE_OUTER_BOUND('',#1074,.T.);
#638=FACE_OUTER_BOUND('',#1075,.T.);
#639=FACE_OUTER_BOUND('',#1079,.T.);
#640=FACE_OUTER_BOUND('',#1080,.T.);
#641=FACE_OUTER_BOUND('',#1082,.T.);
#642=FACE_OUTER_BOUND('',#1083,.T.);
#643=FACE_OUTER_BOUND('',#1084,.T.);
#644=FACE_OUTER_BOUND('',#1086,.T.);
#645=FACE_OUTER_BOUND('',#1087,.T.);
#646=FACE_OUTER_BOUND('',#1088,.T.);
#647=FACE_OUTER_BOUND('',#1090,.T.);
#648=FACE_OUTER_BOUND('',#1091,.T.);
#649=FACE_OUTER_BOUND('',#1093,.T.);
#650=FACE_OUTER_BOUND('',#1095,.T.);
#651=FACE_OUTER_BOUND('',#1097,.T.);
#652=FACE_OUTER_BOUND('',#1098,.T.);
#653=FACE_OUTER_BOUND('',#1099,.T.);
#654=FACE_OUTER_BOUND('',#1100,.T.);
#655=FACE_OUTER_BOUND('',#1101,.T.);
#656=FACE_OUTER_BOUND('',#1102,.T.);
#657=FACE_OUTER_BOUND('',#1103,.T.);
#658=FACE_OUTER_BOUND('',#1104,.T.);
#659=FACE_OUTER_BOUND('',#1105,.T.);
#660=FACE_OUTER_BOUND('',#1107,.T.);
#661=FACE_OUTER_BOUND('',#1108,.T.);
#662=FACE_OUTER_BOUND('',#1109,.T.);
#663=FACE_OUTER_BOUND('',#1110,.T.);
#664=FACE_OUTER_BOUND('',#1111,.T.);
#665=FACE_OUTER_BOUND('',#1112,.T.);
#666=FACE_OUTER_BOUND('',#1113,.T.);
#667=FACE_OUTER_BOUND('',#1114,.T.);
#668=FACE_OUTER_BOUND('',#1115,.T.);
#669=FACE_OUTER_BOUND('',#1116,.T.);
#670=FACE_OUTER_BOUND('',#1117,.T.);
#671=FACE_OUTER_BOUND('',#1118,.T.);
#672=FACE_OUTER_BOUND('',#1119,.T.);
#673=FACE_OUTER_BOUND('',#1120,.T.);
#674=FACE_OUTER_BOUND('',#1121,.T.);
#675=FACE_OUTER_BOUND('',#1122,.T.);
#676=FACE_OUTER_BOUND('',#1123,.T.);
#677=FACE_OUTER_BOUND('',#1124,.T.);
#678=FACE_OUTER_BOUND('',#1125,.T.);
#679=FACE_OUTER_BOUND('',#1126,.T.);
#680=FACE_OUTER_BOUND('',#1127,.T.);
#681=FACE_OUTER_BOUND('',#1128,.T.);
#682=FACE_OUTER_BOUND('',#1129,.T.);
#683=FACE_OUTER_BOUND('',#1130,.T.);
#684=FACE_OUTER_BOUND('',#1131,.T.);
#685=FACE_OUTER_BOUND('',#1132,.T.);
#686=FACE_OUTER_BOUND('',#1137,.T.);
#687=FACE_OUTER_BOUND('',#1138,.T.);
#688=FACE_OUTER_BOUND('',#1139,.T.);
#689=FACE_OUTER_BOUND('',#1140,.T.);
#690=FACE_OUTER_BOUND('',#1141,.T.);
#691=FACE_OUTER_BOUND('',#1142,.T.);
#692=FACE_OUTER_BOUND('',#1143,.T.);
#693=FACE_OUTER_BOUND('',#1148,.T.);
#694=FACE_OUTER_BOUND('',#1149,.T.);
#695=FACE_OUTER_BOUND('',#1150,.T.);
#696=FACE_OUTER_BOUND('',#1151,.T.);
#697=FACE_OUTER_BOUND('',#1152,.T.);
#698=FACE_OUTER_BOUND('',#1153,.T.);
#699=FACE_OUTER_BOUND('',#1154,.T.);
#700=FACE_OUTER_BOUND('',#1155,.T.);
#701=FACE_OUTER_BOUND('',#1156,.T.);
#702=FACE_OUTER_BOUND('',#1157,.T.);
#703=FACE_OUTER_BOUND('',#1158,.T.);
#704=FACE_OUTER_BOUND('',#1159,.T.);
#705=FACE_OUTER_BOUND('',#1160,.T.);
#706=FACE_OUTER_BOUND('',#1161,.T.);
#707=FACE_OUTER_BOUND('',#1162,.T.);
#708=FACE_OUTER_BOUND('',#1163,.T.);
#709=FACE_OUTER_BOUND('',#1164,.T.);
#710=FACE_OUTER_BOUND('',#1165,.T.);
#711=FACE_OUTER_BOUND('',#1166,.T.);
#712=FACE_OUTER_BOUND('',#1167,.T.);
#713=FACE_OUTER_BOUND('',#1168,.T.);
#714=FACE_OUTER_BOUND('',#1169,.T.);
#715=FACE_OUTER_BOUND('',#1170,.T.);
#716=FACE_OUTER_BOUND('',#1171,.T.);
#717=FACE_OUTER_BOUND('',#1172,.T.);
#718=FACE_OUTER_BOUND('',#1173,.T.);
#719=FACE_OUTER_BOUND('',#1174,.T.);
#720=FACE_OUTER_BOUND('',#1175,.T.);
#721=FACE_OUTER_BOUND('',#1176,.T.);
#722=FACE_OUTER_BOUND('',#1177,.T.);
#723=FACE_OUTER_BOUND('',#1178,.T.);
#724=FACE_OUTER_BOUND('',#1179,.T.);
#725=FACE_OUTER_BOUND('',#1180,.T.);
#726=FACE_OUTER_BOUND('',#1181,.T.);
#727=FACE_OUTER_BOUND('',#1182,.T.);
#728=FACE_OUTER_BOUND('',#1183,.T.);
#729=FACE_OUTER_BOUND('',#1184,.T.);
#730=FACE_OUTER_BOUND('',#1185,.T.);
#731=FACE_OUTER_BOUND('',#1186,.T.);
#732=FACE_OUTER_BOUND('',#1187,.T.);
#733=FACE_OUTER_BOUND('',#1188,.T.);
#734=FACE_OUTER_BOUND('',#1189,.T.);
#735=FACE_OUTER_BOUND('',#1190,.T.);
#736=FACE_OUTER_BOUND('',#1191,.T.);
#737=FACE_OUTER_BOUND('',#1192,.T.);
#738=FACE_OUTER_BOUND('',#1193,.T.);
#739=FACE_OUTER_BOUND('',#1194,.T.);
#740=FACE_OUTER_BOUND('',#1195,.T.);
#741=FACE_OUTER_BOUND('',#1196,.T.);
#742=FACE_OUTER_BOUND('',#1197,.T.);
#743=FACE_OUTER_BOUND('',#1198,.T.);
#744=FACE_OUTER_BOUND('',#1199,.T.);
#745=FACE_OUTER_BOUND('',#1200,.T.);
#746=FACE_OUTER_BOUND('',#1201,.T.);
#747=FACE_OUTER_BOUND('',#1202,.T.);
#748=FACE_OUTER_BOUND('',#1203,.T.);
#749=FACE_OUTER_BOUND('',#1204,.T.);
#750=FACE_OUTER_BOUND('',#1205,.T.);
#751=FACE_OUTER_BOUND('',#1206,.T.);
#752=FACE_OUTER_BOUND('',#1207,.T.);
#753=FACE_OUTER_BOUND('',#1208,.T.);
#754=FACE_OUTER_BOUND('',#1209,.T.);
#755=FACE_OUTER_BOUND('',#1210,.T.);
#756=FACE_OUTER_BOUND('',#1211,.T.);
#757=FACE_OUTER_BOUND('',#1212,.T.);
#758=FACE_OUTER_BOUND('',#1213,.T.);
#759=FACE_OUTER_BOUND('',#1214,.T.);
#760=FACE_OUTER_BOUND('',#1215,.T.);
#761=FACE_OUTER_BOUND('',#1216,.T.);
#762=FACE_OUTER_BOUND('',#1217,.T.);
#763=FACE_OUTER_BOUND('',#1218,.T.);
#764=FACE_OUTER_BOUND('',#1219,.T.);
#765=FACE_OUTER_BOUND('',#1220,.T.);
#766=FACE_OUTER_BOUND('',#1221,.T.);
#767=FACE_OUTER_BOUND('',#1222,.T.);
#768=FACE_OUTER_BOUND('',#1223,.T.);
#769=FACE_OUTER_BOUND('',#1224,.T.);
#770=FACE_OUTER_BOUND('',#1225,.T.);
#771=FACE_OUTER_BOUND('',#1226,.T.);
#772=FACE_OUTER_BOUND('',#1227,.T.);
#773=FACE_OUTER_BOUND('',#1228,.T.);
#774=FACE_OUTER_BOUND('',#1229,.T.);
#775=FACE_OUTER_BOUND('',#1230,.T.);
#776=FACE_OUTER_BOUND('',#1231,.T.);
#777=FACE_OUTER_BOUND('',#1232,.T.);
#778=FACE_OUTER_BOUND('',#1233,.T.);
#779=EDGE_LOOP('',(#4741,#4742,#4743,#4744,#4745));
#780=EDGE_LOOP('',(#4746,#4747,#4748,#4749));
#781=EDGE_LOOP('',(#4750,#4751,#4752,#4753));
#782=EDGE_LOOP('',(#4754,#4755,#4756));
#783=EDGE_LOOP('',(#4757,#4758,#4759));
#784=EDGE_LOOP('',(#4760,#4761,#4762,#4763,#4764,#4765,#4766));
#785=EDGE_LOOP('',(#4767,#4768,#4769,#4770,#4771));
#786=EDGE_LOOP('',(#4772,#4773,#4774,#4775));
#787=EDGE_LOOP('',(#4776,#4777,#4778,#4779,#4780));
#788=EDGE_LOOP('',(#4781,#4782,#4783,#4784,#4785,#4786,#4787,#4788));
#789=EDGE_LOOP('',(#4789,#4790,#4791,#4792,#4793));
#790=EDGE_LOOP('',(#4794,#4795,#4796,#4797));
#791=EDGE_LOOP('',(#4798,#4799,#4800,#4801,#4802));
#792=EDGE_LOOP('',(#4803,#4804,#4805,#4806,#4807));
#793=EDGE_LOOP('',(#4808,#4809,#4810,#4811,#4812));
#794=EDGE_LOOP('',(#4813,#4814,#4815,#4816,#4817));
#795=EDGE_LOOP('',(#4818,#4819,#4820,#4821,#4822,#4823,#4824,#4825,#4826));
#796=EDGE_LOOP('',(#4827,#4828,#4829,#4830,#4831,#4832,#4833,#4834,#4835,
#4836,#4837,#4838,#4839,#4840));
#797=EDGE_LOOP('',(#4841));
#798=EDGE_LOOP('',(#4842,#4843,#4844,#4845));
#799=EDGE_LOOP('',(#4846,#4847,#4848,#4849,#4850));
#800=EDGE_LOOP('',(#4851,#4852,#4853,#4854));
#801=EDGE_LOOP('',(#4855,#4856,#4857,#4858,#4859));
#802=EDGE_LOOP('',(#4860,#4861,#4862,#4863));
#803=EDGE_LOOP('',(#4864,#4865,#4866,#4867,#4868,#4869,#4870,#4871,#4872,
#4873));
#804=EDGE_LOOP('',(#4874,#4875,#4876,#4877));
#805=EDGE_LOOP('',(#4878,#4879,#4880,#4881,#4882));
#806=EDGE_LOOP('',(#4883,#4884,#4885,#4886));
#807=EDGE_LOOP('',(#4887,#4888,#4889,#4890,#4891,#4892,#4893,#4894,#4895));
#808=EDGE_LOOP('',(#4896,#4897,#4898,#4899,#4900));
#809=EDGE_LOOP('',(#4901,#4902,#4903,#4904,#4905));
#810=EDGE_LOOP('',(#4906,#4907,#4908,#4909,#4910));
#811=EDGE_LOOP('',(#4911,#4912,#4913,#4914,#4915,#4916,#4917,#4918));
#812=EDGE_LOOP('',(#4919,#4920,#4921,#4922));
#813=EDGE_LOOP('',(#4923,#4924,#4925,#4926,#4927,#4928,#4929,#4930));
#814=EDGE_LOOP('',(#4931,#4932,#4933,#4934,#4935));
#815=EDGE_LOOP('',(#4936,#4937,#4938,#4939,#4940,#4941,#4942,#4943,#4944,
#4945,#4946,#4947,#4948,#4949,#4950,#4951,#4952,#4953,#4954,#4955,#4956,
#4957));
#816=EDGE_LOOP('',(#4958,#4959,#4960,#4961,#4962,#4963));
#817=EDGE_LOOP('',(#4964,#4965,#4966,#4967,#4968));
#818=EDGE_LOOP('',(#4969,#4970,#4971,#4972));
#819=EDGE_LOOP('',(#4973,#4974,#4975,#4976));
#820=EDGE_LOOP('',(#4977,#4978,#4979,#4980));
#821=EDGE_LOOP('',(#4981,#4982,#4983,#4984));
#822=EDGE_LOOP('',(#4985,#4986,#4987,#4988,#4989,#4990,#4991,#4992));
#823=EDGE_LOOP('',(#4993));
#824=EDGE_LOOP('',(#4994));
#825=EDGE_LOOP('',(#4995,#4996,#4997,#4998));
#826=EDGE_LOOP('',(#4999,#5000,#5001,#5002,#5003));
#827=EDGE_LOOP('',(#5004,#5005,#5006,#5007,#5008));
#828=EDGE_LOOP('',(#5009,#5010,#5011,#5012,#5013,#5014,#5015));
#829=EDGE_LOOP('',(#5016));
#830=EDGE_LOOP('',(#5017));
#831=EDGE_LOOP('',(#5018));
#832=EDGE_LOOP('',(#5019));
#833=EDGE_LOOP('',(#5020));
#834=EDGE_LOOP('',(#5021));
#835=EDGE_LOOP('',(#5022,#5023,#5024,#5025,#5026));
#836=EDGE_LOOP('',(#5027));
#837=EDGE_LOOP('',(#5028,#5029,#5030,#5031));
#838=EDGE_LOOP('',(#5032,#5033,#5034,#5035));
#839=EDGE_LOOP('',(#5036,#5037,#5038,#5039));
#840=EDGE_LOOP('',(#5040,#5041,#5042,#5043,#5044,#5045));
#841=EDGE_LOOP('',(#5046,#5047,#5048,#5049,#5050,#5051,#5052,#5053,#5054,
#5055,#5056));
#842=EDGE_LOOP('',(#5057,#5058,#5059,#5060,#5061,#5062));
#843=EDGE_LOOP('',(#5063,#5064,#5065,#5066,#5067));
#844=EDGE_LOOP('',(#5068,#5069,#5070,#5071,#5072,#5073));
#845=EDGE_LOOP('',(#5074,#5075,#5076,#5077,#5078,#5079));
#846=EDGE_LOOP('',(#5080,#5081,#5082,#5083));
#847=EDGE_LOOP('',(#5084,#5085,#5086,#5087,#5088,#5089,#5090,#5091));
#848=EDGE_LOOP('',(#5092,#5093,#5094,#5095,#5096));
#849=EDGE_LOOP('',(#5097,#5098,#5099,#5100,#5101));
#850=EDGE_LOOP('',(#5102,#5103,#5104,#5105,#5106));
#851=EDGE_LOOP('',(#5107,#5108,#5109,#5110,#5111));
#852=EDGE_LOOP('',(#5112,#5113,#5114,#5115,#5116));
#853=EDGE_LOOP('',(#5117,#5118,#5119,#5120,#5121));
#854=EDGE_LOOP('',(#5122,#5123,#5124,#5125,#5126));
#855=EDGE_LOOP('',(#5127,#5128,#5129,#5130));
#856=EDGE_LOOP('',(#5131,#5132,#5133,#5134));
#857=EDGE_LOOP('',(#5135,#5136,#5137,#5138));
#858=EDGE_LOOP('',(#5139,#5140,#5141,#5142));
#859=EDGE_LOOP('',(#5143,#5144,#5145,#5146));
#860=EDGE_LOOP('',(#5147,#5148,#5149,#5150));
#861=EDGE_LOOP('',(#5151,#5152,#5153,#5154));
#862=EDGE_LOOP('',(#5155,#5156,#5157,#5158));
#863=EDGE_LOOP('',(#5159,#5160,#5161,#5162));
#864=EDGE_LOOP('',(#5163,#5164,#5165,#5166));
#865=EDGE_LOOP('',(#5167,#5168,#5169,#5170));
#866=EDGE_LOOP('',(#5171,#5172,#5173,#5174));
#867=EDGE_LOOP('',(#5175,#5176,#5177,#5178,#5179,#5180));
#868=EDGE_LOOP('',(#5181,#5182,#5183,#5184));
#869=EDGE_LOOP('',(#5185,#5186,#5187,#5188,#5189,#5190,#5191,#5192));
#870=EDGE_LOOP('',(#5193,#5194,#5195,#5196));
#871=EDGE_LOOP('',(#5197,#5198,#5199,#5200));
#872=EDGE_LOOP('',(#5201,#5202,#5203,#5204));
#873=EDGE_LOOP('',(#5205,#5206,#5207,#5208));
#874=EDGE_LOOP('',(#5209,#5210,#5211,#5212));
#875=EDGE_LOOP('',(#5213,#5214,#5215,#5216));
#876=EDGE_LOOP('',(#5217,#5218,#5219,#5220));
#877=EDGE_LOOP('',(#5221,#5222,#5223,#5224));
#878=EDGE_LOOP('',(#5225,#5226,#5227,#5228));
#879=EDGE_LOOP('',(#5229,#5230,#5231,#5232));
#880=EDGE_LOOP('',(#5233,#5234,#5235,#5236,#5237));
#881=EDGE_LOOP('',(#5238,#5239,#5240,#5241,#5242));
#882=EDGE_LOOP('',(#5243,#5244,#5245,#5246,#5247));
#883=EDGE_LOOP('',(#5248,#5249,#5250,#5251));
#884=EDGE_LOOP('',(#5252,#5253,#5254,#5255));
#885=EDGE_LOOP('',(#5256,#5257,#5258,#5259));
#886=EDGE_LOOP('',(#5260,#5261,#5262,#5263));
#887=EDGE_LOOP('',(#5264,#5265,#5266,#5267));
#888=EDGE_LOOP('',(#5268,#5269,#5270,#5271));
#889=EDGE_LOOP('',(#5272,#5273,#5274,#5275,#5276));
#890=EDGE_LOOP('',(#5277,#5278,#5279,#5280));
#891=EDGE_LOOP('',(#5281,#5282,#5283,#5284));
#892=EDGE_LOOP('',(#5285,#5286,#5287,#5288,#5289));
#893=EDGE_LOOP('',(#5290,#5291,#5292,#5293));
#894=EDGE_LOOP('',(#5294,#5295,#5296,#5297));
#895=EDGE_LOOP('',(#5298,#5299,#5300,#5301));
#896=EDGE_LOOP('',(#5302,#5303,#5304,#5305));
#897=EDGE_LOOP('',(#5306,#5307,#5308,#5309));
#898=EDGE_LOOP('',(#5310,#5311,#5312,#5313));
#899=EDGE_LOOP('',(#5314,#5315,#5316,#5317));
#900=EDGE_LOOP('',(#5318,#5319,#5320,#5321));
#901=EDGE_LOOP('',(#5322,#5323,#5324,#5325));
#902=EDGE_LOOP('',(#5326,#5327,#5328,#5329));
#903=EDGE_LOOP('',(#5330,#5331,#5332,#5333));
#904=EDGE_LOOP('',(#5334,#5335,#5336,#5337));
#905=EDGE_LOOP('',(#5338,#5339,#5340,#5341));
#906=EDGE_LOOP('',(#5342,#5343,#5344,#5345));
#907=EDGE_LOOP('',(#5346,#5347,#5348,#5349));
#908=EDGE_LOOP('',(#5350,#5351,#5352,#5353,#5354,#5355,#5356,#5357));
#909=EDGE_LOOP('',(#5358));
#910=EDGE_LOOP('',(#5359));
#911=EDGE_LOOP('',(#5360));
#912=EDGE_LOOP('',(#5361,#5362,#5363,#5364,#5365));
#913=EDGE_LOOP('',(#5366));
#914=EDGE_LOOP('',(#5367));
#915=EDGE_LOOP('',(#5368,#5369,#5370,#5371,#5372));
#916=EDGE_LOOP('',(#5373,#5374,#5375,#5376,#5377));
#917=EDGE_LOOP('',(#5378));
#918=EDGE_LOOP('',(#5379));
#919=EDGE_LOOP('',(#5380,#5381,#5382,#5383,#5384));
#920=EDGE_LOOP('',(#5385,#5386,#5387,#5388,#5389));
#921=EDGE_LOOP('',(#5390));
#922=EDGE_LOOP('',(#5391));
#923=EDGE_LOOP('',(#5392,#5393,#5394,#5395,#5396));
#924=EDGE_LOOP('',(#5397,#5398,#5399,#5400,#5401,#5402));
#925=EDGE_LOOP('',(#5403));
#926=EDGE_LOOP('',(#5404,#5405,#5406,#5407,#5408,#5409));
#927=EDGE_LOOP('',(#5410));
#928=EDGE_LOOP('',(#5411,#5412,#5413,#5414,#5415,#5416));
#929=EDGE_LOOP('',(#5417));
#930=EDGE_LOOP('',(#5418,#5419,#5420,#5421));
#931=EDGE_LOOP('',(#5422,#5423,#5424,#5425));
#932=EDGE_LOOP('',(#5426,#5427,#5428,#5429));
#933=EDGE_LOOP('',(#5430,#5431,#5432,#5433));
#934=EDGE_LOOP('',(#5434,#5435,#5436,#5437));
#935=EDGE_LOOP('',(#5438,#5439,#5440,#5441));
#936=EDGE_LOOP('',(#5442,#5443,#5444,#5445));
#937=EDGE_LOOP('',(#5446,#5447,#5448,#5449));
#938=EDGE_LOOP('',(#5450,#5451,#5452,#5453));
#939=EDGE_LOOP('',(#5454,#5455,#5456,#5457));
#940=EDGE_LOOP('',(#5458,#5459,#5460,#5461));
#941=EDGE_LOOP('',(#5462,#5463,#5464,#5465));
#942=EDGE_LOOP('',(#5466,#5467,#5468,#5469));
#943=EDGE_LOOP('',(#5470,#5471,#5472,#5473));
#944=EDGE_LOOP('',(#5474,#5475,#5476,#5477,#5478));
#945=EDGE_LOOP('',(#5479,#5480,#5481,#5482,#5483));
#946=EDGE_LOOP('',(#5484,#5485,#5486,#5487,#5488));
#947=EDGE_LOOP('',(#5489,#5490,#5491,#5492,#5493));
#948=EDGE_LOOP('',(#5494,#5495,#5496,#5497,#5498,#5499,#5500));
#949=EDGE_LOOP('',(#5501,#5502,#5503,#5504));
#950=EDGE_LOOP('',(#5505,#5506,#5507,#5508));
#951=EDGE_LOOP('',(#5509,#5510,#5511,#5512,#5513));
#952=EDGE_LOOP('',(#5514,#5515,#5516,#5517));
#953=EDGE_LOOP('',(#5518,#5519,#5520,#5521));
#954=EDGE_LOOP('',(#5522,#5523,#5524));
#955=EDGE_LOOP('',(#5525,#5526,#5527));
#956=EDGE_LOOP('',(#5528,#5529,#5530,#5531,#5532));
#957=EDGE_LOOP('',(#5533,#5534,#5535,#5536,#5537,#5538,#5539));
#958=EDGE_LOOP('',(#5540,#5541,#5542,#5543));
#959=EDGE_LOOP('',(#5544,#5545,#5546,#5547,#5548,#5549,#5550,#5551));
#960=EDGE_LOOP('',(#5552,#5553,#5554,#5555,#5556));
#961=EDGE_LOOP('',(#5557,#5558,#5559,#5560,#5561));
#962=EDGE_LOOP('',(#5562,#5563,#5564,#5565));
#963=EDGE_LOOP('',(#5566,#5567,#5568,#5569,#5570));
#964=EDGE_LOOP('',(#5571,#5572,#5573,#5574,#5575));
#965=EDGE_LOOP('',(#5576,#5577,#5578,#5579,#5580));
#966=EDGE_LOOP('',(#5581,#5582,#5583,#5584,#5585));
#967=EDGE_LOOP('',(#5586,#5587,#5588,#5589,#5590,#5591,#5592));
#968=EDGE_LOOP('',(#5593,#5594,#5595,#5596,#5597,#5598,#5599,#5600));
#969=EDGE_LOOP('',(#5601,#5602,#5603,#5604,#5605));
#970=EDGE_LOOP('',(#5606,#5607,#5608,#5609,#5610));
#971=EDGE_LOOP('',(#5611,#5612,#5613,#5614,#5615));
#972=EDGE_LOOP('',(#5616,#5617,#5618,#5619,#5620));
#973=EDGE_LOOP('',(#5621,#5622,#5623,#5624));
#974=EDGE_LOOP('',(#5625,#5626,#5627,#5628,#5629));
#975=EDGE_LOOP('',(#5630,#5631,#5632,#5633,#5634));
#976=EDGE_LOOP('',(#5635,#5636,#5637,#5638,#5639));
#977=EDGE_LOOP('',(#5640,#5641,#5642,#5643,#5644,#5645,#5646,#5647,#5648,
#5649,#5650,#5651,#5652,#5653,#5654,#5655,#5656,#5657,#5658,#5659,#5660));
#978=EDGE_LOOP('',(#5661,#5662,#5663,#5664,#5665,#5666));
#979=EDGE_LOOP('',(#5667,#5668,#5669,#5670,#5671));
#980=EDGE_LOOP('',(#5672,#5673,#5674,#5675,#5676,#5677,#5678,#5679));
#981=EDGE_LOOP('',(#5680,#5681,#5682,#5683));
#982=EDGE_LOOP('',(#5684,#5685,#5686,#5687,#5688));
#983=EDGE_LOOP('',(#5689,#5690,#5691,#5692,#5693,#5694,#5695,#5696,#5697,
#5698,#5699,#5700,#5701,#5702,#5703));
#984=EDGE_LOOP('',(#5704,#5705,#5706,#5707));
#985=EDGE_LOOP('',(#5708));
#986=EDGE_LOOP('',(#5709,#5710,#5711,#5712));
#987=EDGE_LOOP('',(#5713,#5714,#5715,#5716));
#988=EDGE_LOOP('',(#5717,#5718,#5719,#5720,#5721,#5722,#5723,#5724,#5725));
#989=EDGE_LOOP('',(#5726,#5727,#5728,#5729));
#990=EDGE_LOOP('',(#5730,#5731,#5732,#5733));
#991=EDGE_LOOP('',(#5734,#5735,#5736,#5737,#5738,#5739,#5740,#5741));
#992=EDGE_LOOP('',(#5742));
#993=EDGE_LOOP('',(#5743));
#994=EDGE_LOOP('',(#5744,#5745,#5746,#5747));
#995=EDGE_LOOP('',(#5748,#5749,#5750,#5751,#5752));
#996=EDGE_LOOP('',(#5753,#5754,#5755,#5756,#5757));
#997=EDGE_LOOP('',(#5758,#5759,#5760,#5761,#5762,#5763,#5764));
#998=EDGE_LOOP('',(#5765));
#999=EDGE_LOOP('',(#5766));
#1000=EDGE_LOOP('',(#5767));
#1001=EDGE_LOOP('',(#5768));
#1002=EDGE_LOOP('',(#5769));
#1003=EDGE_LOOP('',(#5770));
#1004=EDGE_LOOP('',(#5771,#5772,#5773,#5774,#5775));
#1005=EDGE_LOOP('',(#5776));
#1006=EDGE_LOOP('',(#5777,#5778,#5779,#5780));
#1007=EDGE_LOOP('',(#5781,#5782,#5783,#5784));
#1008=EDGE_LOOP('',(#5785,#5786,#5787,#5788));
#1009=EDGE_LOOP('',(#5789,#5790,#5791,#5792,#5793,#5794));
#1010=EDGE_LOOP('',(#5795,#5796,#5797,#5798,#5799,#5800,#5801,#5802,#5803,
#5804,#5805));
#1011=EDGE_LOOP('',(#5806,#5807,#5808,#5809,#5810,#5811));
#1012=EDGE_LOOP('',(#5812,#5813,#5814,#5815,#5816));
#1013=EDGE_LOOP('',(#5817,#5818,#5819,#5820,#5821,#5822));
#1014=EDGE_LOOP('',(#5823,#5824,#5825,#5826,#5827,#5828));
#1015=EDGE_LOOP('',(#5829,#5830,#5831,#5832));
#1016=EDGE_LOOP('',(#5833,#5834,#5835,#5836,#5837,#5838,#5839,#5840));
#1017=EDGE_LOOP('',(#5841,#5842,#5843,#5844,#5845));
#1018=EDGE_LOOP('',(#5846,#5847,#5848,#5849,#5850));
#1019=EDGE_LOOP('',(#5851,#5852,#5853,#5854,#5855));
#1020=EDGE_LOOP('',(#5856,#5857,#5858,#5859,#5860));
#1021=EDGE_LOOP('',(#5861,#5862,#5863,#5864,#5865));
#1022=EDGE_LOOP('',(#5866,#5867,#5868,#5869,#5870));
#1023=EDGE_LOOP('',(#5871,#5872,#5873,#5874,#5875));
#1024=EDGE_LOOP('',(#5876,#5877,#5878,#5879));
#1025=EDGE_LOOP('',(#5880,#5881,#5882,#5883));
#1026=EDGE_LOOP('',(#5884,#5885,#5886,#5887));
#1027=EDGE_LOOP('',(#5888,#5889,#5890,#5891));
#1028=EDGE_LOOP('',(#5892,#5893,#5894,#5895));
#1029=EDGE_LOOP('',(#5896,#5897,#5898,#5899));
#1030=EDGE_LOOP('',(#5900,#5901,#5902,#5903));
#1031=EDGE_LOOP('',(#5904,#5905,#5906,#5907));
#1032=EDGE_LOOP('',(#5908,#5909,#5910,#5911));
#1033=EDGE_LOOP('',(#5912,#5913,#5914,#5915));
#1034=EDGE_LOOP('',(#5916,#5917,#5918,#5919));
#1035=EDGE_LOOP('',(#5920,#5921,#5922,#5923));
#1036=EDGE_LOOP('',(#5924,#5925,#5926,#5927,#5928,#5929));
#1037=EDGE_LOOP('',(#5930,#5931,#5932,#5933));
#1038=EDGE_LOOP('',(#5934,#5935,#5936,#5937,#5938,#5939,#5940,#5941));
#1039=EDGE_LOOP('',(#5942,#5943,#5944,#5945));
#1040=EDGE_LOOP('',(#5946,#5947,#5948,#5949));
#1041=EDGE_LOOP('',(#5950,#5951,#5952,#5953));
#1042=EDGE_LOOP('',(#5954,#5955,#5956,#5957));
#1043=EDGE_LOOP('',(#5958,#5959,#5960,#5961));
#1044=EDGE_LOOP('',(#5962,#5963,#5964,#5965));
#1045=EDGE_LOOP('',(#5966,#5967,#5968,#5969));
#1046=EDGE_LOOP('',(#5970,#5971,#5972,#5973));
#1047=EDGE_LOOP('',(#5974,#5975,#5976,#5977));
#1048=EDGE_LOOP('',(#5978,#5979,#5980,#5981));
#1049=EDGE_LOOP('',(#5982,#5983,#5984,#5985,#5986));
#1050=EDGE_LOOP('',(#5987,#5988,#5989,#5990));
#1051=EDGE_LOOP('',(#5991,#5992,#5993,#5994));
#1052=EDGE_LOOP('',(#5995,#5996,#5997,#5998));
#1053=EDGE_LOOP('',(#5999,#6000,#6001,#6002));
#1054=EDGE_LOOP('',(#6003,#6004,#6005,#6006));
#1055=EDGE_LOOP('',(#6007,#6008,#6009,#6010));
#1056=EDGE_LOOP('',(#6011,#6012,#6013,#6014));
#1057=EDGE_LOOP('',(#6015,#6016,#6017,#6018));
#1058=EDGE_LOOP('',(#6019,#6020,#6021,#6022));
#1059=EDGE_LOOP('',(#6023,#6024,#6025,#6026));
#1060=EDGE_LOOP('',(#6027,#6028,#6029,#6030));
#1061=EDGE_LOOP('',(#6031,#6032,#6033,#6034));
#1062=EDGE_LOOP('',(#6035,#6036,#6037,#6038));
#1063=EDGE_LOOP('',(#6039,#6040,#6041,#6042));
#1064=EDGE_LOOP('',(#6043,#6044,#6045,#6046));
#1065=EDGE_LOOP('',(#6047,#6048,#6049,#6050));
#1066=EDGE_LOOP('',(#6051,#6052,#6053,#6054));
#1067=EDGE_LOOP('',(#6055,#6056,#6057,#6058));
#1068=EDGE_LOOP('',(#6059,#6060,#6061,#6062));
#1069=EDGE_LOOP('',(#6063,#6064,#6065,#6066));
#1070=EDGE_LOOP('',(#6067,#6068,#6069,#6070));
#1071=EDGE_LOOP('',(#6071,#6072,#6073,#6074));
#1072=EDGE_LOOP('',(#6075,#6076,#6077,#6078,#6079));
#1073=EDGE_LOOP('',(#6080,#6081,#6082,#6083,#6084));
#1074=EDGE_LOOP('',(#6085,#6086,#6087,#6088,#6089));
#1075=EDGE_LOOP('',(#6090,#6091,#6092,#6093,#6094,#6095,#6096,#6097));
#1076=EDGE_LOOP('',(#6098));
#1077=EDGE_LOOP('',(#6099));
#1078=EDGE_LOOP('',(#6100));
#1079=EDGE_LOOP('',(#6101,#6102,#6103,#6104,#6105));
#1080=EDGE_LOOP('',(#6106));
#1081=EDGE_LOOP('',(#6107));
#1082=EDGE_LOOP('',(#6108,#6109,#6110,#6111,#6112));
#1083=EDGE_LOOP('',(#6113,#6114,#6115,#6116,#6117));
#1084=EDGE_LOOP('',(#6118));
#1085=EDGE_LOOP('',(#6119));
#1086=EDGE_LOOP('',(#6120,#6121,#6122,#6123,#6124));
#1087=EDGE_LOOP('',(#6125,#6126,#6127,#6128,#6129));
#1088=EDGE_LOOP('',(#6130));
#1089=EDGE_LOOP('',(#6131));
#1090=EDGE_LOOP('',(#6132,#6133,#6134,#6135,#6136));
#1091=EDGE_LOOP('',(#6137,#6138,#6139,#6140,#6141,#6142));
#1092=EDGE_LOOP('',(#6143));
#1093=EDGE_LOOP('',(#6144,#6145,#6146,#6147,#6148,#6149));
#1094=EDGE_LOOP('',(#6150));
#1095=EDGE_LOOP('',(#6151,#6152,#6153,#6154,#6155,#6156));
#1096=EDGE_LOOP('',(#6157));
#1097=EDGE_LOOP('',(#6158,#6159,#6160,#6161));
#1098=EDGE_LOOP('',(#6162,#6163,#6164,#6165));
#1099=EDGE_LOOP('',(#6166,#6167,#6168,#6169));
#1100=EDGE_LOOP('',(#6170,#6171,#6172,#6173));
#1101=EDGE_LOOP('',(#6174,#6175,#6176,#6177));
#1102=EDGE_LOOP('',(#6178,#6179,#6180,#6181));
#1103=EDGE_LOOP('',(#6182,#6183,#6184,#6185));
#1104=EDGE_LOOP('',(#6186,#6187,#6188,#6189));
#1105=EDGE_LOOP('',(#6190,#6191,#6192,#6193));
#1106=EDGE_LOOP('',(#6194,#6195,#6196,#6197));
#1107=EDGE_LOOP('',(#6198,#6199,#6200,#6201));
#1108=EDGE_LOOP('',(#6202,#6203,#6204,#6205));
#1109=EDGE_LOOP('',(#6206,#6207,#6208,#6209));
#1110=EDGE_LOOP('',(#6210,#6211,#6212,#6213));
#1111=EDGE_LOOP('',(#6214,#6215,#6216,#6217,#6218));
#1112=EDGE_LOOP('',(#6219,#6220,#6221,#6222,#6223));
#1113=EDGE_LOOP('',(#6224,#6225,#6226,#6227,#6228));
#1114=EDGE_LOOP('',(#6229,#6230,#6231,#6232,#6233));
#1115=EDGE_LOOP('',(#6234,#6235,#6236,#6237,#6238,#6239,#6240,#6241,#6242));
#1116=EDGE_LOOP('',(#6243,#6244,#6245,#6246));
#1117=EDGE_LOOP('',(#6247,#6248,#6249,#6250));
#1118=EDGE_LOOP('',(#6251,#6252,#6253,#6254));
#1119=EDGE_LOOP('',(#6255,#6256,#6257,#6258));
#1120=EDGE_LOOP('',(#6259,#6260,#6261,#6262));
#1121=EDGE_LOOP('',(#6263,#6264,#6265,#6266));
#1122=EDGE_LOOP('',(#6267,#6268,#6269,#6270,#6271,#6272,#6273,#6274,#6275,
#6276));
#1123=EDGE_LOOP('',(#6277,#6278,#6279,#6280,#6281));
#1124=EDGE_LOOP('',(#6282,#6283,#6284,#6285,#6286,#6287));
#1125=EDGE_LOOP('',(#6288,#6289,#6290,#6291,#6292,#6293));
#1126=EDGE_LOOP('',(#6294,#6295,#6296,#6297,#6298,#6299));
#1127=EDGE_LOOP('',(#6300,#6301,#6302,#6303));
#1128=EDGE_LOOP('',(#6304,#6305,#6306,#6307,#6308));
#1129=EDGE_LOOP('',(#6309,#6310,#6311,#6312));
#1130=EDGE_LOOP('',(#6313,#6314,#6315,#6316,#6317));
#1131=EDGE_LOOP('',(#6318,#6319,#6320,#6321,#6322));
#1132=EDGE_LOOP('',(#6323,#6324,#6325,#6326,#6327,#6328,#6329,#6330,#6331,
#6332));
#1133=EDGE_LOOP('',(#6333));
#1134=EDGE_LOOP('',(#6334));
#1135=EDGE_LOOP('',(#6335));
#1136=EDGE_LOOP('',(#6336,#6337,#6338,#6339,#6340,#6341));
#1137=EDGE_LOOP('',(#6342,#6343,#6344,#6345));
#1138=EDGE_LOOP('',(#6346,#6347,#6348,#6349));
#1139=EDGE_LOOP('',(#6350,#6351,#6352,#6353));
#1140=EDGE_LOOP('',(#6354,#6355,#6356,#6357));
#1141=EDGE_LOOP('',(#6358,#6359,#6360,#6361));
#1142=EDGE_LOOP('',(#6362,#6363,#6364,#6365));
#1143=EDGE_LOOP('',(#6366,#6367,#6368,#6369,#6370,#6371,#6372,#6373,#6374,
#6375));
#1144=EDGE_LOOP('',(#6376,#6377,#6378,#6379,#6380,#6381));
#1145=EDGE_LOOP('',(#6382));
#1146=EDGE_LOOP('',(#6383));
#1147=EDGE_LOOP('',(#6384));
#1148=EDGE_LOOP('',(#6385,#6386,#6387,#6388));
#1149=EDGE_LOOP('',(#6389,#6390,#6391,#6392));
#1150=EDGE_LOOP('',(#6393,#6394,#6395,#6396));
#1151=EDGE_LOOP('',(#6397,#6398,#6399,#6400,#6401,#6402));
#1152=EDGE_LOOP('',(#6403,#6404,#6405,#6406));
#1153=EDGE_LOOP('',(#6407,#6408,#6409,#6410,#6411,#6412,#6413,#6414));
#1154=EDGE_LOOP('',(#6415,#6416,#6417,#6418,#6419,#6420,#6421,#6422));
#1155=EDGE_LOOP('',(#6423,#6424,#6425,#6426));
#1156=EDGE_LOOP('',(#6427,#6428,#6429,#6430));
#1157=EDGE_LOOP('',(#6431,#6432,#6433,#6434,#6435,#6436,#6437,#6438,#6439,
#6440));
#1158=EDGE_LOOP('',(#6441,#6442,#6443,#6444,#6445,#6446,#6447,#6448));
#1159=EDGE_LOOP('',(#6449,#6450,#6451,#6452));
#1160=EDGE_LOOP('',(#6453,#6454,#6455,#6456,#6457,#6458,#6459,#6460,#6461,
#6462,#6463,#6464,#6465,#6466));
#1161=EDGE_LOOP('',(#6467,#6468,#6469,#6470));
#1162=EDGE_LOOP('',(#6471,#6472,#6473,#6474,#6475,#6476,#6477,#6478,#6479,
#6480));
#1163=EDGE_LOOP('',(#6481,#6482,#6483,#6484,#6485,#6486,#6487,#6488));
#1164=EDGE_LOOP('',(#6489,#6490,#6491,#6492,#6493));
#1165=EDGE_LOOP('',(#6494,#6495,#6496,#6497));
#1166=EDGE_LOOP('',(#6498,#6499,#6500,#6501,#6502));
#1167=EDGE_LOOP('',(#6503,#6504,#6505,#6506));
#1168=EDGE_LOOP('',(#6507,#6508,#6509,#6510,#6511,#6512,#6513,#6514));
#1169=EDGE_LOOP('',(#6515,#6516,#6517,#6518));
#1170=EDGE_LOOP('',(#6519,#6520,#6521,#6522,#6523));
#1171=EDGE_LOOP('',(#6524,#6525,#6526,#6527));
#1172=EDGE_LOOP('',(#6528,#6529,#6530,#6531));
#1173=EDGE_LOOP('',(#6532,#6533,#6534,#6535,#6536,#6537));
#1174=EDGE_LOOP('',(#6538,#6539,#6540,#6541,#6542,#6543));
#1175=EDGE_LOOP('',(#6544,#6545,#6546,#6547,#6548));
#1176=EDGE_LOOP('',(#6549,#6550,#6551,#6552));
#1177=EDGE_LOOP('',(#6553,#6554,#6555,#6556));
#1178=EDGE_LOOP('',(#6557,#6558,#6559,#6560));
#1179=EDGE_LOOP('',(#6561,#6562,#6563,#6564));
#1180=EDGE_LOOP('',(#6565,#6566,#6567,#6568,#6569));
#1181=EDGE_LOOP('',(#6570,#6571,#6572,#6573));
#1182=EDGE_LOOP('',(#6574,#6575,#6576,#6577));
#1183=EDGE_LOOP('',(#6578,#6579,#6580,#6581));
#1184=EDGE_LOOP('',(#6582,#6583,#6584,#6585));
#1185=EDGE_LOOP('',(#6586,#6587,#6588,#6589));
#1186=EDGE_LOOP('',(#6590,#6591,#6592,#6593));
#1187=EDGE_LOOP('',(#6594,#6595,#6596,#6597,#6598,#6599,#6600,#6601,#6602,
#6603,#6604,#6605,#6606,#6607,#6608,#6609,#6610,#6611,#6612,#6613,#6614,
#6615,#6616,#6617,#6618,#6619,#6620,#6621));
#1188=EDGE_LOOP('',(#6622,#6623,#6624,#6625));
#1189=EDGE_LOOP('',(#6626,#6627,#6628,#6629));
#1190=EDGE_LOOP('',(#6630,#6631,#6632,#6633,#6634));
#1191=EDGE_LOOP('',(#6635,#6636,#6637,#6638,#6639));
#1192=EDGE_LOOP('',(#6640,#6641,#6642,#6643,#6644));
#1193=EDGE_LOOP('',(#6645,#6646,#6647,#6648,#6649,#6650,#6651,#6652,#6653,
#6654));
#1194=EDGE_LOOP('',(#6655,#6656,#6657,#6658));
#1195=EDGE_LOOP('',(#6659,#6660,#6661,#6662));
#1196=EDGE_LOOP('',(#6663,#6664,#6665,#6666));
#1197=EDGE_LOOP('',(#6667,#6668,#6669,#6670,#6671,#6672));
#1198=EDGE_LOOP('',(#6673,#6674,#6675,#6676,#6677,#6678));
#1199=EDGE_LOOP('',(#6679,#6680,#6681,#6682));
#1200=EDGE_LOOP('',(#6683,#6684,#6685,#6686));
#1201=EDGE_LOOP('',(#6687,#6688,#6689,#6690,#6691));
#1202=EDGE_LOOP('',(#6692,#6693,#6694,#6695,#6696,#6697));
#1203=EDGE_LOOP('',(#6698,#6699,#6700,#6701));
#1204=EDGE_LOOP('',(#6702,#6703,#6704,#6705));
#1205=EDGE_LOOP('',(#6706,#6707,#6708,#6709));
#1206=EDGE_LOOP('',(#6710,#6711,#6712,#6713,#6714));
#1207=EDGE_LOOP('',(#6715,#6716,#6717,#6718));
#1208=EDGE_LOOP('',(#6719,#6720,#6721,#6722,#6723,#6724,#6725,#6726,#6727,
#6728,#6729,#6730));
#1209=EDGE_LOOP('',(#6731,#6732,#6733,#6734,#6735,#6736,#6737,#6738));
#1210=EDGE_LOOP('',(#6739,#6740,#6741,#6742,#6743,#6744,#6745,#6746));
#1211=EDGE_LOOP('',(#6747,#6748,#6749,#6750));
#1212=EDGE_LOOP('',(#6751,#6752,#6753,#6754));
#1213=EDGE_LOOP('',(#6755,#6756,#6757,#6758));
#1214=EDGE_LOOP('',(#6759,#6760,#6761,#6762));
#1215=EDGE_LOOP('',(#6763,#6764,#6765,#6766));
#1216=EDGE_LOOP('',(#6767,#6768,#6769,#6770));
#1217=EDGE_LOOP('',(#6771,#6772,#6773,#6774));
#1218=EDGE_LOOP('',(#6775,#6776,#6777,#6778,#6779,#6780,#6781,#6782));
#1219=EDGE_LOOP('',(#6783,#6784,#6785,#6786));
#1220=EDGE_LOOP('',(#6787,#6788,#6789,#6790));
#1221=EDGE_LOOP('',(#6791,#6792,#6793,#6794));
#1222=EDGE_LOOP('',(#6795,#6796,#6797,#6798));
#1223=EDGE_LOOP('',(#6799,#6800,#6801,#6802));
#1224=EDGE_LOOP('',(#6803,#6804,#6805,#6806));
#1225=EDGE_LOOP('',(#6807,#6808,#6809,#6810));
#1226=EDGE_LOOP('',(#6811,#6812,#6813,#6814,#6815,#6816,#6817,#6818));
#1227=EDGE_LOOP('',(#6819,#6820,#6821,#6822,#6823,#6824,#6825,#6826,#6827,
#6828,#6829,#6830,#6831,#6832,#6833,#6834,#6835,#6836,#6837,#6838,#6839,
#6840,#6841,#6842,#6843,#6844,#6845,#6846,#6847,#6848));
#1228=EDGE_LOOP('',(#6849,#6850,#6851,#6852));
#1229=EDGE_LOOP('',(#6853,#6854,#6855,#6856,#6857,#6858));
#1230=EDGE_LOOP('',(#6859,#6860,#6861,#6862,#6863));
#1231=EDGE_LOOP('',(#6864,#6865,#6866,#6867,#6868));
#1232=EDGE_LOOP('',(#6869,#6870,#6871,#6872,#6873,#6874));
#1233=EDGE_LOOP('',(#6875,#6876,#6877,#6878));
#1234=B_SPLINE_CURVE_WITH_KNOTS('',3,(#10287,#10288,#10289,#10290,#10291,
#10292,#10293,#10294),.UNSPECIFIED.,.F.,.F.,(4,2,2,4),(0.,0.176229648110987,
0.352459296221973,0.421205748969031),.UNSPECIFIED.);
#1235=B_SPLINE_CURVE_WITH_KNOTS('',3,(#10297,#10298,#10299,#10300,#10301,
#10302,#10303,#10304,#10305,#10306,#10307,#10308,#10309),.UNSPECIFIED.,
 .F.,.F.,(4,2,3,2,2,4),(-0.1528558145387,-0.139402452789817,0.,0.15084598745804,
0.30169197491608,0.332812500725642),.UNSPECIFIED.);
#1236=B_SPLINE_CURVE_WITH_KNOTS('',3,(#10339,#10340,#10341,#10342,#10343,
#10344,#10345,#10346),.UNSPECIFIED.,.F.,.F.,(4,2,2,4),(-0.362104026301439,
-0.299910920840199,-0.1499554604201,0.),.UNSPECIFIED.);
#1237=B_SPLINE_CURVE_WITH_KNOTS('',3,(#10354,#10355,#10356,#10357,#10358,
#10359,#10360,#10361,#10362,#10363),.UNSPECIFIED.,.F.,.F.,(4,2,2,2,4),(0.,
0.136248738469393,0.272497476938786,0.345509897992002,0.359938080948505),
 .UNSPECIFIED.);
#1238=B_SPLINE_CURVE_WITH_KNOTS('',3,(#10396,#10397,#10398,#10399,#10400,
#10401,#10402,#10403),.UNSPECIFIED.,.F.,.F.,(4,2,2,4),(-0.303665109762258,
-0.283487752823845,-0.141743876411923,0.),.UNSPECIFIED.);
#1239=B_SPLINE_CURVE_WITH_KNOTS('',3,(#10408,#10409,#10410,#10411),
 .UNSPECIFIED.,.F.,.F.,(4,4),(0.,0.128426794091024),.UNSPECIFIED.);
#1240=B_SPLINE_CURVE_WITH_KNOTS('',3,(#10421,#10422,#10423,#10424,#10425,
#10426,#10427,#10428,#10429,#10430,#10431,#10432,#10433,#10434),
 .UNSPECIFIED.,.F.,.F.,(4,2,2,2,2,2,4),(0.216909061360277,0.223365510078446,
0.30961145395091,0.359198823349385,0.401435022214852,0.452064565546898,
0.504818497251789),.UNSPECIFIED.);
#1241=B_SPLINE_CURVE_WITH_KNOTS('',3,(#10447,#10448,#10449,#10450,#10451,
#10452,#10453,#10454),.UNSPECIFIED.,.F.,.F.,(4,2,2,4),(1.68102942094838,
1.74977587369544,1.92600552180642,2.10223516991741),.UNSPECIFIED.);
#1242=B_SPLINE_CURVE_WITH_KNOTS('',3,(#10480,#10481,#10482,#10483,#10484,
#10485,#10486),.UNSPECIFIED.,.F.,.F.,(4,3,4),(-0.118653756160914,0.,0.0827799168872957),
 .UNSPECIFIED.);
#1243=B_SPLINE_CURVE_WITH_KNOTS('',3,(#10488,#10489,#10490,#10491),
 .UNSPECIFIED.,.F.,.F.,(4,4),(0.,0.0614435057793394),.UNSPECIFIED.);
#1244=B_SPLINE_CURVE_WITH_KNOTS('',3,(#10826,#10827,#10828,#10829,#10830,
#10831),.UNSPECIFIED.,.F.,.F.,(4,2,4),(-0.167661352745968,-0.0946366173880146,
0.),.UNSPECIFIED.);
#1245=B_SPLINE_CURVE_WITH_KNOTS('',3,(#11165,#11166,#11167,#11168,#11169,
#11170,#11171,#11172),.UNSPECIFIED.,.F.,.F.,(4,2,2,4),(1.68102942094838,
1.74977587369544,1.92600552180642,2.10223516991741),.UNSPECIFIED.);
#1246=B_SPLINE_CURVE_WITH_KNOTS('',3,(#11182,#11183,#11184,#11185,#11186,
#11187,#11188,#11189,#11190,#11191,#11192,#11193,#11194),.UNSPECIFIED.,
 .F.,.F.,(4,2,2,3,2,4),(-0.33281250072564,-0.301691974916082,-0.150845987458041,
0.,0.139402452789817,0.1528558145387),.UNSPECIFIED.);
#1247=B_SPLINE_CURVE_WITH_KNOTS('',3,(#11232,#11233,#11234,#11235,#11236,
#11237,#11238,#11239),.UNSPECIFIED.,.F.,.F.,(4,2,2,4),(-0.362104026301438,
-0.299910920840199,-0.1499554604201,0.),.UNSPECIFIED.);
#1248=B_SPLINE_CURVE_WITH_KNOTS('',3,(#11247,#11248,#11249,#11250,#11251,
#11252,#11253,#11254),.UNSPECIFIED.,.F.,.F.,(4,2,2,4),(0.,0.1499554604201,
0.299910920840199,0.362104026301439),.UNSPECIFIED.);
#1249=B_SPLINE_CURVE_WITH_KNOTS('',3,(#11280,#11281,#11282,#11283),
 .UNSPECIFIED.,.F.,.F.,(4,4),(-0.128426794091023,0.),.UNSPECIFIED.);
#1250=B_SPLINE_CURVE_WITH_KNOTS('',3,(#11287,#11288,#11289,#11290,#11291,
#11292,#11293,#11294),.UNSPECIFIED.,.F.,.F.,(4,2,2,4),(0.,0.141743876411923,
0.283487752823845,0.303665109762258),.UNSPECIFIED.);
#1251=B_SPLINE_CURVE_WITH_KNOTS('',3,(#11304,#11305,#11306,#11307,#11308,
#11309,#11310,#11311,#11312,#11313,#11314,#11315),.UNSPECIFIED.,.F.,.F.,
(4,2,2,2,2,4),(0.25329402503073,0.309611453950955,0.359198823349427,0.401435022214867,
0.452064565546884,0.541260770486409),.UNSPECIFIED.);
#1252=B_SPLINE_CURVE_WITH_KNOTS('',3,(#11335,#11336,#11337,#11338,#11339,
#11340,#11341,#11342),.UNSPECIFIED.,.F.,.F.,(4,2,2,4),(0.,0.176229648110987,
0.352459296221973,0.42120574896903),.UNSPECIFIED.);
#1253=B_SPLINE_CURVE_WITH_KNOTS('',3,(#11361,#11362,#11363,#11364),
 .UNSPECIFIED.,.F.,.F.,(4,4),(1.04741533067015,1.10885883644948),
 .UNSPECIFIED.);
#1254=B_SPLINE_CURVE_WITH_KNOTS('',3,(#11366,#11367,#11368,#11369,#11370,
#11371),.UNSPECIFIED.,.F.,.F.,(4,2,4),(1.00494724470566,1.08772716159296,
1.20638091775387),.UNSPECIFIED.);
#1255=B_SPLINE_CURVE_WITH_KNOTS('',3,(#11702,#11703,#11704,#11705,#11706,
#11707),.UNSPECIFIED.,.F.,.F.,(4,2,4),(-0.167661352745968,-0.0946366173880146,
0.),.UNSPECIFIED.);
#1256=B_SPLINE_CURVE_WITH_KNOTS('',3,(#12045,#12046,#12047,#12048,#12049,
#12050,#12051,#12052,#12053,#12054),.UNSPECIFIED.,.F.,.F.,(4,2,2,2,4),(1.63043066064216,
1.73944377815038,1.8605283289034,1.98161287965642,2.02710324104528),
 .UNSPECIFIED.);
#1257=B_SPLINE_CURVE_WITH_KNOTS('',3,(#12060,#12061,#12062,#12063,#12064,
#12065,#12066,#12067),.UNSPECIFIED.,.F.,.F.,(4,2,2,4),(0.806359410944394,
0.977084271298026,1.16986280912391,1.1707823226833),.UNSPECIFIED.);
#1258=B_SPLINE_CURVE_WITH_KNOTS('',3,(#12083,#12084,#12085,#12086,#12087,
#12088),.UNSPECIFIED.,.F.,.F.,(4,2,4),(1.94969543693138,2.14293866966853,
2.31412734795018),.UNSPECIFIED.);
#1259=B_SPLINE_CURVE_WITH_KNOTS('',3,(#12134,#12135,#12136,#12137,#12138,
#12139,#12140,#12141,#12142,#12143),.UNSPECIFIED.,.F.,.F.,(4,2,2,2,4),(0.458864037153041,
0.504354398541905,0.625438949294922,0.746523500047939,0.855536617556163),
 .UNSPECIFIED.);
#1260=B_SPLINE_CURVE_WITH_KNOTS('',3,(#12256,#12257,#12258,#12259,#12260,
#12261,#12262,#12263),.UNSPECIFIED.,.F.,.F.,(4,2,2,4),(-112.820200531084,
-105.575303716921,-88.8829906863382,-60.9966076526411),.UNSPECIFIED.);
#1261=B_SPLINE_CURVE_WITH_KNOTS('',3,(#12268,#12269,#12270,#12271,#12272,
#12273,#12274,#12275,#12276,#12277,#12278,#12279,#12280,#12281,#12282,#12283,
#12284,#12285,#12286,#12287,#12288,#12289,#12290,#12291,#12292),
 .UNSPECIFIED.,.F.,.F.,(4,3,3,3,3,3,3,3,4),(1.56765350581439,2.11266821270422,
2.82712921767295,3.2816616094283,3.54159022264168,4.26213223182544,4.80233975608695,
6.96948290452229,7.92502719781455),.UNSPECIFIED.);
#1262=B_SPLINE_CURVE_WITH_KNOTS('',3,(#12297,#12298,#12299,#12300,#12301,
#12302,#12303,#12304,#12305,#12306,#12307,#12308,#12309,#12310),
 .UNSPECIFIED.,.F.,.F.,(4,2,2,2,2,2,4),(0.,0.00773926057390167,0.0154785211478033,
0.0238275664206106,0.0321766116934179,0.0397669696636278,0.0461828810276635),
 .UNSPECIFIED.);
#1263=B_SPLINE_CURVE_WITH_KNOTS('',3,(#12314,#12315,#12316,#12317,#12318,
#12319,#12320,#12321,#12322,#12323,#12324,#12325,#12326,#12327),
 .UNSPECIFIED.,.F.,.F.,(4,2,2,2,2,2,4),(-0.0461828810275545,-0.0397669696635138,
-0.0321766116933236,-0.0238275664205418,-0.0154785211477599,-0.00773926057387994,
0.),.UNSPECIFIED.);
#1264=B_SPLINE_CURVE_WITH_KNOTS('',3,(#12331,#12332,#12333,#12334,#12335,
#12336,#12337),.UNSPECIFIED.,.F.,.F.,(4,3,4),(-0.0732005240982828,-0.0575175250175953,
-0.0508491845331223),.UNSPECIFIED.);
#1265=B_SPLINE_CURVE_WITH_KNOTS('',3,(#12341,#12342,#12343,#12344,#12345,
#12346,#12347),.UNSPECIFIED.,.F.,.F.,(4,3,4),(-0.0223737983255671,-0.0197127811293516,
0.),.UNSPECIFIED.);
#1266=B_SPLINE_CURVE_WITH_KNOTS('',3,(#12430,#12431,#12432,#12433),
 .UNSPECIFIED.,.F.,.F.,(4,4),(0.0739117555339286,0.113748499172407),
 .UNSPECIFIED.);
#1267=B_SPLINE_CURVE_WITH_KNOTS('',3,(#12435,#12436,#12437,#12438),
 .UNSPECIFIED.,.F.,.F.,(4,4),(0.638754322602331,0.67193361461439),
 .UNSPECIFIED.);
#1268=B_SPLINE_CURVE_WITH_KNOTS('',3,(#12439,#12440,#12441,#12442),
 .UNSPECIFIED.,.F.,.F.,(4,4),(-0.0792475307697731,-0.0126436462929073),
 .UNSPECIFIED.);
#1269=B_SPLINE_CURVE_WITH_KNOTS('',3,(#12444,#12445,#12446,#12447,#12448,
#12449),.UNSPECIFIED.,.F.,.F.,(4,2,4),(-0.95820098402134,-0.499734354504455,
-0.0856556175354659),.UNSPECIFIED.);
#1270=B_SPLINE_CURVE_WITH_KNOTS('',3,(#12451,#12452,#12453,#12454),
 .UNSPECIFIED.,.F.,.F.,(4,4),(3.13008675997935,3.17849558616905),
 .UNSPECIFIED.);
#1271=B_SPLINE_CURVE_WITH_KNOTS('',3,(#12455,#12456,#12457,#12458,#12459,
#12460),.UNSPECIFIED.,.F.,.F.,(4,2,4),(-0.989173029722901,-0.495453503780288,
-0.116627649403806),.UNSPECIFIED.);
#1272=B_SPLINE_CURVE_WITH_KNOTS('',3,(#12536,#12537,#12538,#12539),
 .UNSPECIFIED.,.F.,.F.,(4,4),(-7.80709291350889,-7.72232742307922),
 .UNSPECIFIED.);
#1273=B_SPLINE_CURVE_WITH_KNOTS('',3,(#12540,#12541,#12542,#12543),
 .UNSPECIFIED.,.F.,.F.,(4,4),(0.,0.0331792920119654),.UNSPECIFIED.);
#1274=B_SPLINE_CURVE_WITH_KNOTS('',3,(#12557,#12558,#12559,#12560,#12561,
#12562,#12563,#12564,#12565,#12566,#12567,#12568,#12569,#12570,#12571,#12572,
#12573,#12574,#12575,#12576,#12577,#12578),.UNSPECIFIED.,.F.,.F.,(4,3,3,
3,3,3,3,4),(5.78186305253408,7.11667475905566,9.03406439939622,9.99275921956649,
10.2845491095713,10.4918856236425,10.6483458281572,10.9514540397368),
 .UNSPECIFIED.);
#1275=B_SPLINE_CURVE_WITH_KNOTS('',3,(#12579,#12580,#12581,#12582,#12583,
#12584,#12585,#12586,#12587,#12588),.UNSPECIFIED.,.F.,.F.,(4,3,3,4),(0.0789688548246526,
2.27776125960834,3.28189547837455,5.78186305253408),.UNSPECIFIED.);
#1276=B_SPLINE_CURVE_WITH_KNOTS('',3,(#12728,#12729,#12730,#12731,#12732,
#12733,#12734,#12735),.UNSPECIFIED.,.F.,.F.,(4,2,2,4),(3.41009474125947,
3.45919025602886,3.87793825154914,5.43325357280547),.UNSPECIFIED.);
#1277=B_SPLINE_CURVE_WITH_KNOTS('',3,(#12737,#12738,#12739,#12740,#12741,
#12742),.UNSPECIFIED.,.F.,.F.,(4,2,4),(0.,0.495272636710713,1.53664096334368),
 .UNSPECIFIED.);
#1278=B_SPLINE_CURVE_WITH_KNOTS('',3,(#12767,#12768,#12769,#12770,#12771,
#12772,#12773,#12774,#12775,#12776,#12777,#12778,#12779,#12780,#12781,#12782,
#12783,#12784,#12785,#12786,#12787,#12788),.UNSPECIFIED.,.F.,.F.,(4,3,3,
3,3,3,3,4),(36.604009375298,36.8222954573707,37.0444639555188,37.2380238964363,
37.6791833561728,37.9550738014809,38.1717188278793,38.8101579632956),
 .UNSPECIFIED.);
#1279=B_SPLINE_CURVE_WITH_KNOTS('',3,(#12789,#12790,#12791,#12792,#12793,
#12794,#12795,#12796,#12797,#12798,#12799,#12800,#12801),.UNSPECIFIED.,
 .F.,.F.,(4,3,3,3,4),(5.16771305396288,5.38552781443531,7.51219831467866,
7.89670337214531,8.72434309270281),.UNSPECIFIED.);
#1280=B_SPLINE_CURVE_WITH_KNOTS('',3,(#13048,#13049,#13050,#13051,#13052,
#13053,#13054,#13055),.UNSPECIFIED.,.F.,.F.,(4,2,2,4),(0.127301934625698,
0.128370007382863,0.734948852177815,1.),.UNSPECIFIED.);
#1281=B_SPLINE_CURVE_WITH_KNOTS('',3,(#13058,#13059,#13060,#13061,#13062,
#13063,#13064,#13065),.UNSPECIFIED.,.F.,.F.,(4,2,2,4),(0.127301934625698,
0.128370007382863,0.734948852177815,1.),.UNSPECIFIED.);
#1282=B_SPLINE_CURVE_WITH_KNOTS('',3,(#13157,#13158,#13159,#13160,#13161,
#13162),.UNSPECIFIED.,.F.,.F.,(4,2,4),(-0.376871636784051,-0.183424378001679,
0.),.UNSPECIFIED.);
#1283=B_SPLINE_CURVE_WITH_KNOTS('',3,(#13164,#13165,#13166,#13167,#13168,
#13169),.UNSPECIFIED.,.F.,.F.,(4,2,4),(-0.944820700386985,-0.637592269850276,
0.),.UNSPECIFIED.);
#1284=B_SPLINE_CURVE_WITH_KNOTS('',3,(#13171,#13172,#13173,#13174),
 .UNSPECIFIED.,.F.,.F.,(4,4),(-1.73395261337704,0.171945243737009),
 .UNSPECIFIED.);
#1285=B_SPLINE_CURVE_WITH_KNOTS('',3,(#13176,#13177,#13178,#13179,#13180,
#13181),.UNSPECIFIED.,.F.,.F.,(4,2,4),(-1.21784629436397,-0.578984652698746,
-0.278789753739319),.UNSPECIFIED.);
#1286=B_SPLINE_CURVE_WITH_KNOTS('',3,(#13182,#13183,#13184,#13185,#13186,
#13187),.UNSPECIFIED.,.F.,.F.,(4,2,4),(-0.376871636769125,-0.193255204309662,
0.),.UNSPECIFIED.);
#1287=B_SPLINE_CURVE_WITH_KNOTS('',3,(#13205,#13206,#13207,#13208),
 .UNSPECIFIED.,.F.,.F.,(4,4),(-0.256152102969524,0.),.UNSPECIFIED.);
#1288=B_SPLINE_CURVE_WITH_KNOTS('',3,(#13210,#13211,#13212,#13213),
 .UNSPECIFIED.,.F.,.F.,(4,4),(-0.00575361634988034,1.56776098598992),
 .UNSPECIFIED.);
#1289=B_SPLINE_CURVE_WITH_KNOTS('',3,(#13214,#13215,#13216,#13217),
 .UNSPECIFIED.,.F.,.F.,(4,4),(-0.256250882220697,0.),.UNSPECIFIED.);
#1290=B_SPLINE_CURVE_WITH_KNOTS('',3,(#13251,#13252,#13253,#13254,#13255,
#13256),.UNSPECIFIED.,.F.,.F.,(4,2,4),(0.104752017616402,0.128370007382863,
0.734948852177815),.UNSPECIFIED.);
#1291=B_SPLINE_CURVE_WITH_KNOTS('',3,(#13257,#13258,#13259,#13260),
 .UNSPECIFIED.,.F.,.F.,(4,4),(0.734948852177815,1.),.UNSPECIFIED.);
#1292=B_SPLINE_CURVE_WITH_KNOTS('',3,(#13261,#13262,#13263,#13264,#13265,
#13266,#13267,#13268),.UNSPECIFIED.,.F.,.F.,(4,2,2,4),(0.0642798953248171,
0.128370007382863,0.734948852177815,1.),.UNSPECIFIED.);
#1293=B_SPLINE_CURVE_WITH_KNOTS('',3,(#13334,#13335,#13336,#13337,#13338,
#13339),.UNSPECIFIED.,.F.,.F.,(4,2,4),(0.104752017616402,0.128370007382863,
0.734948852177815),.UNSPECIFIED.);
#1294=B_SPLINE_CURVE_WITH_KNOTS('',3,(#13340,#13341,#13342,#13343),
 .UNSPECIFIED.,.F.,.F.,(4,4),(0.734948852177815,1.),.UNSPECIFIED.);
#1295=B_SPLINE_CURVE_WITH_KNOTS('',3,(#13376,#13377,#13378,#13379,#13380,
#13381,#13382,#13383),.UNSPECIFIED.,.F.,.F.,(4,2,2,4),(0.064279895324817,
0.128370007382863,0.734948852177815,1.),.UNSPECIFIED.);
#1296=CIRCLE('',#7451,3.);
#1297=CIRCLE('',#7453,3.);
#1298=CIRCLE('',#7458,3.);
#1299=CIRCLE('',#7459,3.);
#1300=CIRCLE('',#7460,3.);
#1301=CIRCLE('',#7462,3.);
#1302=CIRCLE('',#7463,3.);
#1303=CIRCLE('',#7464,3.);
#1304=CIRCLE('',#7466,3.);
#1305=CIRCLE('',#7475,3.);
#1306=CIRCLE('',#7478,2.99999999999999);
#1307=CIRCLE('',#7479,4.);
#1308=CIRCLE('',#7481,3.);
#1309=CIRCLE('',#7484,3.);
#1310=CIRCLE('',#7488,3.00000000000002);
#1311=CIRCLE('',#7490,4.);
#1312=CIRCLE('',#7492,3.25);
#1313=CIRCLE('',#7493,3.85);
#1314=CIRCLE('',#7494,3.25);
#1315=CIRCLE('',#7496,4.);
#1316=CIRCLE('',#7497,0.5);
#1317=CIRCLE('',#7498,3.85);
#1318=CIRCLE('',#7499,3.85);
#1319=CIRCLE('',#7502,4.);
#1320=CIRCLE('',#7505,4.);
#1321=CIRCLE('',#7508,4.);
#1322=CIRCLE('',#7511,4.);
#1323=CIRCLE('',#7529,0.5);
#1324=CIRCLE('',#7530,4.);
#1325=CIRCLE('',#7533,1.);
#1326=CIRCLE('',#7535,4.85);
#1327=CIRCLE('',#7537,1.);
#1328=CIRCLE('',#7539,4.);
#1329=CIRCLE('',#7540,0.5);
#1330=CIRCLE('',#7541,4.5);
#1331=CIRCLE('',#7543,4.5);
#1332=CIRCLE('',#7545,4.);
#1333=CIRCLE('',#7547,0.5);
#1334=CIRCLE('',#7548,4.);
#1335=CIRCLE('',#7549,4.);
#1336=CIRCLE('',#7551,4.);
#1337=CIRCLE('',#7553,1.8);
#1338=CIRCLE('',#7554,1.8);
#1339=CIRCLE('',#7556,2.2);
#1340=CIRCLE('',#7558,2.2);
#1341=CIRCLE('',#7560,4.);
#1342=CIRCLE('',#7561,1.8);
#1343=CIRCLE('',#7569,2.2);
#1344=CIRCLE('',#7570,2.2);
#1345=CIRCLE('',#7571,2.2);
#1346=CIRCLE('',#7572,2.2);
#1347=CIRCLE('',#7574,1.);
#1348=CIRCLE('',#7575,1.);
#1349=CIRCLE('',#7581,0.4);
#1350=CIRCLE('',#7582,0.4);
#1351=CIRCLE('',#7583,0.4);
#1352=CIRCLE('',#7584,0.4);
#1353=CIRCLE('',#7594,1.);
#1354=CIRCLE('',#7596,1.);
#1355=CIRCLE('',#7598,1.);
#1356=CIRCLE('',#7600,1.);
#1357=CIRCLE('',#7601,0.5);
#1358=CIRCLE('',#7602,0.5);
#1359=CIRCLE('',#7653,1.8);
#1360=CIRCLE('',#7655,1.8);
#1361=CIRCLE('',#7657,1.8);
#1362=CIRCLE('',#7659,4.);
#1363=CIRCLE('',#7660,1.8);
#1364=CIRCLE('',#7661,1.8);
#1365=CIRCLE('',#7662,1.8);
#1366=CIRCLE('',#7664,1.8);
#1367=CIRCLE('',#7665,1.8);
#1368=CIRCLE('',#7667,3.25);
#1369=CIRCLE('',#7668,2.4);
#1370=CIRCLE('',#7670,3.25);
#1371=CIRCLE('',#7671,3.25);
#1372=CIRCLE('',#7673,1.8);
#1373=CIRCLE('',#7674,1.8);
#1374=CIRCLE('',#7676,3.25);
#1375=CIRCLE('',#7677,2.4);
#1376=CIRCLE('',#7679,3.25);
#1377=CIRCLE('',#7680,3.25);
#1378=CIRCLE('',#7682,1.8);
#1379=CIRCLE('',#7683,1.8);
#1380=CIRCLE('',#7685,3.25);
#1381=CIRCLE('',#7686,2.4);
#1382=CIRCLE('',#7689,2.4);
#1383=CIRCLE('',#7691,2.4);
#1384=CIRCLE('',#7693,2.4);
#1385=CIRCLE('',#7716,3.);
#1386=CIRCLE('',#7719,3.00000000000002);
#1387=CIRCLE('',#7724,3.);
#1388=CIRCLE('',#7725,3.);
#1389=CIRCLE('',#7726,3.);
#1390=CIRCLE('',#7728,3.);
#1391=CIRCLE('',#7729,3.);
#1392=CIRCLE('',#7730,3.);
#1393=CIRCLE('',#7735,3.);
#1394=CIRCLE('',#7739,3.);
#1395=CIRCLE('',#7744,3.);
#1396=CIRCLE('',#7745,4.);
#1397=CIRCLE('',#7748,2.99999999999999);
#1398=CIRCLE('',#7751,3.);
#1399=CIRCLE('',#7754,3.);
#1400=CIRCLE('',#7756,4.);
#1401=CIRCLE('',#7758,3.25);
#1402=CIRCLE('',#7759,3.25);
#1403=CIRCLE('',#7760,3.85);
#1404=CIRCLE('',#7772,4.);
#1405=CIRCLE('',#7773,0.5);
#1406=CIRCLE('',#7783,0.5);
#1407=CIRCLE('',#7784,4.);
#1408=CIRCLE('',#7785,3.85);
#1409=CIRCLE('',#7786,3.85);
#1410=CIRCLE('',#7789,1.);
#1411=CIRCLE('',#7792,4.84999999999999);
#1412=CIRCLE('',#7796,1.);
#1413=CIRCLE('',#7798,4.);
#1414=CIRCLE('',#7799,0.5);
#1415=CIRCLE('',#7800,4.5);
#1416=CIRCLE('',#7802,4.5);
#1417=CIRCLE('',#7804,4.);
#1418=CIRCLE('',#7806,0.5);
#1419=CIRCLE('',#7807,4.);
#1420=CIRCLE('',#7808,4.);
#1421=CIRCLE('',#7810,4.);
#1422=CIRCLE('',#7812,4.);
#1423=CIRCLE('',#7813,4.);
#1424=CIRCLE('',#7814,1.8);
#1425=CIRCLE('',#7815,1.8);
#1426=CIRCLE('',#7817,2.2);
#1427=CIRCLE('',#7819,2.2);
#1428=CIRCLE('',#7821,4.);
#1429=CIRCLE('',#7822,1.8);
#1430=CIRCLE('',#7830,2.2);
#1431=CIRCLE('',#7831,2.2);
#1432=CIRCLE('',#7832,2.2);
#1433=CIRCLE('',#7833,2.2);
#1434=CIRCLE('',#7835,1.);
#1435=CIRCLE('',#7836,1.);
#1436=CIRCLE('',#7842,0.4);
#1437=CIRCLE('',#7843,0.4);
#1438=CIRCLE('',#7844,0.4);
#1439=CIRCLE('',#7845,0.4);
#1440=CIRCLE('',#7855,1.);
#1441=CIRCLE('',#7857,1.);
#1442=CIRCLE('',#7859,1.);
#1443=CIRCLE('',#7861,1.);
#1444=CIRCLE('',#7862,0.5);
#1445=CIRCLE('',#7863,0.5);
#1446=CIRCLE('',#7909,1.8);
#1447=CIRCLE('',#7910,1.8);
#1448=CIRCLE('',#7912,1.8);
#1449=CIRCLE('',#7913,1.8);
#1450=CIRCLE('',#7915,1.8);
#1451=CIRCLE('',#7916,1.8);
#1452=CIRCLE('',#7921,4.);
#1453=CIRCLE('',#7922,4.);
#1454=CIRCLE('',#7923,4.);
#1455=CIRCLE('',#7925,1.8);
#1456=CIRCLE('',#7926,1.8);
#1457=CIRCLE('',#7928,3.25);
#1458=CIRCLE('',#7929,2.4);
#1459=CIRCLE('',#7931,3.25);
#1460=CIRCLE('',#7932,3.25);
#1461=CIRCLE('',#7934,1.8);
#1462=CIRCLE('',#7935,1.8);
#1463=CIRCLE('',#7937,3.25);
#1464=CIRCLE('',#7938,2.4);
#1465=CIRCLE('',#7941,1.8);
#1466=CIRCLE('',#7942,1.8);
#1467=CIRCLE('',#7944,3.25);
#1468=CIRCLE('',#7945,2.4);
#1469=CIRCLE('',#7947,3.25);
#1470=CIRCLE('',#7948,3.25);
#1471=CIRCLE('',#7950,2.4);
#1472=CIRCLE('',#7952,2.4);
#1473=CIRCLE('',#7954,2.4);
#1474=CIRCLE('',#7982,5.);
#1475=CIRCLE('',#7989,5.);
#1476=CIRCLE('',#7994,0.5);
#1477=CIRCLE('',#7999,0.5);
#1478=CIRCLE('',#8002,3.);
#1479=CIRCLE('',#8003,3.);
#1480=CIRCLE('',#8004,5.);
#1481=CIRCLE('',#8005,1.65);
#1482=CIRCLE('',#8006,1.65);
#1483=CIRCLE('',#8007,1.65);
#1484=CIRCLE('',#8008,1.);
#1485=CIRCLE('',#8009,1.);
#1486=CIRCLE('',#8010,1.);
#1487=CIRCLE('',#8012,1.);
#1488=CIRCLE('',#8015,1.);
#1489=CIRCLE('',#8018,1.);
#1490=CIRCLE('',#8021,5.);
#1491=CIRCLE('',#8022,3.);
#1492=CIRCLE('',#8023,3.);
#1493=CIRCLE('',#8024,1.65);
#1494=CIRCLE('',#8025,1.65);
#1495=CIRCLE('',#8026,1.65);
#1496=CIRCLE('',#8049,0.199999999999998);
#1497=CIRCLE('',#8052,0.199999999999975);
#1498=CIRCLE('',#8062,0.199999999999966);
#1499=CIRCLE('',#8063,0.200000000000576);
#1500=CIRCLE('',#8073,0.200000000000601);
#1501=CIRCLE('',#8074,0.200000000000079);
#1502=CIRCLE('',#8106,0.0800000000000992);
#1503=CIRCLE('',#8118,0.0799999999983613);
#1504=LINE('',#10282,#2193);
#1505=LINE('',#10286,#2194);
#1506=LINE('',#10312,#2195);
#1507=LINE('',#10316,#2196);
#1508=LINE('',#10320,#2197);
#1509=LINE('',#10347,#2198);
#1510=LINE('',#10349,#2199);
#1511=LINE('',#10353,#2200);
#1512=LINE('',#10365,#2201);
#1513=LINE('',#10367,#2202);
#1514=LINE('',#10370,#2203);
#1515=LINE('',#10371,#2204);
#1516=LINE('',#10376,#2205);
#1517=LINE('',#10378,#2206);
#1518=LINE('',#10385,#2207);
#1519=LINE('',#10388,#2208);
#1520=LINE('',#10390,#2209);
#1521=LINE('',#10393,#2210);
#1522=LINE('',#10405,#2211);
#1523=LINE('',#10439,#2212);
#1524=LINE('',#10442,#2213);
#1525=LINE('',#10456,#2214);
#1526=LINE('',#10460,#2215);
#1527=LINE('',#10466,#2216);
#1528=LINE('',#10496,#2217);
#1529=LINE('',#10501,#2218);
#1530=LINE('',#10505,#2219);
#1531=LINE('',#10507,#2220);
#1532=LINE('',#10509,#2221);
#1533=LINE('',#10513,#2222);
#1534=LINE('',#10514,#2223);
#1535=LINE('',#10520,#2224);
#1536=LINE('',#10522,#2225);
#1537=LINE('',#10524,#2226);
#1538=LINE('',#10525,#2227);
#1539=LINE('',#10528,#2228);
#1540=LINE('',#10530,#2229);
#1541=LINE('',#10531,#2230);
#1542=LINE('',#10534,#2231);
#1543=LINE('',#10538,#2232);
#1544=LINE('',#10539,#2233);
#1545=LINE('',#10542,#2234);
#1546=LINE('',#10546,#2235);
#1547=LINE('',#10548,#2236);
#1548=LINE('',#10550,#2237);
#1549=LINE('',#10551,#2238);
#1550=LINE('',#10554,#2239);
#1551=LINE('',#10558,#2240);
#1552=LINE('',#10559,#2241);
#1553=LINE('',#10562,#2242);
#1554=LINE('',#10566,#2243);
#1555=LINE('',#10568,#2244);
#1556=LINE('',#10570,#2245);
#1557=LINE('',#10577,#2246);
#1558=LINE('',#10580,#2247);
#1559=LINE('',#10582,#2248);
#1560=LINE('',#10584,#2249);
#1561=LINE('',#10585,#2250);
#1562=LINE('',#10588,#2251);
#1563=LINE('',#10589,#2252);
#1564=LINE('',#10591,#2253);
#1565=LINE('',#10595,#2254);
#1566=LINE('',#10597,#2255);
#1567=LINE('',#10599,#2256);
#1568=LINE('',#10603,#2257);
#1569=LINE('',#10607,#2258);
#1570=LINE('',#10608,#2259);
#1571=LINE('',#10613,#2260);
#1572=LINE('',#10616,#2261);
#1573=LINE('',#10618,#2262);
#1574=LINE('',#10619,#2263);
#1575=LINE('',#10620,#2264);
#1576=LINE('',#10623,#2265);
#1577=LINE('',#10625,#2266);
#1578=LINE('',#10629,#2267);
#1579=LINE('',#10633,#2268);
#1580=LINE('',#10635,#2269);
#1581=LINE('',#10637,#2270);
#1582=LINE('',#10640,#2271);
#1583=LINE('',#10642,#2272);
#1584=LINE('',#10643,#2273);
#1585=LINE('',#10645,#2274);
#1586=LINE('',#10647,#2275);
#1587=LINE('',#10649,#2276);
#1588=LINE('',#10651,#2277);
#1589=LINE('',#10652,#2278);
#1590=LINE('',#10655,#2279);
#1591=LINE('',#10657,#2280);
#1592=LINE('',#10659,#2281);
#1593=LINE('',#10661,#2282);
#1594=LINE('',#10663,#2283);
#1595=LINE('',#10664,#2284);
#1596=LINE('',#10668,#2285);
#1597=LINE('',#10671,#2286);
#1598=LINE('',#10674,#2287);
#1599=LINE('',#10678,#2288);
#1600=LINE('',#10688,#2289);
#1601=LINE('',#10690,#2290);
#1602=LINE('',#10691,#2291);
#1603=LINE('',#10692,#2292);
#1604=LINE('',#10697,#2293);
#1605=LINE('',#10707,#2294);
#1606=LINE('',#10723,#2295);
#1607=LINE('',#10729,#2296);
#1608=LINE('',#10731,#2297);
#1609=LINE('',#10733,#2298);
#1610=LINE('',#10734,#2299);
#1611=LINE('',#10738,#2300);
#1612=LINE('',#10740,#2301);
#1613=LINE('',#10742,#2302);
#1614=LINE('',#10743,#2303);
#1615=LINE('',#10747,#2304);
#1616=LINE('',#10749,#2305);
#1617=LINE('',#10751,#2306);
#1618=LINE('',#10752,#2307);
#1619=LINE('',#10756,#2308);
#1620=LINE('',#10760,#2309);
#1621=LINE('',#10762,#2310);
#1622=LINE('',#10764,#2311);
#1623=LINE('',#10774,#2312);
#1624=LINE('',#10777,#2313);
#1625=LINE('',#10779,#2314);
#1626=LINE('',#10783,#2315);
#1627=LINE('',#10786,#2316);
#1628=LINE('',#10787,#2317);
#1629=LINE('',#10789,#2318);
#1630=LINE('',#10791,#2319);
#1631=LINE('',#10794,#2320);
#1632=LINE('',#10796,#2321);
#1633=LINE('',#10797,#2322);
#1634=LINE('',#10803,#2323);
#1635=LINE('',#10807,#2324);
#1636=LINE('',#10811,#2325);
#1637=LINE('',#10814,#2326);
#1638=LINE('',#10824,#2327);
#1639=LINE('',#10859,#2328);
#1640=LINE('',#10861,#2329);
#1641=LINE('',#10862,#2330);
#1642=LINE('',#10864,#2331);
#1643=LINE('',#10866,#2332);
#1644=LINE('',#10868,#2333);
#1645=LINE('',#10870,#2334);
#1646=LINE('',#10872,#2335);
#1647=LINE('',#10874,#2336);
#1648=LINE('',#10877,#2337);
#1649=LINE('',#10879,#2338);
#1650=LINE('',#10881,#2339);
#1651=LINE('',#10884,#2340);
#1652=LINE('',#10885,#2341);
#1653=LINE('',#10886,#2342);
#1654=LINE('',#10890,#2343);
#1655=LINE('',#10891,#2344);
#1656=LINE('',#10892,#2345);
#1657=LINE('',#10895,#2346);
#1658=LINE('',#10897,#2347);
#1659=LINE('',#10898,#2348);
#1660=LINE('',#10900,#2349);
#1661=LINE('',#10903,#2350);
#1662=LINE('',#10904,#2351);
#1663=LINE('',#10907,#2352);
#1664=LINE('',#10908,#2353);
#1665=LINE('',#10910,#2354);
#1666=LINE('',#10913,#2355);
#1667=LINE('',#10915,#2356);
#1668=LINE('',#10916,#2357);
#1669=LINE('',#10919,#2358);
#1670=LINE('',#10920,#2359);
#1671=LINE('',#10923,#2360);
#1672=LINE('',#10924,#2361);
#1673=LINE('',#10927,#2362);
#1674=LINE('',#10928,#2363);
#1675=LINE('',#10931,#2364);
#1676=LINE('',#10932,#2365);
#1677=LINE('',#10935,#2366);
#1678=LINE('',#10936,#2367);
#1679=LINE('',#10939,#2368);
#1680=LINE('',#10940,#2369);
#1681=LINE('',#10942,#2370);
#1682=LINE('',#10945,#2371);
#1683=LINE('',#10947,#2372);
#1684=LINE('',#10948,#2373);
#1685=LINE('',#10951,#2374);
#1686=LINE('',#10952,#2375);
#1687=LINE('',#10955,#2376);
#1688=LINE('',#10956,#2377);
#1689=LINE('',#10960,#2378);
#1690=LINE('',#10961,#2379);
#1691=LINE('',#10962,#2380);
#1692=LINE('',#10965,#2381);
#1693=LINE('',#10966,#2382);
#1694=LINE('',#10969,#2383);
#1695=LINE('',#10970,#2384);
#1696=LINE('',#10973,#2385);
#1697=LINE('',#10974,#2386);
#1698=LINE('',#10977,#2387);
#1699=LINE('',#10978,#2388);
#1700=LINE('',#10980,#2389);
#1701=LINE('',#10983,#2390);
#1702=LINE('',#10985,#2391);
#1703=LINE('',#10986,#2392);
#1704=LINE('',#10989,#2393);
#1705=LINE('',#10990,#2394);
#1706=LINE('',#10993,#2395);
#1707=LINE('',#10994,#2396);
#1708=LINE('',#10997,#2397);
#1709=LINE('',#10998,#2398);
#1710=LINE('',#11001,#2399);
#1711=LINE('',#11002,#2400);
#1712=LINE('',#11004,#2401);
#1713=LINE('',#11007,#2402);
#1714=LINE('',#11008,#2403);
#1715=LINE('',#11011,#2404);
#1716=LINE('',#11012,#2405);
#1717=LINE('',#11014,#2406);
#1718=LINE('',#11017,#2407);
#1719=LINE('',#11018,#2408);
#1720=LINE('',#11021,#2409);
#1721=LINE('',#11022,#2410);
#1722=LINE('',#11024,#2411);
#1723=LINE('',#11027,#2412);
#1724=LINE('',#11031,#2413);
#1725=LINE('',#11035,#2414);
#1726=LINE('',#11049,#2415);
#1727=LINE('',#11060,#2416);
#1728=LINE('',#11066,#2417);
#1729=LINE('',#11077,#2418);
#1730=LINE('',#11083,#2419);
#1731=LINE('',#11091,#2420);
#1732=LINE('',#11103,#2421);
#1733=LINE('',#11105,#2422);
#1734=LINE('',#11106,#2423);
#1735=LINE('',#11109,#2424);
#1736=LINE('',#11110,#2425);
#1737=LINE('',#11113,#2426);
#1738=LINE('',#11114,#2427);
#1739=LINE('',#11118,#2428);
#1740=LINE('',#11120,#2429);
#1741=LINE('',#11122,#2430);
#1742=LINE('',#11123,#2431);
#1743=LINE('',#11126,#2432);
#1744=LINE('',#11128,#2433);
#1745=LINE('',#11129,#2434);
#1746=LINE('',#11132,#2435);
#1747=LINE('',#11134,#2436);
#1748=LINE('',#11135,#2437);
#1749=LINE('',#11137,#2438);
#1750=LINE('',#11138,#2439);
#1751=LINE('',#11140,#2440);
#1752=LINE('',#11144,#2441);
#1753=LINE('',#11146,#2442);
#1754=LINE('',#11148,#2443);
#1755=LINE('',#11150,#2444);
#1756=LINE('',#11152,#2445);
#1757=LINE('',#11154,#2446);
#1758=LINE('',#11156,#2447);
#1759=LINE('',#11158,#2448);
#1760=LINE('',#11174,#2449);
#1761=LINE('',#11178,#2450);
#1762=LINE('',#11196,#2451);
#1763=LINE('',#11201,#2452);
#1764=LINE('',#11205,#2453);
#1765=LINE('',#11225,#2454);
#1766=LINE('',#11227,#2455);
#1767=LINE('',#11241,#2456);
#1768=LINE('',#11244,#2457);
#1769=LINE('',#11246,#2458);
#1770=LINE('',#11256,#2459);
#1771=LINE('',#11257,#2460);
#1772=LINE('',#11262,#2461);
#1773=LINE('',#11264,#2462);
#1774=LINE('',#11268,#2463);
#1775=LINE('',#11271,#2464);
#1776=LINE('',#11273,#2465);
#1777=LINE('',#11275,#2466);
#1778=LINE('',#11286,#2467);
#1779=LINE('',#11321,#2468);
#1780=LINE('',#11324,#2469);
#1781=LINE('',#11330,#2470);
#1782=LINE('',#11334,#2471);
#1783=LINE('',#11349,#2472);
#1784=LINE('',#11377,#2473);
#1785=LINE('',#11381,#2474);
#1786=LINE('',#11383,#2475);
#1787=LINE('',#11385,#2476);
#1788=LINE('',#11387,#2477);
#1789=LINE('',#11391,#2478);
#1790=LINE('',#11392,#2479);
#1791=LINE('',#11394,#2480);
#1792=LINE('',#11396,#2481);
#1793=LINE('',#11398,#2482);
#1794=LINE('',#11401,#2483);
#1795=LINE('',#11403,#2484);
#1796=LINE('',#11405,#2485);
#1797=LINE('',#11406,#2486);
#1798=LINE('',#11409,#2487);
#1799=LINE('',#11410,#2488);
#1800=LINE('',#11413,#2489);
#1801=LINE('',#11415,#2490);
#1802=LINE('',#11416,#2491);
#1803=LINE('',#11419,#2492);
#1804=LINE('',#11421,#2493);
#1805=LINE('',#11423,#2494);
#1806=LINE('',#11424,#2495);
#1807=LINE('',#11427,#2496);
#1808=LINE('',#11428,#2497);
#1809=LINE('',#11431,#2498);
#1810=LINE('',#11433,#2499);
#1811=LINE('',#11434,#2500);
#1812=LINE('',#11436,#2501);
#1813=LINE('',#11438,#2502);
#1814=LINE('',#11439,#2503);
#1815=LINE('',#11441,#2504);
#1816=LINE('',#11445,#2505);
#1817=LINE('',#11447,#2506);
#1818=LINE('',#11449,#2507);
#1819=LINE('',#11452,#2508);
#1820=LINE('',#11455,#2509);
#1821=LINE('',#11457,#2510);
#1822=LINE('',#11459,#2511);
#1823=LINE('',#11461,#2512);
#1824=LINE('',#11463,#2513);
#1825=LINE('',#11464,#2514);
#1826=LINE('',#11467,#2515);
#1827=LINE('',#11468,#2516);
#1828=LINE('',#11471,#2517);
#1829=LINE('',#11473,#2518);
#1830=LINE('',#11477,#2519);
#1831=LINE('',#11481,#2520);
#1832=LINE('',#11482,#2521);
#1833=LINE('',#11485,#2522);
#1834=LINE('',#11489,#2523);
#1835=LINE('',#11491,#2524);
#1836=LINE('',#11495,#2525);
#1837=LINE('',#11499,#2526);
#1838=LINE('',#11501,#2527);
#1839=LINE('',#11503,#2528);
#1840=LINE('',#11506,#2529);
#1841=LINE('',#11510,#2530);
#1842=LINE('',#11512,#2531);
#1843=LINE('',#11514,#2532);
#1844=LINE('',#11515,#2533);
#1845=LINE('',#11523,#2534);
#1846=LINE('',#11526,#2535);
#1847=LINE('',#11531,#2536);
#1848=LINE('',#11535,#2537);
#1849=LINE('',#11537,#2538);
#1850=LINE('',#11540,#2539);
#1851=LINE('',#11541,#2540);
#1852=LINE('',#11544,#2541);
#1853=LINE('',#11554,#2542);
#1854=LINE('',#11556,#2543);
#1855=LINE('',#11558,#2544);
#1856=LINE('',#11560,#2545);
#1857=LINE('',#11561,#2546);
#1858=LINE('',#11566,#2547);
#1859=LINE('',#11576,#2548);
#1860=LINE('',#11580,#2549);
#1861=LINE('',#11584,#2550);
#1862=LINE('',#11599,#2551);
#1863=LINE('',#11605,#2552);
#1864=LINE('',#11607,#2553);
#1865=LINE('',#11609,#2554);
#1866=LINE('',#11610,#2555);
#1867=LINE('',#11614,#2556);
#1868=LINE('',#11616,#2557);
#1869=LINE('',#11618,#2558);
#1870=LINE('',#11619,#2559);
#1871=LINE('',#11623,#2560);
#1872=LINE('',#11625,#2561);
#1873=LINE('',#11627,#2562);
#1874=LINE('',#11628,#2563);
#1875=LINE('',#11632,#2564);
#1876=LINE('',#11636,#2565);
#1877=LINE('',#11638,#2566);
#1878=LINE('',#11640,#2567);
#1879=LINE('',#11650,#2568);
#1880=LINE('',#11653,#2569);
#1881=LINE('',#11655,#2570);
#1882=LINE('',#11659,#2571);
#1883=LINE('',#11662,#2572);
#1884=LINE('',#11663,#2573);
#1885=LINE('',#11665,#2574);
#1886=LINE('',#11667,#2575);
#1887=LINE('',#11670,#2576);
#1888=LINE('',#11672,#2577);
#1889=LINE('',#11673,#2578);
#1890=LINE('',#11679,#2579);
#1891=LINE('',#11683,#2580);
#1892=LINE('',#11687,#2581);
#1893=LINE('',#11690,#2582);
#1894=LINE('',#11700,#2583);
#1895=LINE('',#11735,#2584);
#1896=LINE('',#11737,#2585);
#1897=LINE('',#11738,#2586);
#1898=LINE('',#11740,#2587);
#1899=LINE('',#11742,#2588);
#1900=LINE('',#11744,#2589);
#1901=LINE('',#11746,#2590);
#1902=LINE('',#11748,#2591);
#1903=LINE('',#11750,#2592);
#1904=LINE('',#11753,#2593);
#1905=LINE('',#11755,#2594);
#1906=LINE('',#11757,#2595);
#1907=LINE('',#11760,#2596);
#1908=LINE('',#11761,#2597);
#1909=LINE('',#11762,#2598);
#1910=LINE('',#11766,#2599);
#1911=LINE('',#11767,#2600);
#1912=LINE('',#11768,#2601);
#1913=LINE('',#11771,#2602);
#1914=LINE('',#11773,#2603);
#1915=LINE('',#11774,#2604);
#1916=LINE('',#11776,#2605);
#1917=LINE('',#11779,#2606);
#1918=LINE('',#11780,#2607);
#1919=LINE('',#11783,#2608);
#1920=LINE('',#11784,#2609);
#1921=LINE('',#11786,#2610);
#1922=LINE('',#11789,#2611);
#1923=LINE('',#11791,#2612);
#1924=LINE('',#11792,#2613);
#1925=LINE('',#11795,#2614);
#1926=LINE('',#11796,#2615);
#1927=LINE('',#11799,#2616);
#1928=LINE('',#11800,#2617);
#1929=LINE('',#11804,#2618);
#1930=LINE('',#11805,#2619);
#1931=LINE('',#11806,#2620);
#1932=LINE('',#11808,#2621);
#1933=LINE('',#11810,#2622);
#1934=LINE('',#11813,#2623);
#1935=LINE('',#11815,#2624);
#1936=LINE('',#11816,#2625);
#1937=LINE('',#11819,#2626);
#1938=LINE('',#11820,#2627);
#1939=LINE('',#11823,#2628);
#1940=LINE('',#11824,#2629);
#1941=LINE('',#11828,#2630);
#1942=LINE('',#11829,#2631);
#1943=LINE('',#11830,#2632);
#1944=LINE('',#11832,#2633);
#1945=LINE('',#11834,#2634);
#1946=LINE('',#11837,#2635);
#1947=LINE('',#11839,#2636);
#1948=LINE('',#11840,#2637);
#1949=LINE('',#11843,#2638);
#1950=LINE('',#11844,#2639);
#1951=LINE('',#11847,#2640);
#1952=LINE('',#11848,#2641);
#1953=LINE('',#11851,#2642);
#1954=LINE('',#11852,#2643);
#1955=LINE('',#11855,#2644);
#1956=LINE('',#11856,#2645);
#1957=LINE('',#11858,#2646);
#1958=LINE('',#11861,#2647);
#1959=LINE('',#11862,#2648);
#1960=LINE('',#11865,#2649);
#1961=LINE('',#11866,#2650);
#1962=LINE('',#11868,#2651);
#1963=LINE('',#11871,#2652);
#1964=LINE('',#11872,#2653);
#1965=LINE('',#11875,#2654);
#1966=LINE('',#11876,#2655);
#1967=LINE('',#11878,#2656);
#1968=LINE('',#11883,#2657);
#1969=LINE('',#11889,#2658);
#1970=LINE('',#11895,#2659);
#1971=LINE('',#11899,#2660);
#1972=LINE('',#11901,#2661);
#1973=LINE('',#11902,#2662);
#1974=LINE('',#11905,#2663);
#1975=LINE('',#11907,#2664);
#1976=LINE('',#11908,#2665);
#1977=LINE('',#11910,#2666);
#1978=LINE('',#11911,#2667);
#1979=LINE('',#11917,#2668);
#1980=LINE('',#11923,#2669);
#1981=LINE('',#11934,#2670);
#1982=LINE('',#11940,#2671);
#1983=LINE('',#11947,#2672);
#1984=LINE('',#11953,#2673);
#1985=LINE('',#11964,#2674);
#1986=LINE('',#11976,#2675);
#1987=LINE('',#11978,#2676);
#1988=LINE('',#11979,#2677);
#1989=LINE('',#11982,#2678);
#1990=LINE('',#11983,#2679);
#1991=LINE('',#11986,#2680);
#1992=LINE('',#11987,#2681);
#1993=LINE('',#11991,#2682);
#1994=LINE('',#11993,#2683);
#1995=LINE('',#11995,#2684);
#1996=LINE('',#11996,#2685);
#1997=LINE('',#11999,#2686);
#1998=LINE('',#12001,#2687);
#1999=LINE('',#12002,#2688);
#2000=LINE('',#12005,#2689);
#2001=LINE('',#12007,#2690);
#2002=LINE('',#12008,#2691);
#2003=LINE('',#12010,#2692);
#2004=LINE('',#12011,#2693);
#2005=LINE('',#12013,#2694);
#2006=LINE('',#12017,#2695);
#2007=LINE('',#12019,#2696);
#2008=LINE('',#12021,#2697);
#2009=LINE('',#12023,#2698);
#2010=LINE('',#12025,#2699);
#2011=LINE('',#12027,#2700);
#2012=LINE('',#12029,#2701);
#2013=LINE('',#12031,#2702);
#2014=LINE('',#12037,#2703);
#2015=LINE('',#12039,#2704);
#2016=LINE('',#12056,#2705);
#2017=LINE('',#12068,#2706);
#2018=LINE('',#12073,#2707);
#2019=LINE('',#12075,#2708);
#2020=LINE('',#12077,#2709);
#2021=LINE('',#12081,#2710);
#2022=LINE('',#12091,#2711);
#2023=LINE('',#12094,#2712);
#2024=LINE('',#12096,#2713);
#2025=LINE('',#12098,#2714);
#2026=LINE('',#12104,#2715);
#2027=LINE('',#12108,#2716);
#2028=LINE('',#12110,#2717);
#2029=LINE('',#12113,#2718);
#2030=LINE('',#12119,#2719);
#2031=LINE('',#12122,#2720);
#2032=LINE('',#12125,#2721);
#2033=LINE('',#12129,#2722);
#2034=LINE('',#12130,#2723);
#2035=LINE('',#12144,#2724);
#2036=LINE('',#12145,#2725);
#2037=LINE('',#12150,#2726);
#2038=LINE('',#12154,#2727);
#2039=LINE('',#12156,#2728);
#2040=LINE('',#12158,#2729);
#2041=LINE('',#12160,#2730);
#2042=LINE('',#12170,#2731);
#2043=LINE('',#12174,#2732);
#2044=LINE('',#12178,#2733);
#2045=LINE('',#12182,#2734);
#2046=LINE('',#12185,#2735);
#2047=LINE('',#12188,#2736);
#2048=LINE('',#12189,#2737);
#2049=LINE('',#12192,#2738);
#2050=LINE('',#12195,#2739);
#2051=LINE('',#12197,#2740);
#2052=LINE('',#12200,#2741);
#2053=LINE('',#12203,#2742);
#2054=LINE('',#12208,#2743);
#2055=LINE('',#12210,#2744);
#2056=LINE('',#12212,#2745);
#2057=LINE('',#12214,#2746);
#2058=LINE('',#12218,#2747);
#2059=LINE('',#12227,#2748);
#2060=LINE('',#12228,#2749);
#2061=LINE('',#12230,#2750);
#2062=LINE('',#12233,#2751);
#2063=LINE('',#12236,#2752);
#2064=LINE('',#12238,#2753);
#2065=LINE('',#12239,#2754);
#2066=LINE('',#12241,#2755);
#2067=LINE('',#12243,#2756);
#2068=LINE('',#12245,#2757);
#2069=LINE('',#12251,#2758);
#2070=LINE('',#12254,#2759);
#2071=LINE('',#12264,#2760);
#2072=LINE('',#12266,#2761);
#2073=LINE('',#12293,#2762);
#2074=LINE('',#12312,#2763);
#2075=LINE('',#12329,#2764);
#2076=LINE('',#12339,#2765);
#2077=LINE('',#12348,#2766);
#2078=LINE('',#12546,#2767);
#2079=LINE('',#12548,#2768);
#2080=LINE('',#12550,#2769);
#2081=LINE('',#12552,#2770);
#2082=LINE('',#12554,#2771);
#2083=LINE('',#12555,#2772);
#2084=LINE('',#12594,#2773);
#2085=LINE('',#12598,#2774);
#2086=LINE('',#12602,#2775);
#2087=LINE('',#12605,#2776);
#2088=LINE('',#12610,#2777);
#2089=LINE('',#12615,#2778);
#2090=LINE('',#12619,#2779);
#2091=LINE('',#12620,#2780);
#2092=LINE('',#12626,#2781);
#2093=LINE('',#12630,#2782);
#2094=LINE('',#12634,#2783);
#2095=LINE('',#12637,#2784);
#2096=LINE('',#12642,#2785);
#2097=LINE('',#12646,#2786);
#2098=LINE('',#12649,#2787);
#2099=LINE('',#12652,#2788);
#2100=LINE('',#12653,#2789);
#2101=LINE('',#12656,#2790);
#2102=LINE('',#12663,#2791);
#2103=LINE('',#12667,#2792);
#2104=LINE('',#12669,#2793);
#2105=LINE('',#12670,#2794);
#2106=LINE('',#12674,#2795);
#2107=LINE('',#12676,#2796);
#2108=LINE('',#12680,#2797);
#2109=LINE('',#12682,#2798);
#2110=LINE('',#12683,#2799);
#2111=LINE('',#12695,#2800);
#2112=LINE('',#12699,#2801);
#2113=LINE('',#12700,#2802);
#2114=LINE('',#12703,#2803);
#2115=LINE('',#12707,#2804);
#2116=LINE('',#12708,#2805);
#2117=LINE('',#12711,#2806);
#2118=LINE('',#12715,#2807);
#2119=LINE('',#12719,#2808);
#2120=LINE('',#12720,#2809);
#2121=LINE('',#12723,#2810);
#2122=LINE('',#12726,#2811);
#2123=LINE('',#12746,#2812);
#2124=LINE('',#12750,#2813);
#2125=LINE('',#12753,#2814);
#2126=LINE('',#12754,#2815);
#2127=LINE('',#12755,#2816);
#2128=LINE('',#12757,#2817);
#2129=LINE('',#12759,#2818);
#2130=LINE('',#12761,#2819);
#2131=LINE('',#12763,#2820);
#2132=LINE('',#12804,#2821);
#2133=LINE('',#12806,#2822);
#2134=LINE('',#12962,#2823);
#2135=LINE('',#12968,#2824);
#2136=LINE('',#12971,#2825);
#2137=LINE('',#12974,#2826);
#2138=LINE('',#12976,#2827);
#2139=LINE('',#12978,#2828);
#2140=LINE('',#12979,#2829);
#2141=LINE('',#12982,#2830);
#2142=LINE('',#12986,#2831);
#2143=LINE('',#12989,#2832);
#2144=LINE('',#13002,#2833);
#2145=LINE('',#13005,#2834);
#2146=LINE('',#13006,#2835);
#2147=LINE('',#13010,#2836);
#2148=LINE('',#13013,#2837);
#2149=LINE('',#13015,#2838);
#2150=LINE('',#13016,#2839);
#2151=LINE('',#13022,#2840);
#2152=LINE('',#13025,#2841);
#2153=LINE('',#13027,#2842);
#2154=LINE('',#13029,#2843);
#2155=LINE('',#13031,#2844);
#2156=LINE('',#13033,#2845);
#2157=LINE('',#13035,#2846);
#2158=LINE('',#13036,#2847);
#2159=LINE('',#13039,#2848);
#2160=LINE('',#13041,#2849);
#2161=LINE('',#13043,#2850);
#2162=LINE('',#13045,#2851);
#2163=LINE('',#13047,#2852);
#2164=LINE('',#13067,#2853);
#2165=LINE('',#13069,#2854);
#2166=LINE('',#13071,#2855);
#2167=LINE('',#13073,#2856);
#2168=LINE('',#13074,#2857);
#2169=LINE('',#13080,#2858);
#2170=LINE('',#13083,#2859);
#2171=LINE('',#13086,#2860);
#2172=LINE('',#13088,#2861);
#2173=LINE('',#13089,#2862);
#2174=LINE('',#13095,#2863);
#2175=LINE('',#13098,#2864);
#2176=LINE('',#13100,#2865);
#2177=LINE('',#13101,#2866);
#2178=LINE('',#13110,#2867);
#2179=LINE('',#13112,#2868);
#2180=LINE('',#13113,#2869);
#2181=LINE('',#13120,#2870);
#2182=LINE('',#13123,#2871);
#2183=LINE('',#13126,#2872);
#2184=LINE('',#13128,#2873);
#2185=LINE('',#13129,#2874);
#2186=LINE('',#13135,#2875);
#2187=LINE('',#13138,#2876);
#2188=LINE('',#13140,#2877);
#2189=LINE('',#13141,#2878);
#2190=LINE('',#13150,#2879);
#2191=LINE('',#13152,#2880);
#2192=LINE('',#13153,#2881);
#2193=VECTOR('',#8168,10.);
#2194=VECTOR('',#8171,10.);
#2195=VECTOR('',#8176,10.);
#2196=VECTOR('',#8179,10.);
#2197=VECTOR('',#8182,10.);
#2198=VECTOR('',#8203,10.);
#2199=VECTOR('',#8204,10.);
#2200=VECTOR('',#8207,10.);
#2201=VECTOR('',#8210,10.);
#2202=VECTOR('',#8211,10.);
#2203=VECTOR('',#8216,10.);
#2204=VECTOR('',#8217,10.);
#2205=VECTOR('',#8222,10.);
#2206=VECTOR('',#8223,10.);
#2207=VECTOR('',#8230,10.);
#2208=VECTOR('',#8233,10.);
#2209=VECTOR('',#8234,10.);
#2210=VECTOR('',#8237,10.);
#2211=VECTOR('',#8240,10.);
#2212=VECTOR('',#8247,10.);
#2213=VECTOR('',#8250,10.);
#2214=VECTOR('',#8255,10.);
#2215=VECTOR('',#8258,10.);
#2216=VECTOR('',#8265,10.);
#2217=VECTOR('',#8276,3.85);
#2218=VECTOR('',#8283,1000.);
#2219=VECTOR('',#8286,1000.);
#2220=VECTOR('',#8287,10.);
#2221=VECTOR('',#8288,10.);
#2222=VECTOR('',#8291,10.);
#2223=VECTOR('',#8292,10.);
#2224=VECTOR('',#8297,1000.);
#2225=VECTOR('',#8298,1000.);
#2226=VECTOR('',#8299,1000.);
#2227=VECTOR('',#8300,1000.);
#2228=VECTOR('',#8303,1000.);
#2229=VECTOR('',#8304,1000.);
#2230=VECTOR('',#8305,1000.);
#2231=VECTOR('',#8308,1000.);
#2232=VECTOR('',#8313,1000.);
#2233=VECTOR('',#8314,1000.);
#2234=VECTOR('',#8317,1000.);
#2235=VECTOR('',#8322,1000.);
#2236=VECTOR('',#8323,1000.);
#2237=VECTOR('',#8324,1000.);
#2238=VECTOR('',#8325,1000.);
#2239=VECTOR('',#8328,1000.);
#2240=VECTOR('',#8333,1000.);
#2241=VECTOR('',#8334,1000.);
#2242=VECTOR('',#8337,1000.);
#2243=VECTOR('',#8342,1000.);
#2244=VECTOR('',#8343,1000.);
#2245=VECTOR('',#8344,1000.);
#2246=VECTOR('',#8351,1000.);
#2247=VECTOR('',#8354,10.);
#2248=VECTOR('',#8355,10.);
#2249=VECTOR('',#8356,10.);
#2250=VECTOR('',#8357,10.);
#2251=VECTOR('',#8360,10.);
#2252=VECTOR('',#8361,10.);
#2253=VECTOR('',#8364,10.);
#2254=VECTOR('',#8367,10.);
#2255=VECTOR('',#8368,1000.);
#2256=VECTOR('',#8369,1000.);
#2257=VECTOR('',#8372,1000.);
#2258=VECTOR('',#8375,1000.);
#2259=VECTOR('',#8376,10.);
#2260=VECTOR('',#8381,1000.);
#2261=VECTOR('',#8386,10.);
#2262=VECTOR('',#8387,10.);
#2263=VECTOR('',#8388,10.);
#2264=VECTOR('',#8389,10.);
#2265=VECTOR('',#8392,1000.);
#2266=VECTOR('',#8393,1000.);
#2267=VECTOR('',#8398,10.);
#2268=VECTOR('',#8401,10.);
#2269=VECTOR('',#8402,10.);
#2270=VECTOR('',#8403,1000.);
#2271=VECTOR('',#8406,10.);
#2272=VECTOR('',#8407,10.);
#2273=VECTOR('',#8408,10.);
#2274=VECTOR('',#8409,10.);
#2275=VECTOR('',#8410,10.);
#2276=VECTOR('',#8411,10.);
#2277=VECTOR('',#8412,10.);
#2278=VECTOR('',#8413,10.);
#2279=VECTOR('',#8414,10.);
#2280=VECTOR('',#8415,10.);
#2281=VECTOR('',#8416,10.);
#2282=VECTOR('',#8417,10.);
#2283=VECTOR('',#8418,10.);
#2284=VECTOR('',#8419,10.);
#2285=VECTOR('',#8424,10.);
#2286=VECTOR('',#8427,10.);
#2287=VECTOR('',#8430,10.);
#2288=VECTOR('',#8435,10.);
#2289=VECTOR('',#8448,1000.);
#2290=VECTOR('',#8449,1000.);
#2291=VECTOR('',#8450,1000.);
#2292=VECTOR('',#8451,1000.);
#2293=VECTOR('',#8456,4.);
#2294=VECTOR('',#8469,4.);
#2295=VECTOR('',#8490,1000.);
#2296=VECTOR('',#8495,1000.);
#2297=VECTOR('',#8496,1000.);
#2298=VECTOR('',#8497,1000.);
#2299=VECTOR('',#8498,1000.);
#2300=VECTOR('',#8501,1000.);
#2301=VECTOR('',#8502,1000.);
#2302=VECTOR('',#8503,1000.);
#2303=VECTOR('',#8504,1000.);
#2304=VECTOR('',#8507,1000.);
#2305=VECTOR('',#8508,1000.);
#2306=VECTOR('',#8509,1000.);
#2307=VECTOR('',#8510,1000.);
#2308=VECTOR('',#8513,1000.);
#2309=VECTOR('',#8516,1000.);
#2310=VECTOR('',#8517,1000.);
#2311=VECTOR('',#8518,1000.);
#2312=VECTOR('',#8531,1000.);
#2313=VECTOR('',#8534,1000.);
#2314=VECTOR('',#8535,1000.);
#2315=VECTOR('',#8540,1000.);
#2316=VECTOR('',#8543,999.999999999999);
#2317=VECTOR('',#8544,1000.);
#2318=VECTOR('',#8547,2.25);
#2319=VECTOR('',#8550,2.25);
#2320=VECTOR('',#8553,1000.);
#2321=VECTOR('',#8554,1000.);
#2322=VECTOR('',#8555,1000.);
#2323=VECTOR('',#8560,1000.);
#2324=VECTOR('',#8563,1000.);
#2325=VECTOR('',#8566,1000.);
#2326=VECTOR('',#8569,1000.);
#2327=VECTOR('',#8584,1000.);
#2328=VECTOR('',#8611,1000.);
#2329=VECTOR('',#8614,1000.);
#2330=VECTOR('',#8615,1000.);
#2331=VECTOR('',#8618,1000.);
#2332=VECTOR('',#8621,1000.);
#2333=VECTOR('',#8624,1000.);
#2334=VECTOR('',#8627,1000.);
#2335=VECTOR('',#8630,1000.);
#2336=VECTOR('',#8633,1000.);
#2337=VECTOR('',#8638,1000.);
#2338=VECTOR('',#8641,10.);
#2339=VECTOR('',#8644,10.);
#2340=VECTOR('',#8647,1000.);
#2341=VECTOR('',#8648,1000.);
#2342=VECTOR('',#8649,1000.);
#2343=VECTOR('',#8652,10.);
#2344=VECTOR('',#8653,10.);
#2345=VECTOR('',#8654,10.);
#2346=VECTOR('',#8657,10.);
#2347=VECTOR('',#8658,10.);
#2348=VECTOR('',#8659,10.);
#2349=VECTOR('',#8662,10.);
#2350=VECTOR('',#8665,10.);
#2351=VECTOR('',#8666,10.);
#2352=VECTOR('',#8669,10.);
#2353=VECTOR('',#8670,10.);
#2354=VECTOR('',#8673,10.);
#2355=VECTOR('',#8676,10.);
#2356=VECTOR('',#8677,10.);
#2357=VECTOR('',#8678,10.);
#2358=VECTOR('',#8681,10.);
#2359=VECTOR('',#8682,10.);
#2360=VECTOR('',#8685,10.);
#2361=VECTOR('',#8686,10.);
#2362=VECTOR('',#8689,10.);
#2363=VECTOR('',#8690,10.);
#2364=VECTOR('',#8693,10.);
#2365=VECTOR('',#8694,10.);
#2366=VECTOR('',#8697,10.);
#2367=VECTOR('',#8698,10.);
#2368=VECTOR('',#8701,10.);
#2369=VECTOR('',#8702,10.);
#2370=VECTOR('',#8705,10.);
#2371=VECTOR('',#8708,10.);
#2372=VECTOR('',#8709,10.);
#2373=VECTOR('',#8710,10.);
#2374=VECTOR('',#8713,10.);
#2375=VECTOR('',#8714,10.);
#2376=VECTOR('',#8717,10.);
#2377=VECTOR('',#8718,10.);
#2378=VECTOR('',#8721,10.);
#2379=VECTOR('',#8722,10.);
#2380=VECTOR('',#8723,10.);
#2381=VECTOR('',#8726,10.);
#2382=VECTOR('',#8727,10.);
#2383=VECTOR('',#8730,10.);
#2384=VECTOR('',#8731,10.);
#2385=VECTOR('',#8734,10.);
#2386=VECTOR('',#8735,10.);
#2387=VECTOR('',#8738,10.);
#2388=VECTOR('',#8739,10.);
#2389=VECTOR('',#8742,10.);
#2390=VECTOR('',#8745,10.);
#2391=VECTOR('',#8746,10.);
#2392=VECTOR('',#8747,10.);
#2393=VECTOR('',#8750,10.);
#2394=VECTOR('',#8751,10.);
#2395=VECTOR('',#8754,10.);
#2396=VECTOR('',#8755,10.);
#2397=VECTOR('',#8758,10.);
#2398=VECTOR('',#8759,10.);
#2399=VECTOR('',#8762,10.);
#2400=VECTOR('',#8763,10.);
#2401=VECTOR('',#8766,10.);
#2402=VECTOR('',#8769,10.);
#2403=VECTOR('',#8770,10.);
#2404=VECTOR('',#8773,10.);
#2405=VECTOR('',#8774,10.);
#2406=VECTOR('',#8777,10.);
#2407=VECTOR('',#8780,10.);
#2408=VECTOR('',#8781,10.);
#2409=VECTOR('',#8784,10.);
#2410=VECTOR('',#8785,10.);
#2411=VECTOR('',#8788,10.);
#2412=VECTOR('',#8791,1.8);
#2413=VECTOR('',#8796,1.8);
#2414=VECTOR('',#8801,1.8);
#2415=VECTOR('',#8818,1.8);
#2416=VECTOR('',#8831,3.25);
#2417=VECTOR('',#8838,1.8);
#2418=VECTOR('',#8851,3.25);
#2419=VECTOR('',#8858,1.8);
#2420=VECTOR('',#8869,3.25);
#2421=VECTOR('',#8884,1000.);
#2422=VECTOR('',#8885,1000.);
#2423=VECTOR('',#8886,1000.);
#2424=VECTOR('',#8889,1000.);
#2425=VECTOR('',#8890,1000.);
#2426=VECTOR('',#8893,1000.);
#2427=VECTOR('',#8894,1000.);
#2428=VECTOR('',#8897,1000.);
#2429=VECTOR('',#8898,1000.);
#2430=VECTOR('',#8899,1000.);
#2431=VECTOR('',#8900,1000.);
#2432=VECTOR('',#8903,1000.);
#2433=VECTOR('',#8904,1000.);
#2434=VECTOR('',#8905,1000.);
#2435=VECTOR('',#8908,1000.);
#2436=VECTOR('',#8909,1000.);
#2437=VECTOR('',#8910,1000.);
#2438=VECTOR('',#8913,1000.);
#2439=VECTOR('',#8914,1000.);
#2440=VECTOR('',#8917,1000.);
#2441=VECTOR('',#8924,1.8);
#2442=VECTOR('',#8927,1.8);
#2443=VECTOR('',#8930,1.8);
#2444=VECTOR('',#8933,2.4);
#2445=VECTOR('',#8936,2.4);
#2446=VECTOR('',#8939,2.4);
#2447=VECTOR('',#8942,3.85);
#2448=VECTOR('',#8945,3.85);
#2449=VECTOR('',#8954,10.);
#2450=VECTOR('',#8957,10.);
#2451=VECTOR('',#8962,10.);
#2452=VECTOR('',#8967,10.);
#2453=VECTOR('',#8970,10.);
#2454=VECTOR('',#8993,10.);
#2455=VECTOR('',#8994,10.);
#2456=VECTOR('',#8999,10.);
#2457=VECTOR('',#9002,10.);
#2458=VECTOR('',#9003,10.);
#2459=VECTOR('',#9006,10.);
#2460=VECTOR('',#9007,10.);
#2461=VECTOR('',#9012,10.);
#2462=VECTOR('',#9013,10.);
#2463=VECTOR('',#9016,10.);
#2464=VECTOR('',#9019,10.);
#2465=VECTOR('',#9022,10.);
#2466=VECTOR('',#9023,10.);
#2467=VECTOR('',#9030,10.);
#2468=VECTOR('',#9037,10.);
#2469=VECTOR('',#9040,10.);
#2470=VECTOR('',#9045,10.);
#2471=VECTOR('',#9048,10.);
#2472=VECTOR('',#9055,10.);
#2473=VECTOR('',#9066,3.85);
#2474=VECTOR('',#9071,10.);
#2475=VECTOR('',#9072,10.);
#2476=VECTOR('',#9073,10.);
#2477=VECTOR('',#9074,10.);
#2478=VECTOR('',#9077,10.);
#2479=VECTOR('',#9078,10.);
#2480=VECTOR('',#9081,10.);
#2481=VECTOR('',#9084,10.);
#2482=VECTOR('',#9087,10.);
#2483=VECTOR('',#9090,10.);
#2484=VECTOR('',#9091,10.);
#2485=VECTOR('',#9092,10.);
#2486=VECTOR('',#9093,10.);
#2487=VECTOR('',#9096,10.);
#2488=VECTOR('',#9097,10.);
#2489=VECTOR('',#9100,10.);
#2490=VECTOR('',#9101,10.);
#2491=VECTOR('',#9102,10.);
#2492=VECTOR('',#9105,10.);
#2493=VECTOR('',#9106,10.);
#2494=VECTOR('',#9107,10.);
#2495=VECTOR('',#9108,10.);
#2496=VECTOR('',#9111,10.);
#2497=VECTOR('',#9112,10.);
#2498=VECTOR('',#9115,10.);
#2499=VECTOR('',#9116,10.);
#2500=VECTOR('',#9117,10.);
#2501=VECTOR('',#9118,10.);
#2502=VECTOR('',#9119,10.);
#2503=VECTOR('',#9120,10.);
#2504=VECTOR('',#9121,1000.);
#2505=VECTOR('',#9124,1000.);
#2506=VECTOR('',#9125,10.);
#2507=VECTOR('',#9126,10.);
#2508=VECTOR('',#9129,10.);
#2509=VECTOR('',#9130,10.);
#2510=VECTOR('',#9131,10.);
#2511=VECTOR('',#9132,10.);
#2512=VECTOR('',#9133,10.);
#2513=VECTOR('',#9134,10.);
#2514=VECTOR('',#9135,10.);
#2515=VECTOR('',#9138,10.);
#2516=VECTOR('',#9139,10.);
#2517=VECTOR('',#9142,1000.);
#2518=VECTOR('',#9143,1000.);
#2519=VECTOR('',#9146,1000.);
#2520=VECTOR('',#9149,1000.);
#2521=VECTOR('',#9150,10.);
#2522=VECTOR('',#9153,1000.);
#2523=VECTOR('',#9158,1000.);
#2524=VECTOR('',#9159,1000.);
#2525=VECTOR('',#9164,10.);
#2526=VECTOR('',#9167,10.);
#2527=VECTOR('',#9168,10.);
#2528=VECTOR('',#9169,1000.);
#2529=VECTOR('',#9172,1000.);
#2530=VECTOR('',#9175,1000.);
#2531=VECTOR('',#9176,1000.);
#2532=VECTOR('',#9177,1000.);
#2533=VECTOR('',#9178,1000.);
#2534=VECTOR('',#9185,10.);
#2535=VECTOR('',#9188,10.);
#2536=VECTOR('',#9193,10.);
#2537=VECTOR('',#9198,1000.);
#2538=VECTOR('',#9199,1000.);
#2539=VECTOR('',#9202,1000.);
#2540=VECTOR('',#9203,1000.);
#2541=VECTOR('',#9206,10.);
#2542=VECTOR('',#9219,1000.);
#2543=VECTOR('',#9220,1000.);
#2544=VECTOR('',#9221,1000.);
#2545=VECTOR('',#9222,1000.);
#2546=VECTOR('',#9223,1000.);
#2547=VECTOR('',#9228,4.);
#2548=VECTOR('',#9241,4.);
#2549=VECTOR('',#9246,1000.);
#2550=VECTOR('',#9249,1000.);
#2551=VECTOR('',#9268,1000.);
#2552=VECTOR('',#9273,1000.);
#2553=VECTOR('',#9274,1000.);
#2554=VECTOR('',#9275,1000.);
#2555=VECTOR('',#9276,1000.);
#2556=VECTOR('',#9279,1000.);
#2557=VECTOR('',#9280,1000.);
#2558=VECTOR('',#9281,1000.);
#2559=VECTOR('',#9282,1000.);
#2560=VECTOR('',#9285,1000.);
#2561=VECTOR('',#9286,1000.);
#2562=VECTOR('',#9287,1000.);
#2563=VECTOR('',#9288,1000.);
#2564=VECTOR('',#9291,1000.);
#2565=VECTOR('',#9294,1000.);
#2566=VECTOR('',#9295,1000.);
#2567=VECTOR('',#9296,1000.);
#2568=VECTOR('',#9309,1000.);
#2569=VECTOR('',#9312,1000.);
#2570=VECTOR('',#9313,1000.);
#2571=VECTOR('',#9318,1000.);
#2572=VECTOR('',#9321,999.999999999999);
#2573=VECTOR('',#9322,1000.);
#2574=VECTOR('',#9325,2.25);
#2575=VECTOR('',#9328,2.25);
#2576=VECTOR('',#9331,1000.);
#2577=VECTOR('',#9332,1000.);
#2578=VECTOR('',#9333,1000.);
#2579=VECTOR('',#9338,1000.);
#2580=VECTOR('',#9341,1000.);
#2581=VECTOR('',#9344,1000.);
#2582=VECTOR('',#9347,1000.);
#2583=VECTOR('',#9362,1000.);
#2584=VECTOR('',#9389,1000.);
#2585=VECTOR('',#9392,1000.);
#2586=VECTOR('',#9393,1000.);
#2587=VECTOR('',#9396,1000.);
#2588=VECTOR('',#9399,1000.);
#2589=VECTOR('',#9402,1000.);
#2590=VECTOR('',#9405,1000.);
#2591=VECTOR('',#9408,1000.);
#2592=VECTOR('',#9411,1000.);
#2593=VECTOR('',#9416,1000.);
#2594=VECTOR('',#9419,10.);
#2595=VECTOR('',#9422,10.);
#2596=VECTOR('',#9425,1000.);
#2597=VECTOR('',#9426,1000.);
#2598=VECTOR('',#9427,1000.);
#2599=VECTOR('',#9430,10.);
#2600=VECTOR('',#9431,10.);
#2601=VECTOR('',#9432,10.);
#2602=VECTOR('',#9435,10.);
#2603=VECTOR('',#9436,10.);
#2604=VECTOR('',#9437,10.);
#2605=VECTOR('',#9440,10.);
#2606=VECTOR('',#9443,10.);
#2607=VECTOR('',#9444,10.);
#2608=VECTOR('',#9447,10.);
#2609=VECTOR('',#9448,10.);
#2610=VECTOR('',#9451,10.);
#2611=VECTOR('',#9454,10.);
#2612=VECTOR('',#9455,10.);
#2613=VECTOR('',#9456,10.);
#2614=VECTOR('',#9459,10.);
#2615=VECTOR('',#9460,10.);
#2616=VECTOR('',#9463,10.);
#2617=VECTOR('',#9464,10.);
#2618=VECTOR('',#9467,10.);
#2619=VECTOR('',#9468,10.);
#2620=VECTOR('',#9469,10.);
#2621=VECTOR('',#9472,10.);
#2622=VECTOR('',#9475,10.);
#2623=VECTOR('',#9478,10.);
#2624=VECTOR('',#9479,10.);
#2625=VECTOR('',#9480,10.);
#2626=VECTOR('',#9483,10.);
#2627=VECTOR('',#9484,10.);
#2628=VECTOR('',#9487,10.);
#2629=VECTOR('',#9488,10.);
#2630=VECTOR('',#9491,10.);
#2631=VECTOR('',#9492,10.);
#2632=VECTOR('',#9493,10.);
#2633=VECTOR('',#9496,10.);
#2634=VECTOR('',#9499,10.);
#2635=VECTOR('',#9502,10.);
#2636=VECTOR('',#9503,10.);
#2637=VECTOR('',#9504,10.);
#2638=VECTOR('',#9507,10.);
#2639=VECTOR('',#9508,10.);
#2640=VECTOR('',#9511,10.);
#2641=VECTOR('',#9512,10.);
#2642=VECTOR('',#9515,10.);
#2643=VECTOR('',#9516,10.);
#2644=VECTOR('',#9519,10.);
#2645=VECTOR('',#9520,10.);
#2646=VECTOR('',#9523,10.);
#2647=VECTOR('',#9526,10.);
#2648=VECTOR('',#9527,10.);
#2649=VECTOR('',#9530,10.);
#2650=VECTOR('',#9531,10.);
#2651=VECTOR('',#9534,10.);
#2652=VECTOR('',#9537,10.);
#2653=VECTOR('',#9538,10.);
#2654=VECTOR('',#9541,10.);
#2655=VECTOR('',#9542,10.);
#2656=VECTOR('',#9545,10.);
#2657=VECTOR('',#9550,1.8);
#2658=VECTOR('',#9557,1.8);
#2659=VECTOR('',#9564,1.8);
#2660=VECTOR('',#9569,1000.);
#2661=VECTOR('',#9570,1000.);
#2662=VECTOR('',#9571,1000.);
#2663=VECTOR('',#9574,1000.);
#2664=VECTOR('',#9575,1000.);
#2665=VECTOR('',#9576,1000.);
#2666=VECTOR('',#9579,1000.);
#2667=VECTOR('',#9580,1000.);
#2668=VECTOR('',#9589,1000.);
#2669=VECTOR('',#9596,1.8);
#2670=VECTOR('',#9609,3.25);
#2671=VECTOR('',#9616,1.8);
#2672=VECTOR('',#9625,3.25);
#2673=VECTOR('',#9632,1.8);
#2674=VECTOR('',#9645,3.25);
#2675=VECTOR('',#9660,1000.);
#2676=VECTOR('',#9661,1000.);
#2677=VECTOR('',#9662,1000.);
#2678=VECTOR('',#9665,1000.);
#2679=VECTOR('',#9666,1000.);
#2680=VECTOR('',#9669,1000.);
#2681=VECTOR('',#9670,1000.);
#2682=VECTOR('',#9673,1000.);
#2683=VECTOR('',#9674,1000.);
#2684=VECTOR('',#9675,1000.);
#2685=VECTOR('',#9676,1000.);
#2686=VECTOR('',#9679,1000.);
#2687=VECTOR('',#9680,1000.);
#2688=VECTOR('',#9681,1000.);
#2689=VECTOR('',#9684,1000.);
#2690=VECTOR('',#9685,1000.);
#2691=VECTOR('',#9686,1000.);
#2692=VECTOR('',#9689,1000.);
#2693=VECTOR('',#9690,1000.);
#2694=VECTOR('',#9693,1000.);
#2695=VECTOR('',#9700,1.8);
#2696=VECTOR('',#9703,1.8);
#2697=VECTOR('',#9706,1.8);
#2698=VECTOR('',#9709,2.4);
#2699=VECTOR('',#9712,2.4);
#2700=VECTOR('',#9715,2.4);
#2701=VECTOR('',#9718,3.85);
#2702=VECTOR('',#9721,3.85);
#2703=VECTOR('',#9732,1000.);
#2704=VECTOR('',#9735,1000.);
#2705=VECTOR('',#9742,10.);
#2706=VECTOR('',#9745,10.);
#2707=VECTOR('',#9750,10.);
#2708=VECTOR('',#9751,10.);
#2709=VECTOR('',#9752,10.);
#2710=VECTOR('',#9757,10.);
#2711=VECTOR('',#9760,10.);
#2712=VECTOR('',#9763,10.);
#2713=VECTOR('',#9764,10.);
#2714=VECTOR('',#9765,10.);
#2715=VECTOR('',#9772,10.);
#2716=VECTOR('',#9777,10.);
#2717=VECTOR('',#9778,10.);
#2718=VECTOR('',#9781,10.);
#2719=VECTOR('',#9786,10.);
#2720=VECTOR('',#9789,10.);
#2721=VECTOR('',#9792,10.);
#2722=VECTOR('',#9795,10.);
#2723=VECTOR('',#9796,10.);
#2724=VECTOR('',#9799,10.);
#2725=VECTOR('',#9800,10.);
#2726=VECTOR('',#9805,10.);
#2727=VECTOR('',#9808,10.);
#2728=VECTOR('',#9809,10.);
#2729=VECTOR('',#9810,10.);
#2730=VECTOR('',#9811,10.);
#2731=VECTOR('',#9820,10.);
#2732=VECTOR('',#9823,10.);
#2733=VECTOR('',#9826,10.);
#2734=VECTOR('',#9831,10.);
#2735=VECTOR('',#9834,10.);
#2736=VECTOR('',#9837,10.);
#2737=VECTOR('',#9838,10.);
#2738=VECTOR('',#9841,10.);
#2739=VECTOR('',#9844,10.);
#2740=VECTOR('',#9847,10.);
#2741=VECTOR('',#9850,10.);
#2742=VECTOR('',#9855,10.);
#2743=VECTOR('',#9860,10.);
#2744=VECTOR('',#9861,10.);
#2745=VECTOR('',#9862,10.);
#2746=VECTOR('',#9863,10.);
#2747=VECTOR('',#9866,10.);
#2748=VECTOR('',#9877,10.);
#2749=VECTOR('',#9878,10.);
#2750=VECTOR('',#9881,10.);
#2751=VECTOR('',#9886,10.);
#2752=VECTOR('',#9889,10.);
#2753=VECTOR('',#9892,10.);
#2754=VECTOR('',#9893,10.);
#2755=VECTOR('',#9896,10.);
#2756=VECTOR('',#9899,10.);
#2757=VECTOR('',#9902,10.);
#2758=VECTOR('',#9909,10.);
#2759=VECTOR('',#9912,10.);
#2760=VECTOR('',#9913,10.);
#2761=VECTOR('',#9914,10.);
#2762=VECTOR('',#9915,10.);
#2763=VECTOR('',#9918,10.);
#2764=VECTOR('',#9919,10.);
#2765=VECTOR('',#9920,10.);
#2766=VECTOR('',#9921,10.);
#2767=VECTOR('',#9926,10.);
#2768=VECTOR('',#9927,10.);
#2769=VECTOR('',#9928,10.);
#2770=VECTOR('',#9929,10.);
#2771=VECTOR('',#9930,10.);
#2772=VECTOR('',#9931,10.);
#2773=VECTOR('',#9936,10.);
#2774=VECTOR('',#9939,10.);
#2775=VECTOR('',#9942,10.);
#2776=VECTOR('',#9945,10.);
#2777=VECTOR('',#9952,10.);
#2778=VECTOR('',#9959,10.);
#2779=VECTOR('',#9964,10.);
#2780=VECTOR('',#9965,10.);
#2781=VECTOR('',#9970,10.);
#2782=VECTOR('',#9973,10.);
#2783=VECTOR('',#9976,10.);
#2784=VECTOR('',#9979,10.);
#2785=VECTOR('',#9984,10.);
#2786=VECTOR('',#9989,10.);
#2787=VECTOR('',#9992,10.);
#2788=VECTOR('',#9995,10.);
#2789=VECTOR('',#9996,10.);
#2790=VECTOR('',#9999,10.);
#2791=VECTOR('',#10006,10.);
#2792=VECTOR('',#10009,10.);
#2793=VECTOR('',#10010,10.);
#2794=VECTOR('',#10011,10.);
#2795=VECTOR('',#10016,10.);
#2796=VECTOR('',#10017,10.);
#2797=VECTOR('',#10022,10.);
#2798=VECTOR('',#10023,10.);
#2799=VECTOR('',#10024,10.);
#2800=VECTOR('',#10025,10.);
#2801=VECTOR('',#10030,10.);
#2802=VECTOR('',#10031,10.);
#2803=VECTOR('',#10034,10.);
#2804=VECTOR('',#10039,10.);
#2805=VECTOR('',#10040,10.);
#2806=VECTOR('',#10043,10.);
#2807=VECTOR('',#10048,10.);
#2808=VECTOR('',#10053,10.);
#2809=VECTOR('',#10054,10.);
#2810=VECTOR('',#10057,10.);
#2811=VECTOR('',#10062,10.);
#2812=VECTOR('',#10071,10.);
#2813=VECTOR('',#10074,10.);
#2814=VECTOR('',#10077,10.);
#2815=VECTOR('',#10078,10.);
#2816=VECTOR('',#10079,10.);
#2817=VECTOR('',#10082,10.);
#2818=VECTOR('',#10085,10.);
#2819=VECTOR('',#10088,10.);
#2820=VECTOR('',#10091,10.);
#2821=VECTOR('',#10100,1.65);
#2822=VECTOR('',#10103,1.65);
#2823=VECTOR('',#10106,1.65);
#2824=VECTOR('',#10111,10.);
#2825=VECTOR('',#10114,10.);
#2826=VECTOR('',#10117,10.);
#2827=VECTOR('',#10118,10.);
#2828=VECTOR('',#10119,10.);
#2829=VECTOR('',#10120,10.);
#2830=VECTOR('',#10123,10.);
#2831=VECTOR('',#10126,10.);
#2832=VECTOR('',#10129,10.);
#2833=VECTOR('',#10132,10.);
#2834=VECTOR('',#10135,10.);
#2835=VECTOR('',#10136,10.);
#2836=VECTOR('',#10141,10.);
#2837=VECTOR('',#10144,10.);
#2838=VECTOR('',#10145,10.);
#2839=VECTOR('',#10146,10.);
#2840=VECTOR('',#10153,10.);
#2841=VECTOR('',#10156,10.);
#2842=VECTOR('',#10157,10.);
#2843=VECTOR('',#10158,10.);
#2844=VECTOR('',#10159,10.);
#2845=VECTOR('',#10160,10.);
#2846=VECTOR('',#10161,10.);
#2847=VECTOR('',#10162,10.);
#2848=VECTOR('',#10165,10.);
#2849=VECTOR('',#10166,10.);
#2850=VECTOR('',#10167,10.);
#2851=VECTOR('',#10168,10.);
#2852=VECTOR('',#10169,10.);
#2853=VECTOR('',#10172,10.);
#2854=VECTOR('',#10173,10.);
#2855=VECTOR('',#10174,10.);
#2856=VECTOR('',#10175,10.);
#2857=VECTOR('',#10176,10.);
#2858=VECTOR('',#10181,10.);
#2859=VECTOR('',#10184,10.);
#2860=VECTOR('',#10187,10.);
#2861=VECTOR('',#10188,10.);
#2862=VECTOR('',#10189,10.);
#2863=VECTOR('',#10196,10.);
#2864=VECTOR('',#10199,10.);
#2865=VECTOR('',#10200,10.);
#2866=VECTOR('',#10201,10.);
#2867=VECTOR('',#10214,10.);
#2868=VECTOR('',#10217,10.);
#2869=VECTOR('',#10218,10.);
#2870=VECTOR('',#10225,10.);
#2871=VECTOR('',#10228,10.);
#2872=VECTOR('',#10231,10.);
#2873=VECTOR('',#10232,10.);
#2874=VECTOR('',#10233,10.);
#2875=VECTOR('',#10240,10.);
#2876=VECTOR('',#10243,10.);
#2877=VECTOR('',#10244,10.);
#2878=VECTOR('',#10245,10.);
#2879=VECTOR('',#10258,10.);
#2880=VECTOR('',#10261,10.);
#2881=VECTOR('',#10262,10.);
#2882=ELLIPSE('',#7450,3.8607919593302,3.);
#2883=ELLIPSE('',#7455,6.45600719112666,3.);
#2884=ELLIPSE('',#7456,3.08976643217668,3.);
#2885=ELLIPSE('',#7468,8.08455674132838,3.);
#2886=ELLIPSE('',#7471,3.52428772100408,3.);
#2887=ELLIPSE('',#7472,5.71664489468072,3.);
#2888=ELLIPSE('',#7474,4.8989794855663,3.);
#2889=ELLIPSE('',#7476,4.89897948556634,3.);
#2890=ELLIPSE('',#7482,4.89897948556628,3.);
#2891=ELLIPSE('',#7485,3.8607919593302,3.);
#2892=ELLIPSE('',#7487,8.48528137423845,3.);
#2893=ELLIPSE('',#7489,8.48528137423889,3.);
#2894=ELLIPSE('',#7513,1.58869370280484,1.);
#2895=ELLIPSE('',#7514,7.70516445860346,4.85);
#2896=ELLIPSE('',#7515,1.58869370280484,1.);
#2897=ELLIPSE('',#7520,2.20117762803547,2.2);
#2898=ELLIPSE('',#7521,2.20117762803547,2.2);
#2899=ELLIPSE('',#7523,0.500267642735334,0.5);
#2900=ELLIPSE('',#7524,0.500066888306421,0.5);
#2901=ELLIPSE('',#7527,3.00548699740725,3.);
#2902=ELLIPSE('',#7566,11.7094453801669,1.);
#2903=ELLIPSE('',#7567,11.7094453801669,1.);
#2904=ELLIPSE('',#7573,2.50457249783938,2.5);
#2905=ELLIPSE('',#7586,11.7094453801669,1.);
#2906=ELLIPSE('',#7587,11.7094453801669,1.);
#2907=ELLIPSE('',#7589,11.7094453801669,1.);
#2908=ELLIPSE('',#7590,11.7094453801669,1.);
#2909=ELLIPSE('',#7592,3.00381147826114,3.);
#2910=ELLIPSE('',#7717,3.8607919593302,3.);
#2911=ELLIPSE('',#7721,6.45600719112668,3.);
#2912=ELLIPSE('',#7722,3.08976643217668,3.);
#2913=ELLIPSE('',#7732,3.52428772100407,3.);
#2914=ELLIPSE('',#7733,5.71664489468074,3.);
#2915=ELLIPSE('',#7738,4.89897948556634,3.);
#2916=ELLIPSE('',#7740,4.8989794855663,3.);
#2917=ELLIPSE('',#7742,8.08455674132842,3.);
#2918=ELLIPSE('',#7747,4.89897948556628,3.);
#2919=ELLIPSE('',#7750,3.8607919593302,3.);
#2920=ELLIPSE('',#7753,8.48528137423889,3.);
#2921=ELLIPSE('',#7755,8.48528137423845,3.);
#2922=ELLIPSE('',#7762,0.500267642735334,0.5);
#2923=ELLIPSE('',#7776,2.20117762803547,2.2);
#2924=ELLIPSE('',#7777,2.20117762803547,2.2);
#2925=ELLIPSE('',#7779,0.500066888306421,0.5);
#2926=ELLIPSE('',#7781,3.00548699740725,3.);
#2927=ELLIPSE('',#7788,1.58869370280484,1.);
#2928=ELLIPSE('',#7791,7.70516445860345,4.84999999999999);
#2929=ELLIPSE('',#7794,1.58869370280484,1.);
#2930=ELLIPSE('',#7827,11.7094453801669,1.);
#2931=ELLIPSE('',#7828,11.7094453801669,1.);
#2932=ELLIPSE('',#7834,2.50457249783938,2.5);
#2933=ELLIPSE('',#7847,11.7094453801669,1.);
#2934=ELLIPSE('',#7848,11.7094453801669,1.);
#2935=ELLIPSE('',#7850,11.7094453801669,1.);
#2936=ELLIPSE('',#7851,11.7094453801669,1.);
#2937=ELLIPSE('',#7853,3.00381147826114,3.);
#2938=ELLIPSE('',#7984,11.3137084989848,8.);
#2939=ELLIPSE('',#7985,7.07106781186547,5.);
#2940=ELLIPSE('',#7987,11.3137084989848,8.);
#2941=ELLIPSE('',#7991,5.56460841963795,5.);
#2942=ELLIPSE('',#7992,5.43815202218507,5.);
#2943=ELLIPSE('',#7996,5.43815202218507,5.);
#2944=ELLIPSE('',#7997,5.56460841963795,5.);
#2945=ELLIPSE('',#8031,7.07106781186547,5.);
#2946=ELLIPSE('',#8037,2.00997512422418,2.);
#2947=ELLIPSE('',#8038,2.00997512422418,2.);
#2948=ELLIPSE('',#8044,0.28284271247479,0.200000000000121);
#2949=ELLIPSE('',#8045,0.282842712473752,0.199999999999387);
#2950=ELLIPSE('',#8046,0.282842712474583,0.199999999999975);
#2951=ELLIPSE('',#8047,0.282842712474616,0.199999999999998);
#2952=ELLIPSE('',#8050,0.297493389715666,0.199999999999998);
#2953=ELLIPSE('',#8054,0.297493389715631,0.199999999999975);
#2954=ELLIPSE('',#8057,0.282842712474619,0.199999999999999);
#2955=ELLIPSE('',#8058,0.282842712475171,0.20000000000039);
#2956=ELLIPSE('',#8059,0.282842712474572,0.199999999999966);
#2957=ELLIPSE('',#8060,0.282842712475435,0.200000000000576);
#2958=ELLIPSE('',#8065,0.297493389715618,0.199999999999966);
#2959=ELLIPSE('',#8068,0.297493389716249,0.20000000000039);
#2960=ELLIPSE('',#8070,0.282842712472917,0.199999999998796);
#2961=ELLIPSE('',#8071,0.282842712480523,0.200000000008988);
#2962=ELLIPSE('',#8076,0.297493389721823,0.200000000009153);
#2963=ELLIPSE('',#8079,0.297493389715668,0.199999999999999);
#2964=ELLIPSE('',#8082,0.297493389716526,0.200000000000576);
#2965=ELLIPSE('',#8084,0.297493389714758,0.199999999999387);
#2966=ELLIPSE('',#8087,0.297493389715849,0.200000000000121);
#2967=ELLIPSE('',#8092,0.297493389715787,0.200000000000079);
#2968=ELLIPSE('',#8093,0.297493389713878,0.199999999998796);
#2969=ELLIPSE('',#8094,0.297493389716563,0.200000000000601);
#2970=ELLIPSE('',#8107,0.118997355886398,0.0800000000001251);
#2971=ELLIPSE('',#8110,0.45254833997213,0.320000000023873);
#2972=ELLIPSE('',#8111,0.452548339959003,0.319999999999725);
#2973=ELLIPSE('',#8112,0.475989423558297,0.320000000024381);
#2974=ELLIPSE('',#8115,0.475989423544661,0.319999999999725);
#2975=ELLIPSE('',#8119,0.11899735588383,0.0799999999983613);
#2976=ELLIPSE('',#8124,0.452548339960999,0.320000000001136);
#2977=ELLIPSE('',#8125,0.47598942354676,0.320000000001136);
#2978=ELLIPSE('',#8128,0.452548339959823,0.320000000000305);
#2979=ELLIPSE('',#8129,0.475989423545523,0.320000000000305);
#2980=ELLIPSE('',#8132,0.113137084989676,0.0799999999998784);
#2981=ELLIPSE('',#8133,0.118997355886087,0.0799999999998784);
#2982=ELLIPSE('',#8135,0.113137084990057,0.0800000000001477);
#2983=ELLIPSE('',#8136,0.118997355886487,0.0800000000001477);
#2984=ELLIPSE('',#8140,0.45254833995939,0.319999999999998);
#2985=ELLIPSE('',#8141,0.475989423545068,0.319999999999998);
#2986=ELLIPSE('',#8144,0.452548339959685,0.320000000000207);
#2987=ELLIPSE('',#8145,0.475989423545378,0.320000000000207);
#2988=ELLIPSE('',#8148,0.113137084989912,0.0800000000000452);
#2989=ELLIPSE('',#8149,0.118997355886335,0.0800000000000452);
#2990=ELLIPSE('',#8151,0.113137084990073,0.0800000000001588);
#2991=ELLIPSE('',#8152,0.118997355886504,0.0800000000001588);
#2992=VERTEX_POINT('',#10278);
#2993=VERTEX_POINT('',#10279);
#2994=VERTEX_POINT('',#10281);
#2995=VERTEX_POINT('',#10283);
#2996=VERTEX_POINT('',#10285);
#2997=VERTEX_POINT('',#10296);
#2998=VERTEX_POINT('',#10310);
#2999=VERTEX_POINT('',#10314);
#3000=VERTEX_POINT('',#10315);
#3001=VERTEX_POINT('',#10317);
#3002=VERTEX_POINT('',#10319);
#3003=VERTEX_POINT('',#10323);
#3004=VERTEX_POINT('',#10324);
#3005=VERTEX_POINT('',#10326);
#3006=VERTEX_POINT('',#10330);
#3007=VERTEX_POINT('',#10331);
#3008=VERTEX_POINT('',#10333);
#3009=VERTEX_POINT('',#10337);
#3010=VERTEX_POINT('',#10338);
#3011=VERTEX_POINT('',#10348);
#3012=VERTEX_POINT('',#10350);
#3013=VERTEX_POINT('',#10352);
#3014=VERTEX_POINT('',#10366);
#3015=VERTEX_POINT('',#10373);
#3016=VERTEX_POINT('',#10374);
#3017=VERTEX_POINT('',#10377);
#3018=VERTEX_POINT('',#10381);
#3019=VERTEX_POINT('',#10382);
#3020=VERTEX_POINT('',#10384);
#3021=VERTEX_POINT('',#10386);
#3022=VERTEX_POINT('',#10389);
#3023=VERTEX_POINT('',#10391);
#3024=VERTEX_POINT('',#10395);
#3025=VERTEX_POINT('',#10404);
#3026=VERTEX_POINT('',#10406);
#3027=VERTEX_POINT('',#10437);
#3028=VERTEX_POINT('',#10438);
#3029=VERTEX_POINT('',#10440);
#3030=VERTEX_POINT('',#10445);
#3031=VERTEX_POINT('',#10446);
#3032=VERTEX_POINT('',#10455);
#3033=VERTEX_POINT('',#10457);
#3034=VERTEX_POINT('',#10459);
#3035=VERTEX_POINT('',#10463);
#3036=VERTEX_POINT('',#10465);
#3037=VERTEX_POINT('',#10467);
#3038=VERTEX_POINT('',#10479);
#3039=VERTEX_POINT('',#10493);
#3040=VERTEX_POINT('',#10494);
#3041=VERTEX_POINT('',#10500);
#3042=VERTEX_POINT('',#10502);
#3043=VERTEX_POINT('',#10504);
#3044=VERTEX_POINT('',#10506);
#3045=VERTEX_POINT('',#10508);
#3046=VERTEX_POINT('',#10510);
#3047=VERTEX_POINT('',#10512);
#3048=VERTEX_POINT('',#10516);
#3049=VERTEX_POINT('',#10518);
#3050=VERTEX_POINT('',#10519);
#3051=VERTEX_POINT('',#10521);
#3052=VERTEX_POINT('',#10523);
#3053=VERTEX_POINT('',#10527);
#3054=VERTEX_POINT('',#10529);
#3055=VERTEX_POINT('',#10533);
#3056=VERTEX_POINT('',#10537);
#3057=VERTEX_POINT('',#10541);
#3058=VERTEX_POINT('',#10545);
#3059=VERTEX_POINT('',#10547);
#3060=VERTEX_POINT('',#10549);
#3061=VERTEX_POINT('',#10553);
#3062=VERTEX_POINT('',#10557);
#3063=VERTEX_POINT('',#10561);
#3064=VERTEX_POINT('',#10565);
#3065=VERTEX_POINT('',#10567);
#3066=VERTEX_POINT('',#10569);
#3067=VERTEX_POINT('',#10571);
#3068=VERTEX_POINT('',#10573);
#3069=VERTEX_POINT('',#10575);
#3070=VERTEX_POINT('',#10579);
#3071=VERTEX_POINT('',#10581);
#3072=VERTEX_POINT('',#10583);
#3073=VERTEX_POINT('',#10587);
#3074=VERTEX_POINT('',#10593);
#3075=VERTEX_POINT('',#10594);
#3076=VERTEX_POINT('',#10596);
#3077=VERTEX_POINT('',#10598);
#3078=VERTEX_POINT('',#10600);
#3079=VERTEX_POINT('',#10602);
#3080=VERTEX_POINT('',#10604);
#3081=VERTEX_POINT('',#10606);
#3082=VERTEX_POINT('',#10610);
#3083=VERTEX_POINT('',#10612);
#3084=VERTEX_POINT('',#10617);
#3085=VERTEX_POINT('',#10622);
#3086=VERTEX_POINT('',#10624);
#3087=VERTEX_POINT('',#10628);
#3088=VERTEX_POINT('',#10630);
#3089=VERTEX_POINT('',#10632);
#3090=VERTEX_POINT('',#10634);
#3091=VERTEX_POINT('',#10636);
#3092=VERTEX_POINT('',#10639);
#3093=VERTEX_POINT('',#10641);
#3094=VERTEX_POINT('',#10644);
#3095=VERTEX_POINT('',#10646);
#3096=VERTEX_POINT('',#10648);
#3097=VERTEX_POINT('',#10650);
#3098=VERTEX_POINT('',#10653);
#3099=VERTEX_POINT('',#10654);
#3100=VERTEX_POINT('',#10656);
#3101=VERTEX_POINT('',#10658);
#3102=VERTEX_POINT('',#10660);
#3103=VERTEX_POINT('',#10662);
#3104=VERTEX_POINT('',#10667);
#3105=VERTEX_POINT('',#10669);
#3106=VERTEX_POINT('',#10673);
#3107=VERTEX_POINT('',#10677);
#3108=VERTEX_POINT('',#10681);
#3109=VERTEX_POINT('',#10683);
#3110=VERTEX_POINT('',#10687);
#3111=VERTEX_POINT('',#10689);
#3112=VERTEX_POINT('',#10693);
#3113=VERTEX_POINT('',#10696);
#3114=VERTEX_POINT('',#10700);
#3115=VERTEX_POINT('',#10702);
#3116=VERTEX_POINT('',#10706);
#3117=VERTEX_POINT('',#10710);
#3118=VERTEX_POINT('',#10712);
#3119=VERTEX_POINT('',#10715);
#3120=VERTEX_POINT('',#10718);
#3121=VERTEX_POINT('',#10721);
#3122=VERTEX_POINT('',#10724);
#3123=VERTEX_POINT('',#10727);
#3124=VERTEX_POINT('',#10728);
#3125=VERTEX_POINT('',#10730);
#3126=VERTEX_POINT('',#10732);
#3127=VERTEX_POINT('',#10736);
#3128=VERTEX_POINT('',#10737);
#3129=VERTEX_POINT('',#10739);
#3130=VERTEX_POINT('',#10741);
#3131=VERTEX_POINT('',#10745);
#3132=VERTEX_POINT('',#10746);
#3133=VERTEX_POINT('',#10748);
#3134=VERTEX_POINT('',#10750);
#3135=VERTEX_POINT('',#10754);
#3136=VERTEX_POINT('',#10755);
#3137=VERTEX_POINT('',#10757);
#3138=VERTEX_POINT('',#10759);
#3139=VERTEX_POINT('',#10761);
#3140=VERTEX_POINT('',#10763);
#3141=VERTEX_POINT('',#10767);
#3142=VERTEX_POINT('',#10770);
#3143=VERTEX_POINT('',#10773);
#3144=VERTEX_POINT('',#10775);
#3145=VERTEX_POINT('',#10778);
#3146=VERTEX_POINT('',#10781);
#3147=VERTEX_POINT('',#10785);
#3148=VERTEX_POINT('',#10793);
#3149=VERTEX_POINT('',#10795);
#3150=VERTEX_POINT('',#10799);
#3151=VERTEX_POINT('',#10800);
#3152=VERTEX_POINT('',#10802);
#3153=VERTEX_POINT('',#10804);
#3154=VERTEX_POINT('',#10806);
#3155=VERTEX_POINT('',#10808);
#3156=VERTEX_POINT('',#10810);
#3157=VERTEX_POINT('',#10812);
#3158=VERTEX_POINT('',#10822);
#3159=VERTEX_POINT('',#10823);
#3160=VERTEX_POINT('',#10883);
#3161=VERTEX_POINT('',#10888);
#3162=VERTEX_POINT('',#10889);
#3163=VERTEX_POINT('',#10894);
#3164=VERTEX_POINT('',#10896);
#3165=VERTEX_POINT('',#10902);
#3166=VERTEX_POINT('',#10906);
#3167=VERTEX_POINT('',#10912);
#3168=VERTEX_POINT('',#10914);
#3169=VERTEX_POINT('',#10918);
#3170=VERTEX_POINT('',#10922);
#3171=VERTEX_POINT('',#10926);
#3172=VERTEX_POINT('',#10930);
#3173=VERTEX_POINT('',#10934);
#3174=VERTEX_POINT('',#10938);
#3175=VERTEX_POINT('',#10944);
#3176=VERTEX_POINT('',#10946);
#3177=VERTEX_POINT('',#10950);
#3178=VERTEX_POINT('',#10954);
#3179=VERTEX_POINT('',#10958);
#3180=VERTEX_POINT('',#10959);
#3181=VERTEX_POINT('',#10964);
#3182=VERTEX_POINT('',#10968);
#3183=VERTEX_POINT('',#10972);
#3184=VERTEX_POINT('',#10976);
#3185=VERTEX_POINT('',#10982);
#3186=VERTEX_POINT('',#10984);
#3187=VERTEX_POINT('',#10988);
#3188=VERTEX_POINT('',#10992);
#3189=VERTEX_POINT('',#10996);
#3190=VERTEX_POINT('',#11000);
#3191=VERTEX_POINT('',#11006);
#3192=VERTEX_POINT('',#11010);
#3193=VERTEX_POINT('',#11016);
#3194=VERTEX_POINT('',#11020);
#3195=VERTEX_POINT('',#11026);
#3196=VERTEX_POINT('',#11030);
#3197=VERTEX_POINT('',#11034);
#3198=VERTEX_POINT('',#11039);
#3199=VERTEX_POINT('',#11041);
#3200=VERTEX_POINT('',#11043);
#3201=VERTEX_POINT('',#11046);
#3202=VERTEX_POINT('',#11047);
#3203=VERTEX_POINT('',#11052);
#3204=VERTEX_POINT('',#11054);
#3205=VERTEX_POINT('',#11057);
#3206=VERTEX_POINT('',#11058);
#3207=VERTEX_POINT('',#11063);
#3208=VERTEX_POINT('',#11064);
#3209=VERTEX_POINT('',#11069);
#3210=VERTEX_POINT('',#11071);
#3211=VERTEX_POINT('',#11074);
#3212=VERTEX_POINT('',#11075);
#3213=VERTEX_POINT('',#11080);
#3214=VERTEX_POINT('',#11081);
#3215=VERTEX_POINT('',#11086);
#3216=VERTEX_POINT('',#11088);
#3217=VERTEX_POINT('',#11093);
#3218=VERTEX_POINT('',#11096);
#3219=VERTEX_POINT('',#11099);
#3220=VERTEX_POINT('',#11102);
#3221=VERTEX_POINT('',#11104);
#3222=VERTEX_POINT('',#11108);
#3223=VERTEX_POINT('',#11112);
#3224=VERTEX_POINT('',#11116);
#3225=VERTEX_POINT('',#11117);
#3226=VERTEX_POINT('',#11119);
#3227=VERTEX_POINT('',#11121);
#3228=VERTEX_POINT('',#11125);
#3229=VERTEX_POINT('',#11127);
#3230=VERTEX_POINT('',#11131);
#3231=VERTEX_POINT('',#11133);
#3232=VERTEX_POINT('',#11163);
#3233=VERTEX_POINT('',#11164);
#3234=VERTEX_POINT('',#11173);
#3235=VERTEX_POINT('',#11175);
#3236=VERTEX_POINT('',#11177);
#3237=VERTEX_POINT('',#11181);
#3238=VERTEX_POINT('',#11195);
#3239=VERTEX_POINT('',#11199);
#3240=VERTEX_POINT('',#11200);
#3241=VERTEX_POINT('',#11202);
#3242=VERTEX_POINT('',#11204);
#3243=VERTEX_POINT('',#11208);
#3244=VERTEX_POINT('',#11209);
#3245=VERTEX_POINT('',#11211);
#3246=VERTEX_POINT('',#11215);
#3247=VERTEX_POINT('',#11216);
#3248=VERTEX_POINT('',#11218);
#3249=VERTEX_POINT('',#11222);
#3250=VERTEX_POINT('',#11223);
#3251=VERTEX_POINT('',#11226);
#3252=VERTEX_POINT('',#11230);
#3253=VERTEX_POINT('',#11231);
#3254=VERTEX_POINT('',#11240);
#3255=VERTEX_POINT('',#11242);
#3256=VERTEX_POINT('',#11245);
#3257=VERTEX_POINT('',#11259);
#3258=VERTEX_POINT('',#11260);
#3259=VERTEX_POINT('',#11263);
#3260=VERTEX_POINT('',#11265);
#3261=VERTEX_POINT('',#11267);
#3262=VERTEX_POINT('',#11269);
#3263=VERTEX_POINT('',#11274);
#3264=VERTEX_POINT('',#11278);
#3265=VERTEX_POINT('',#11279);
#3266=VERTEX_POINT('',#11284);
#3267=VERTEX_POINT('',#11318);
#3268=VERTEX_POINT('',#11320);
#3269=VERTEX_POINT('',#11322);
#3270=VERTEX_POINT('',#11326);
#3271=VERTEX_POINT('',#11327);
#3272=VERTEX_POINT('',#11329);
#3273=VERTEX_POINT('',#11331);
#3274=VERTEX_POINT('',#11333);
#3275=VERTEX_POINT('',#11344);
#3276=VERTEX_POINT('',#11345);
#3277=VERTEX_POINT('',#11347);
#3278=VERTEX_POINT('',#11360);
#3279=VERTEX_POINT('',#11373);
#3280=VERTEX_POINT('',#11374);
#3281=VERTEX_POINT('',#11380);
#3282=VERTEX_POINT('',#11382);
#3283=VERTEX_POINT('',#11384);
#3284=VERTEX_POINT('',#11386);
#3285=VERTEX_POINT('',#11388);
#3286=VERTEX_POINT('',#11390);
#3287=VERTEX_POINT('',#11400);
#3288=VERTEX_POINT('',#11402);
#3289=VERTEX_POINT('',#11404);
#3290=VERTEX_POINT('',#11408);
#3291=VERTEX_POINT('',#11412);
#3292=VERTEX_POINT('',#11414);
#3293=VERTEX_POINT('',#11418);
#3294=VERTEX_POINT('',#11420);
#3295=VERTEX_POINT('',#11422);
#3296=VERTEX_POINT('',#11426);
#3297=VERTEX_POINT('',#11430);
#3298=VERTEX_POINT('',#11432);
#3299=VERTEX_POINT('',#11435);
#3300=VERTEX_POINT('',#11437);
#3301=VERTEX_POINT('',#11440);
#3302=VERTEX_POINT('',#11442);
#3303=VERTEX_POINT('',#11444);
#3304=VERTEX_POINT('',#11446);
#3305=VERTEX_POINT('',#11448);
#3306=VERTEX_POINT('',#11450);
#3307=VERTEX_POINT('',#11453);
#3308=VERTEX_POINT('',#11454);
#3309=VERTEX_POINT('',#11456);
#3310=VERTEX_POINT('',#11458);
#3311=VERTEX_POINT('',#11460);
#3312=VERTEX_POINT('',#11462);
#3313=VERTEX_POINT('',#11466);
#3314=VERTEX_POINT('',#11470);
#3315=VERTEX_POINT('',#11472);
#3316=VERTEX_POINT('',#11474);
#3317=VERTEX_POINT('',#11476);
#3318=VERTEX_POINT('',#11478);
#3319=VERTEX_POINT('',#11480);
#3320=VERTEX_POINT('',#11484);
#3321=VERTEX_POINT('',#11488);
#3322=VERTEX_POINT('',#11490);
#3323=VERTEX_POINT('',#11494);
#3324=VERTEX_POINT('',#11496);
#3325=VERTEX_POINT('',#11498);
#3326=VERTEX_POINT('',#11500);
#3327=VERTEX_POINT('',#11502);
#3328=VERTEX_POINT('',#11504);
#3329=VERTEX_POINT('',#11508);
#3330=VERTEX_POINT('',#11509);
#3331=VERTEX_POINT('',#11511);
#3332=VERTEX_POINT('',#11513);
#3333=VERTEX_POINT('',#11516);
#3334=VERTEX_POINT('',#11519);
#3335=VERTEX_POINT('',#11520);
#3336=VERTEX_POINT('',#11522);
#3337=VERTEX_POINT('',#11524);
#3338=VERTEX_POINT('',#11528);
#3339=VERTEX_POINT('',#11530);
#3340=VERTEX_POINT('',#11534);
#3341=VERTEX_POINT('',#11536);
#3342=VERTEX_POINT('',#11539);
#3343=VERTEX_POINT('',#11543);
#3344=VERTEX_POINT('',#11547);
#3345=VERTEX_POINT('',#11549);
#3346=VERTEX_POINT('',#11553);
#3347=VERTEX_POINT('',#11555);
#3348=VERTEX_POINT('',#11557);
#3349=VERTEX_POINT('',#11559);
#3350=VERTEX_POINT('',#11562);
#3351=VERTEX_POINT('',#11565);
#3352=VERTEX_POINT('',#11569);
#3353=VERTEX_POINT('',#11571);
#3354=VERTEX_POINT('',#11575);
#3355=VERTEX_POINT('',#11579);
#3356=VERTEX_POINT('',#11581);
#3357=VERTEX_POINT('',#11583);
#3358=VERTEX_POINT('',#11586);
#3359=VERTEX_POINT('',#11588);
#3360=VERTEX_POINT('',#11591);
#3361=VERTEX_POINT('',#11594);
#3362=VERTEX_POINT('',#11597);
#3363=VERTEX_POINT('',#11600);
#3364=VERTEX_POINT('',#11603);
#3365=VERTEX_POINT('',#11604);
#3366=VERTEX_POINT('',#11606);
#3367=VERTEX_POINT('',#11608);
#3368=VERTEX_POINT('',#11612);
#3369=VERTEX_POINT('',#11613);
#3370=VERTEX_POINT('',#11615);
#3371=VERTEX_POINT('',#11617);
#3372=VERTEX_POINT('',#11621);
#3373=VERTEX_POINT('',#11622);
#3374=VERTEX_POINT('',#11624);
#3375=VERTEX_POINT('',#11626);
#3376=VERTEX_POINT('',#11630);
#3377=VERTEX_POINT('',#11631);
#3378=VERTEX_POINT('',#11633);
#3379=VERTEX_POINT('',#11635);
#3380=VERTEX_POINT('',#11637);
#3381=VERTEX_POINT('',#11639);
#3382=VERTEX_POINT('',#11643);
#3383=VERTEX_POINT('',#11646);
#3384=VERTEX_POINT('',#11649);
#3385=VERTEX_POINT('',#11651);
#3386=VERTEX_POINT('',#11654);
#3387=VERTEX_POINT('',#11657);
#3388=VERTEX_POINT('',#11661);
#3389=VERTEX_POINT('',#11669);
#3390=VERTEX_POINT('',#11671);
#3391=VERTEX_POINT('',#11675);
#3392=VERTEX_POINT('',#11676);
#3393=VERTEX_POINT('',#11678);
#3394=VERTEX_POINT('',#11680);
#3395=VERTEX_POINT('',#11682);
#3396=VERTEX_POINT('',#11684);
#3397=VERTEX_POINT('',#11686);
#3398=VERTEX_POINT('',#11688);
#3399=VERTEX_POINT('',#11698);
#3400=VERTEX_POINT('',#11699);
#3401=VERTEX_POINT('',#11759);
#3402=VERTEX_POINT('',#11764);
#3403=VERTEX_POINT('',#11765);
#3404=VERTEX_POINT('',#11770);
#3405=VERTEX_POINT('',#11772);
#3406=VERTEX_POINT('',#11778);
#3407=VERTEX_POINT('',#11782);
#3408=VERTEX_POINT('',#11788);
#3409=VERTEX_POINT('',#11790);
#3410=VERTEX_POINT('',#11794);
#3411=VERTEX_POINT('',#11798);
#3412=VERTEX_POINT('',#11802);
#3413=VERTEX_POINT('',#11803);
#3414=VERTEX_POINT('',#11812);
#3415=VERTEX_POINT('',#11814);
#3416=VERTEX_POINT('',#11818);
#3417=VERTEX_POINT('',#11822);
#3418=VERTEX_POINT('',#11826);
#3419=VERTEX_POINT('',#11827);
#3420=VERTEX_POINT('',#11836);
#3421=VERTEX_POINT('',#11838);
#3422=VERTEX_POINT('',#11842);
#3423=VERTEX_POINT('',#11846);
#3424=VERTEX_POINT('',#11850);
#3425=VERTEX_POINT('',#11854);
#3426=VERTEX_POINT('',#11860);
#3427=VERTEX_POINT('',#11864);
#3428=VERTEX_POINT('',#11870);
#3429=VERTEX_POINT('',#11874);
#3430=VERTEX_POINT('',#11880);
#3431=VERTEX_POINT('',#11882);
#3432=VERTEX_POINT('',#11886);
#3433=VERTEX_POINT('',#11888);
#3434=VERTEX_POINT('',#11892);
#3435=VERTEX_POINT('',#11894);
#3436=VERTEX_POINT('',#11898);
#3437=VERTEX_POINT('',#11900);
#3438=VERTEX_POINT('',#11904);
#3439=VERTEX_POINT('',#11906);
#3440=VERTEX_POINT('',#11915);
#3441=VERTEX_POINT('',#11919);
#3442=VERTEX_POINT('',#11920);
#3443=VERTEX_POINT('',#11925);
#3444=VERTEX_POINT('',#11927);
#3445=VERTEX_POINT('',#11930);
#3446=VERTEX_POINT('',#11931);
#3447=VERTEX_POINT('',#11936);
#3448=VERTEX_POINT('',#11937);
#3449=VERTEX_POINT('',#11942);
#3450=VERTEX_POINT('',#11944);
#3451=VERTEX_POINT('',#11949);
#3452=VERTEX_POINT('',#11950);
#3453=VERTEX_POINT('',#11955);
#3454=VERTEX_POINT('',#11957);
#3455=VERTEX_POINT('',#11960);
#3456=VERTEX_POINT('',#11961);
#3457=VERTEX_POINT('',#11966);
#3458=VERTEX_POINT('',#11969);
#3459=VERTEX_POINT('',#11972);
#3460=VERTEX_POINT('',#11975);
#3461=VERTEX_POINT('',#11977);
#3462=VERTEX_POINT('',#11981);
#3463=VERTEX_POINT('',#11985);
#3464=VERTEX_POINT('',#11989);
#3465=VERTEX_POINT('',#11990);
#3466=VERTEX_POINT('',#11992);
#3467=VERTEX_POINT('',#11994);
#3468=VERTEX_POINT('',#11998);
#3469=VERTEX_POINT('',#12000);
#3470=VERTEX_POINT('',#12004);
#3471=VERTEX_POINT('',#12006);
#3472=VERTEX_POINT('',#12043);
#3473=VERTEX_POINT('',#12044);
#3474=VERTEX_POINT('',#12055);
#3475=VERTEX_POINT('',#12057);
#3476=VERTEX_POINT('',#12059);
#3477=VERTEX_POINT('',#12070);
#3478=VERTEX_POINT('',#12072);
#3479=VERTEX_POINT('',#12074);
#3480=VERTEX_POINT('',#12076);
#3481=VERTEX_POINT('',#12080);
#3482=VERTEX_POINT('',#12082);
#3483=VERTEX_POINT('',#12089);
#3484=VERTEX_POINT('',#12093);
#3485=VERTEX_POINT('',#12095);
#3486=VERTEX_POINT('',#12097);
#3487=VERTEX_POINT('',#12101);
#3488=VERTEX_POINT('',#12103);
#3489=VERTEX_POINT('',#12107);
#3490=VERTEX_POINT('',#12109);
#3491=VERTEX_POINT('',#12111);
#3492=VERTEX_POINT('',#12115);
#3493=VERTEX_POINT('',#12116);
#3494=VERTEX_POINT('',#12118);
#3495=VERTEX_POINT('',#12120);
#3496=VERTEX_POINT('',#12124);
#3497=VERTEX_POINT('',#12126);
#3498=VERTEX_POINT('',#12128);
#3499=VERTEX_POINT('',#12132);
#3500=VERTEX_POINT('',#12133);
#3501=VERTEX_POINT('',#12147);
#3502=VERTEX_POINT('',#12149);
#3503=VERTEX_POINT('',#12151);
#3504=VERTEX_POINT('',#12153);
#3505=VERTEX_POINT('',#12155);
#3506=VERTEX_POINT('',#12157);
#3507=VERTEX_POINT('',#12159);
#3508=VERTEX_POINT('',#12162);
#3509=VERTEX_POINT('',#12164);
#3510=VERTEX_POINT('',#12166);
#3511=VERTEX_POINT('',#12168);
#3512=VERTEX_POINT('',#12169);
#3513=VERTEX_POINT('',#12171);
#3514=VERTEX_POINT('',#12173);
#3515=VERTEX_POINT('',#12175);
#3516=VERTEX_POINT('',#12177);
#3517=VERTEX_POINT('',#12181);
#3518=VERTEX_POINT('',#12183);
#3519=VERTEX_POINT('',#12187);
#3520=VERTEX_POINT('',#12191);
#3521=VERTEX_POINT('',#12193);
#3522=VERTEX_POINT('',#12199);
#3523=VERTEX_POINT('',#12205);
#3524=VERTEX_POINT('',#12207);
#3525=VERTEX_POINT('',#12209);
#3526=VERTEX_POINT('',#12211);
#3527=VERTEX_POINT('',#12213);
#3528=VERTEX_POINT('',#12215);
#3529=VERTEX_POINT('',#12217);
#3530=VERTEX_POINT('',#12220);
#3531=VERTEX_POINT('',#12222);
#3532=VERTEX_POINT('',#12224);
#3533=VERTEX_POINT('',#12234);
#3534=VERTEX_POINT('',#12247);
#3535=VERTEX_POINT('',#12249);
#3536=VERTEX_POINT('',#12253);
#3537=VERTEX_POINT('',#12255);
#3538=VERTEX_POINT('',#12265);
#3539=VERTEX_POINT('',#12267);
#3540=VERTEX_POINT('',#12295);
#3541=VERTEX_POINT('',#12296);
#3542=VERTEX_POINT('',#12311);
#3543=VERTEX_POINT('',#12313);
#3544=VERTEX_POINT('',#12328);
#3545=VERTEX_POINT('',#12330);
#3546=VERTEX_POINT('',#12338);
#3547=VERTEX_POINT('',#12340);
#3548=VERTEX_POINT('',#12429);
#3549=VERTEX_POINT('',#12434);
#3550=VERTEX_POINT('',#12450);
#3551=VERTEX_POINT('',#12535);
#3552=VERTEX_POINT('',#12545);
#3553=VERTEX_POINT('',#12547);
#3554=VERTEX_POINT('',#12549);
#3555=VERTEX_POINT('',#12551);
#3556=VERTEX_POINT('',#12553);
#3557=VERTEX_POINT('',#12556);
#3558=VERTEX_POINT('',#12590);
#3559=VERTEX_POINT('',#12591);
#3560=VERTEX_POINT('',#12593);
#3561=VERTEX_POINT('',#12595);
#3562=VERTEX_POINT('',#12597);
#3563=VERTEX_POINT('',#12599);
#3564=VERTEX_POINT('',#12601);
#3565=VERTEX_POINT('',#12603);
#3566=VERTEX_POINT('',#12608);
#3567=VERTEX_POINT('',#12614);
#3568=VERTEX_POINT('',#12618);
#3569=VERTEX_POINT('',#12622);
#3570=VERTEX_POINT('',#12623);
#3571=VERTEX_POINT('',#12625);
#3572=VERTEX_POINT('',#12627);
#3573=VERTEX_POINT('',#12629);
#3574=VERTEX_POINT('',#12631);
#3575=VERTEX_POINT('',#12633);
#3576=VERTEX_POINT('',#12635);
#3577=VERTEX_POINT('',#12639);
#3578=VERTEX_POINT('',#12641);
#3579=VERTEX_POINT('',#12645);
#3580=VERTEX_POINT('',#12647);
#3581=VERTEX_POINT('',#12651);
#3582=VERTEX_POINT('',#12655);
#3583=VERTEX_POINT('',#12659);
#3584=VERTEX_POINT('',#12660);
#3585=VERTEX_POINT('',#12662);
#3586=VERTEX_POINT('',#12664);
#3587=VERTEX_POINT('',#12666);
#3588=VERTEX_POINT('',#12668);
#3589=VERTEX_POINT('',#12672);
#3590=VERTEX_POINT('',#12675);
#3591=VERTEX_POINT('',#12679);
#3592=VERTEX_POINT('',#12681);
#3593=VERTEX_POINT('',#12694);
#3594=VERTEX_POINT('',#12698);
#3595=VERTEX_POINT('',#12702);
#3596=VERTEX_POINT('',#12706);
#3597=VERTEX_POINT('',#12710);
#3598=VERTEX_POINT('',#12714);
#3599=VERTEX_POINT('',#12718);
#3600=VERTEX_POINT('',#12722);
#3601=VERTEX_POINT('',#12745);
#3602=VERTEX_POINT('',#12747);
#3603=VERTEX_POINT('',#12749);
#3604=VERTEX_POINT('',#12751);
#3605=VERTEX_POINT('',#12766);
#3606=VERTEX_POINT('',#12964);
#3607=VERTEX_POINT('',#12965);
#3608=VERTEX_POINT('',#12967);
#3609=VERTEX_POINT('',#12969);
#3610=VERTEX_POINT('',#12973);
#3611=VERTEX_POINT('',#12975);
#3612=VERTEX_POINT('',#12977);
#3613=VERTEX_POINT('',#12981);
#3614=VERTEX_POINT('',#12983);
#3615=VERTEX_POINT('',#12985);
#3616=VERTEX_POINT('',#12987);
#3617=VERTEX_POINT('',#13000);
#3618=VERTEX_POINT('',#13004);
#3619=VERTEX_POINT('',#13008);
#3620=VERTEX_POINT('',#13012);
#3621=VERTEX_POINT('',#13014);
#3622=VERTEX_POINT('',#13018);
#3623=VERTEX_POINT('',#13020);
#3624=VERTEX_POINT('',#13024);
#3625=VERTEX_POINT('',#13026);
#3626=VERTEX_POINT('',#13028);
#3627=VERTEX_POINT('',#13030);
#3628=VERTEX_POINT('',#13032);
#3629=VERTEX_POINT('',#13034);
#3630=VERTEX_POINT('',#13038);
#3631=VERTEX_POINT('',#13040);
#3632=VERTEX_POINT('',#13042);
#3633=VERTEX_POINT('',#13044);
#3634=VERTEX_POINT('',#13046);
#3635=VERTEX_POINT('',#13057);
#3636=VERTEX_POINT('',#13066);
#3637=VERTEX_POINT('',#13068);
#3638=VERTEX_POINT('',#13070);
#3639=VERTEX_POINT('',#13072);
#3640=VERTEX_POINT('',#13076);
#3641=VERTEX_POINT('',#13077);
#3642=VERTEX_POINT('',#13079);
#3643=VERTEX_POINT('',#13081);
#3644=VERTEX_POINT('',#13085);
#3645=VERTEX_POINT('',#13087);
#3646=VERTEX_POINT('',#13091);
#3647=VERTEX_POINT('',#13093);
#3648=VERTEX_POINT('',#13097);
#3649=VERTEX_POINT('',#13099);
#3650=VERTEX_POINT('',#13106);
#3651=VERTEX_POINT('',#13108);
#3652=VERTEX_POINT('',#13116);
#3653=VERTEX_POINT('',#13117);
#3654=VERTEX_POINT('',#13119);
#3655=VERTEX_POINT('',#13121);
#3656=VERTEX_POINT('',#13125);
#3657=VERTEX_POINT('',#13127);
#3658=VERTEX_POINT('',#13131);
#3659=VERTEX_POINT('',#13133);
#3660=VERTEX_POINT('',#13137);
#3661=VERTEX_POINT('',#13139);
#3662=VERTEX_POINT('',#13146);
#3663=VERTEX_POINT('',#13148);
#3664=VERTEX_POINT('',#13156);
#3665=VERTEX_POINT('',#13163);
#3666=VERTEX_POINT('',#13170);
#3667=VERTEX_POINT('',#13175);
#3668=VERTEX_POINT('',#13204);
#3669=VERTEX_POINT('',#13209);
#3670=VERTEX_POINT('',#13250);
#3671=VERTEX_POINT('',#13333);
#3672=EDGE_CURVE('',#2992,#2993,#2882,.T.);
#3673=EDGE_CURVE('',#2993,#2994,#1504,.T.);
#3674=EDGE_CURVE('',#2994,#2995,#1296,.T.);
#3675=EDGE_CURVE('',#2995,#2996,#1505,.T.);
#3676=EDGE_CURVE('',#2996,#2992,#1234,.T.);
#3677=EDGE_CURVE('',#2997,#2994,#1235,.T.);
#3678=EDGE_CURVE('',#2997,#2998,#1297,.T.);
#3679=EDGE_CURVE('',#2998,#2995,#1506,.T.);
#3680=EDGE_CURVE('',#2999,#3000,#1507,.T.);
#3681=EDGE_CURVE('',#3000,#3001,#2883,.T.);
#3682=EDGE_CURVE('',#3001,#3002,#1508,.T.);
#3683=EDGE_CURVE('',#3002,#2999,#2884,.T.);
#3684=EDGE_CURVE('',#3003,#3004,#1298,.F.);
#3685=EDGE_CURVE('',#3005,#3003,#1299,.F.);
#3686=EDGE_CURVE('',#3004,#3005,#1300,.F.);
#3687=EDGE_CURVE('',#3006,#3007,#1301,.F.);
#3688=EDGE_CURVE('',#3008,#3006,#1302,.F.);
#3689=EDGE_CURVE('',#3007,#3008,#1303,.F.);
#3690=EDGE_CURVE('',#3009,#3010,#1236,.T.);
#3691=EDGE_CURVE('',#3009,#3008,#1509,.T.);
#3692=EDGE_CURVE('',#3006,#3011,#1510,.T.);
#3693=EDGE_CURVE('',#3011,#3012,#1304,.T.);
#3694=EDGE_CURVE('',#3012,#3013,#1511,.T.);
#3695=EDGE_CURVE('',#3010,#3013,#1237,.T.);
#3696=EDGE_CURVE('',#3002,#3007,#1512,.T.);
#3697=EDGE_CURVE('',#3008,#3014,#1513,.T.);
#3698=EDGE_CURVE('',#3014,#2999,#2885,.T.);
#3699=EDGE_CURVE('',#3007,#3005,#1514,.T.);
#3700=EDGE_CURVE('',#3003,#3006,#1515,.T.);
#3701=EDGE_CURVE('',#3015,#3016,#2886,.T.);
#3702=EDGE_CURVE('',#3016,#3004,#1516,.T.);
#3703=EDGE_CURVE('',#3005,#3017,#1517,.T.);
#3704=EDGE_CURVE('',#3017,#3015,#2887,.T.);
#3705=EDGE_CURVE('',#3018,#3019,#2888,.T.);
#3706=EDGE_CURVE('',#3019,#3020,#1518,.T.);
#3707=EDGE_CURVE('',#3020,#3021,#1305,.T.);
#3708=EDGE_CURVE('',#3021,#3003,#1519,.T.);
#3709=EDGE_CURVE('',#3004,#3022,#1520,.T.);
#3710=EDGE_CURVE('',#3022,#3023,#2889,.T.);
#3711=EDGE_CURVE('',#3023,#3018,#1521,.T.);
#3712=EDGE_CURVE('',#3012,#3024,#1238,.T.);
#3713=EDGE_CURVE('',#3011,#3025,#1522,.T.);
#3714=EDGE_CURVE('',#3025,#3026,#1306,.T.);
#3715=EDGE_CURVE('',#3024,#3026,#1239,.T.);
#3716=EDGE_CURVE('',#2997,#3026,#1240,.T.);
#3717=EDGE_CURVE('',#3025,#2998,#1307,.T.);
#3718=EDGE_CURVE('',#3027,#3028,#1523,.T.);
#3719=EDGE_CURVE('',#3028,#3029,#1308,.T.);
#3720=EDGE_CURVE('',#3029,#3021,#1524,.T.);
#3721=EDGE_CURVE('',#3020,#3027,#2890,.T.);
#3722=EDGE_CURVE('',#3030,#3031,#1241,.T.);
#3723=EDGE_CURVE('',#3031,#3032,#1525,.T.);
#3724=EDGE_CURVE('',#3032,#3033,#1309,.T.);
#3725=EDGE_CURVE('',#3033,#3034,#1526,.T.);
#3726=EDGE_CURVE('',#3034,#3030,#2891,.T.);
#3727=EDGE_CURVE('',#3035,#3033,#2892,.T.);
#3728=EDGE_CURVE('',#3032,#3036,#1527,.T.);
#3729=EDGE_CURVE('',#3036,#3037,#1310,.T.);
#3730=EDGE_CURVE('',#3037,#3035,#2893,.T.);
#3731=EDGE_CURVE('',#3038,#3037,#1242,.T.);
#3732=EDGE_CURVE('',#3036,#3029,#1311,.T.);
#3733=EDGE_CURVE('',#3028,#3038,#1243,.T.);
#3734=EDGE_CURVE('',#3039,#3040,#1312,.T.);
#3735=EDGE_CURVE('',#3040,#3024,#1528,.T.);
#3736=EDGE_CURVE('',#2994,#3012,#1313,.F.);
#3737=EDGE_CURVE('',#3040,#3039,#1314,.T.);
#3738=EDGE_CURVE('',#2993,#3041,#1529,.T.);
#3739=EDGE_CURVE('',#3042,#3041,#1315,.T.);
#3740=EDGE_CURVE('',#3043,#3042,#1530,.T.);
#3741=EDGE_CURVE('',#3044,#3043,#1531,.T.);
#3742=EDGE_CURVE('',#3044,#3045,#1532,.T.);
#3743=EDGE_CURVE('',#3045,#3046,#1316,.T.);
#3744=EDGE_CURVE('',#3046,#3047,#1533,.T.);
#3745=EDGE_CURVE('',#3014,#3047,#1534,.T.);
#3746=EDGE_CURVE('',#3013,#3009,#1317,.F.);
#3747=EDGE_CURVE('',#3048,#3048,#1318,.F.);
#3748=EDGE_CURVE('',#3049,#3050,#1535,.T.);
#3749=EDGE_CURVE('',#3050,#3051,#1536,.T.);
#3750=EDGE_CURVE('',#3052,#3051,#1537,.T.);
#3751=EDGE_CURVE('',#3049,#3052,#1538,.T.);
#3752=EDGE_CURVE('',#3053,#2992,#1539,.T.);
#3753=EDGE_CURVE('',#3053,#3054,#1540,.T.);
#3754=EDGE_CURVE('',#3041,#3054,#1541,.F.);
#3755=EDGE_CURVE('',#2996,#3055,#1542,.F.);
#3756=EDGE_CURVE('',#3055,#3053,#1319,.T.);
#3757=EDGE_CURVE('',#3056,#2998,#1543,.T.);
#3758=EDGE_CURVE('',#3055,#3056,#1544,.T.);
#3759=EDGE_CURVE('',#3025,#3057,#1545,.F.);
#3760=EDGE_CURVE('',#3057,#3056,#1320,.T.);
#3761=EDGE_CURVE('',#3058,#3029,#1546,.F.);
#3762=EDGE_CURVE('',#3058,#3059,#1547,.T.);
#3763=EDGE_CURVE('',#3060,#3059,#1548,.T.);
#3764=EDGE_CURVE('',#3057,#3060,#1549,.T.);
#3765=EDGE_CURVE('',#3036,#3061,#1550,.T.);
#3766=EDGE_CURVE('',#3061,#3058,#1321,.F.);
#3767=EDGE_CURVE('',#3062,#3031,#1551,.F.);
#3768=EDGE_CURVE('',#3062,#3061,#1552,.T.);
#3769=EDGE_CURVE('',#3030,#3063,#1553,.T.);
#3770=EDGE_CURVE('',#3063,#3062,#1322,.F.);
#3771=EDGE_CURVE('',#3034,#3064,#1554,.T.);
#3772=EDGE_CURVE('',#3065,#3064,#1555,.F.);
#3773=EDGE_CURVE('',#3066,#3065,#1556,.T.);
#3774=EDGE_CURVE('',#3067,#3066,#2894,.T.);
#3775=EDGE_CURVE('',#3067,#3068,#2895,.T.);
#3776=EDGE_CURVE('',#3069,#3068,#2896,.T.);
#3777=EDGE_CURVE('',#3063,#3069,#1557,.T.);
#3778=EDGE_CURVE('',#3035,#3070,#1558,.T.);
#3779=EDGE_CURVE('',#3071,#3070,#1559,.T.);
#3780=EDGE_CURVE('',#3071,#3072,#1560,.T.);
#3781=EDGE_CURVE('',#3033,#3072,#1561,.T.);
#3782=EDGE_CURVE('',#3047,#3073,#1562,.T.);
#3783=EDGE_CURVE('',#3073,#3000,#1563,.T.);
#3784=EDGE_CURVE('',#3017,#3001,#1564,.T.);
#3785=EDGE_CURVE('',#3074,#3075,#1565,.T.);
#3786=EDGE_CURVE('',#3074,#3076,#1566,.T.);
#3787=EDGE_CURVE('',#3076,#3077,#1567,.T.);
#3788=EDGE_CURVE('',#3078,#3077,#2897,.F.);
#3789=EDGE_CURVE('',#3078,#3079,#1568,.T.);
#3790=EDGE_CURVE('',#3080,#3079,#2898,.F.);
#3791=EDGE_CURVE('',#3080,#3081,#1569,.T.);
#3792=EDGE_CURVE('',#3075,#3081,#1570,.T.);
#3793=EDGE_CURVE('',#3082,#3074,#2899,.T.);
#3794=EDGE_CURVE('',#3083,#3082,#1571,.F.);
#3795=EDGE_CURVE('',#3083,#3076,#2900,.F.);
#3796=EDGE_CURVE('',#3073,#3015,#1572,.T.);
#3797=EDGE_CURVE('',#3047,#3084,#1573,.T.);
#3798=EDGE_CURVE('',#3084,#3082,#1574,.T.);
#3799=EDGE_CURVE('',#3075,#3016,#1575,.T.);
#3800=EDGE_CURVE('',#3084,#3085,#1576,.T.);
#3801=EDGE_CURVE('',#3046,#3086,#1577,.T.);
#3802=EDGE_CURVE('',#3086,#3085,#2901,.T.);
#3803=EDGE_CURVE('',#3081,#3087,#1578,.T.);
#3804=EDGE_CURVE('',#3087,#3088,#1323,.T.);
#3805=EDGE_CURVE('',#3088,#3089,#1579,.T.);
#3806=EDGE_CURVE('',#3090,#3089,#1580,.T.);
#3807=EDGE_CURVE('',#3091,#3090,#1581,.T.);
#3808=EDGE_CURVE('',#3064,#3091,#1324,.F.);
#3809=EDGE_CURVE('',#3072,#3092,#1582,.T.);
#3810=EDGE_CURVE('',#3092,#3093,#1583,.T.);
#3811=EDGE_CURVE('',#3093,#3020,#1584,.T.);
#3812=EDGE_CURVE('',#3019,#3094,#1585,.T.);
#3813=EDGE_CURVE('',#3094,#3095,#1586,.T.);
#3814=EDGE_CURVE('',#3095,#3096,#1587,.T.);
#3815=EDGE_CURVE('',#3096,#3097,#1588,.T.);
#3816=EDGE_CURVE('',#3097,#3022,#1589,.T.);
#3817=EDGE_CURVE('',#3098,#3099,#1590,.T.);
#3818=EDGE_CURVE('',#3099,#3100,#1591,.T.);
#3819=EDGE_CURVE('',#3100,#3101,#1592,.T.);
#3820=EDGE_CURVE('',#3101,#3102,#1593,.T.);
#3821=EDGE_CURVE('',#3102,#3103,#1594,.T.);
#3822=EDGE_CURVE('',#3103,#3098,#1595,.T.);
#3823=EDGE_CURVE('',#3068,#3104,#1596,.T.);
#3824=EDGE_CURVE('',#3104,#3105,#1325,.F.);
#3825=EDGE_CURVE('',#3105,#3069,#1597,.T.);
#3826=EDGE_CURVE('',#3106,#3067,#1598,.T.);
#3827=EDGE_CURVE('',#3104,#3106,#1326,.T.);
#3828=EDGE_CURVE('',#3066,#3107,#1599,.T.);
#3829=EDGE_CURVE('',#3107,#3106,#1327,.F.);
#3830=EDGE_CURVE('',#3108,#3108,#1328,.T.);
#3831=EDGE_CURVE('',#3108,#3109,#1329,.T.);
#3832=EDGE_CURVE('',#3109,#3109,#1330,.T.);
#3833=EDGE_CURVE('',#3110,#3107,#1600,.T.);
#3834=EDGE_CURVE('',#3110,#3111,#1601,.T.);
#3835=EDGE_CURVE('',#3111,#3060,#1602,.T.);
#3836=EDGE_CURVE('',#3105,#3059,#1603,.T.);
#3837=EDGE_CURVE('',#3112,#3112,#1331,.T.);
#3838=EDGE_CURVE('',#3108,#3113,#1604,.T.);
#3839=EDGE_CURVE('',#3113,#3113,#1332,.T.);
#3840=EDGE_CURVE('',#3112,#3114,#1333,.T.);
#3841=EDGE_CURVE('',#3114,#3115,#1334,.T.);
#3842=EDGE_CURVE('',#3115,#3114,#1335,.T.);
#3843=EDGE_CURVE('',#3115,#3116,#1605,.T.);
#3844=EDGE_CURVE('',#3116,#3116,#1336,.T.);
#3845=EDGE_CURVE('',#3117,#3117,#1337,.F.);
#3846=EDGE_CURVE('',#3118,#3118,#1338,.F.);
#3847=EDGE_CURVE('',#3119,#3119,#1339,.T.);
#3848=EDGE_CURVE('',#3120,#3120,#1340,.T.);
#3849=EDGE_CURVE('',#3121,#3065,#1341,.F.);
#3850=EDGE_CURVE('',#3110,#3121,#1606,.T.);
#3851=EDGE_CURVE('',#3122,#3122,#1342,.F.);
#3852=EDGE_CURVE('',#3123,#3124,#1607,.F.);
#3853=EDGE_CURVE('',#3124,#3125,#1608,.T.);
#3854=EDGE_CURVE('',#3125,#3126,#1609,.T.);
#3855=EDGE_CURVE('',#3123,#3126,#1610,.T.);
#3856=EDGE_CURVE('',#3127,#3128,#1611,.F.);
#3857=EDGE_CURVE('',#3128,#3129,#1612,.T.);
#3858=EDGE_CURVE('',#3129,#3130,#1613,.T.);
#3859=EDGE_CURVE('',#3130,#3127,#1614,.T.);
#3860=EDGE_CURVE('',#3131,#3132,#1615,.F.);
#3861=EDGE_CURVE('',#3132,#3133,#1616,.T.);
#3862=EDGE_CURVE('',#3133,#3134,#1617,.T.);
#3863=EDGE_CURVE('',#3131,#3134,#1618,.T.);
#3864=EDGE_CURVE('',#3135,#3136,#1619,.T.);
#3865=EDGE_CURVE('',#3135,#3137,#2902,.T.);
#3866=EDGE_CURVE('',#3137,#3138,#1620,.T.);
#3867=EDGE_CURVE('',#3138,#3139,#1621,.T.);
#3868=EDGE_CURVE('',#3140,#3139,#1622,.T.);
#3869=EDGE_CURVE('',#3140,#3136,#2903,.T.);
#3870=EDGE_CURVE('',#3080,#3141,#1343,.F.);
#3871=EDGE_CURVE('',#3141,#3079,#1344,.F.);
#3872=EDGE_CURVE('',#3078,#3142,#1345,.F.);
#3873=EDGE_CURVE('',#3142,#3077,#1346,.F.);
#3874=EDGE_CURVE('',#3076,#3143,#1623,.T.);
#3875=EDGE_CURVE('',#3143,#3144,#2904,.F.);
#3876=EDGE_CURVE('',#3144,#3087,#1624,.T.);
#3877=EDGE_CURVE('',#3145,#3138,#1625,.T.);
#3878=EDGE_CURVE('',#3145,#3123,#1347,.T.);
#3879=EDGE_CURVE('',#3126,#3146,#1348,.T.);
#3880=EDGE_CURVE('',#3146,#3139,#1626,.T.);
#3881=EDGE_CURVE('',#3085,#3147,#1627,.T.);
#3882=EDGE_CURVE('',#3147,#3083,#1628,.F.);
#3883=EDGE_CURVE('',#3119,#3142,#1629,.T.);
#3884=EDGE_CURVE('',#3120,#3141,#1630,.T.);
#3885=EDGE_CURVE('',#3136,#3148,#1631,.F.);
#3886=EDGE_CURVE('',#3148,#3149,#1632,.T.);
#3887=EDGE_CURVE('',#3149,#3135,#1633,.T.);
#3888=EDGE_CURVE('',#3150,#3151,#1349,.F.);
#3889=EDGE_CURVE('',#3151,#3152,#1634,.T.);
#3890=EDGE_CURVE('',#3152,#3153,#1350,.F.);
#3891=EDGE_CURVE('',#3153,#3154,#1635,.T.);
#3892=EDGE_CURVE('',#3154,#3155,#1351,.F.);
#3893=EDGE_CURVE('',#3155,#3156,#1636,.T.);
#3894=EDGE_CURVE('',#3156,#3157,#1352,.F.);
#3895=EDGE_CURVE('',#3157,#3150,#1637,.T.);
#3896=EDGE_CURVE('',#3137,#3127,#2905,.T.);
#3897=EDGE_CURVE('',#3130,#3145,#2906,.T.);
#3898=EDGE_CURVE('',#3134,#3140,#2907,.F.);
#3899=EDGE_CURVE('',#3146,#3131,#2908,.F.);
#3900=EDGE_CURVE('',#3158,#3159,#1638,.F.);
#3901=EDGE_CURVE('',#3158,#3147,#2909,.F.);
#3902=EDGE_CURVE('',#3086,#3159,#1244,.T.);
#3903=EDGE_CURVE('',#3149,#3128,#1353,.T.);
#3904=EDGE_CURVE('',#3133,#3148,#1354,.T.);
#3905=EDGE_CURVE('',#3125,#3132,#1355,.T.);
#3906=EDGE_CURVE('',#3129,#3124,#1356,.T.);
#3907=EDGE_CURVE('',#3158,#3144,#1357,.T.);
#3908=EDGE_CURVE('',#3147,#3143,#1358,.T.);
#3909=EDGE_CURVE('',#3159,#3045,#1639,.F.);
#3910=EDGE_CURVE('',#3156,#3148,#1640,.T.);
#3911=EDGE_CURVE('',#3149,#3155,#1641,.T.);
#3912=EDGE_CURVE('',#3128,#3154,#1642,.T.);
#3913=EDGE_CURVE('',#3157,#3133,#1643,.T.);
#3914=EDGE_CURVE('',#3129,#3153,#1644,.T.);
#3915=EDGE_CURVE('',#3150,#3132,#1645,.T.);
#3916=EDGE_CURVE('',#3124,#3152,#1646,.T.);
#3917=EDGE_CURVE('',#3151,#3125,#1647,.T.);
#3918=EDGE_CURVE('',#3088,#3158,#1648,.F.);
#3919=EDGE_CURVE('',#3089,#3044,#1649,.T.);
#3920=EDGE_CURVE('',#3043,#3090,#1650,.T.);
#3921=EDGE_CURVE('',#3160,#3042,#1651,.T.);
#3922=EDGE_CURVE('',#3111,#3160,#1652,.T.);
#3923=EDGE_CURVE('',#3091,#3121,#1653,.T.);
#3924=EDGE_CURVE('',#3161,#3162,#1654,.T.);
#3925=EDGE_CURVE('',#3161,#3101,#1655,.T.);
#3926=EDGE_CURVE('',#3162,#3100,#1656,.T.);
#3927=EDGE_CURVE('',#3163,#3098,#1657,.T.);
#3928=EDGE_CURVE('',#3164,#3163,#1658,.T.);
#3929=EDGE_CURVE('',#3099,#3164,#1659,.T.);
#3930=EDGE_CURVE('',#3162,#3164,#1660,.T.);
#3931=EDGE_CURVE('',#3165,#3103,#1661,.T.);
#3932=EDGE_CURVE('',#3163,#3165,#1662,.T.);
#3933=EDGE_CURVE('',#3166,#3102,#1663,.T.);
#3934=EDGE_CURVE('',#3165,#3166,#1664,.T.);
#3935=EDGE_CURVE('',#3166,#3161,#1665,.T.);
#3936=EDGE_CURVE('',#3166,#3167,#1666,.T.);
#3937=EDGE_CURVE('',#3167,#3168,#1667,.T.);
#3938=EDGE_CURVE('',#3165,#3168,#1668,.T.);
#3939=EDGE_CURVE('',#3168,#3169,#1669,.T.);
#3940=EDGE_CURVE('',#3163,#3169,#1670,.T.);
#3941=EDGE_CURVE('',#3169,#3170,#1671,.T.);
#3942=EDGE_CURVE('',#3164,#3170,#1672,.T.);
#3943=EDGE_CURVE('',#3171,#3071,#1673,.T.);
#3944=EDGE_CURVE('',#3171,#3092,#1674,.T.);
#3945=EDGE_CURVE('',#3172,#3038,#1675,.T.);
#3946=EDGE_CURVE('',#3070,#3172,#1676,.T.);
#3947=EDGE_CURVE('',#3173,#3027,#1677,.T.);
#3948=EDGE_CURVE('',#3172,#3173,#1678,.T.);
#3949=EDGE_CURVE('',#3174,#3093,#1679,.T.);
#3950=EDGE_CURVE('',#3173,#3174,#1680,.T.);
#3951=EDGE_CURVE('',#3174,#3171,#1681,.T.);
#3952=EDGE_CURVE('',#3174,#3175,#1682,.T.);
#3953=EDGE_CURVE('',#3175,#3176,#1683,.T.);
#3954=EDGE_CURVE('',#3173,#3176,#1684,.T.);
#3955=EDGE_CURVE('',#3176,#3177,#1685,.T.);
#3956=EDGE_CURVE('',#3172,#3177,#1686,.T.);
#3957=EDGE_CURVE('',#3177,#3178,#1687,.T.);
#3958=EDGE_CURVE('',#3070,#3178,#1688,.T.);
#3959=EDGE_CURVE('',#3179,#3180,#1689,.T.);
#3960=EDGE_CURVE('',#3096,#3179,#1690,.T.);
#3961=EDGE_CURVE('',#3180,#3095,#1691,.T.);
#3962=EDGE_CURVE('',#3181,#3094,#1692,.T.);
#3963=EDGE_CURVE('',#3180,#3181,#1693,.T.);
#3964=EDGE_CURVE('',#3182,#3018,#1694,.T.);
#3965=EDGE_CURVE('',#3181,#3182,#1695,.T.);
#3966=EDGE_CURVE('',#3183,#3179,#1696,.T.);
#3967=EDGE_CURVE('',#3183,#3097,#1697,.T.);
#3968=EDGE_CURVE('',#3184,#3023,#1698,.T.);
#3969=EDGE_CURVE('',#3182,#3184,#1699,.T.);
#3970=EDGE_CURVE('',#3184,#3183,#1700,.T.);
#3971=EDGE_CURVE('',#3182,#3185,#1701,.T.);
#3972=EDGE_CURVE('',#3185,#3186,#1702,.T.);
#3973=EDGE_CURVE('',#3181,#3186,#1703,.T.);
#3974=EDGE_CURVE('',#3186,#3187,#1704,.T.);
#3975=EDGE_CURVE('',#3180,#3187,#1705,.T.);
#3976=EDGE_CURVE('',#3187,#3188,#1706,.T.);
#3977=EDGE_CURVE('',#3179,#3188,#1707,.T.);
#3978=EDGE_CURVE('',#3170,#3189,#1708,.T.);
#3979=EDGE_CURVE('',#3162,#3189,#1709,.T.);
#3980=EDGE_CURVE('',#3161,#3190,#1710,.T.);
#3981=EDGE_CURVE('',#3190,#3167,#1711,.T.);
#3982=EDGE_CURVE('',#3189,#3190,#1712,.T.);
#3983=EDGE_CURVE('',#3178,#3191,#1713,.T.);
#3984=EDGE_CURVE('',#3071,#3191,#1714,.T.);
#3985=EDGE_CURVE('',#3171,#3192,#1715,.T.);
#3986=EDGE_CURVE('',#3192,#3175,#1716,.T.);
#3987=EDGE_CURVE('',#3191,#3192,#1717,.T.);
#3988=EDGE_CURVE('',#3188,#3193,#1718,.T.);
#3989=EDGE_CURVE('',#3183,#3193,#1719,.T.);
#3990=EDGE_CURVE('',#3184,#3194,#1720,.T.);
#3991=EDGE_CURVE('',#3194,#3185,#1721,.T.);
#3992=EDGE_CURVE('',#3193,#3194,#1722,.T.);
#3993=EDGE_CURVE('',#3122,#3195,#1723,.T.);
#3994=EDGE_CURVE('',#3195,#3195,#1359,.T.);
#3995=EDGE_CURVE('',#3117,#3196,#1724,.T.);
#3996=EDGE_CURVE('',#3196,#3196,#1360,.T.);
#3997=EDGE_CURVE('',#3118,#3197,#1725,.T.);
#3998=EDGE_CURVE('',#3197,#3197,#1361,.T.);
#3999=EDGE_CURVE('',#3054,#3160,#1362,.T.);
#4000=EDGE_CURVE('',#3198,#3198,#1363,.F.);
#4001=EDGE_CURVE('',#3199,#3199,#1364,.F.);
#4002=EDGE_CURVE('',#3200,#3200,#1365,.F.);
#4003=EDGE_CURVE('',#3201,#3202,#1366,.T.);
#4004=EDGE_CURVE('',#3201,#3200,#1726,.T.);
#4005=EDGE_CURVE('',#3202,#3201,#1367,.T.);
#4006=EDGE_CURVE('',#3203,#3203,#1368,.T.);
#4007=EDGE_CURVE('',#3204,#3204,#1369,.F.);
#4008=EDGE_CURVE('',#3205,#3206,#1370,.T.);
#4009=EDGE_CURVE('',#3205,#3203,#1727,.T.);
#4010=EDGE_CURVE('',#3206,#3205,#1371,.T.);
#4011=EDGE_CURVE('',#3207,#3208,#1372,.T.);
#4012=EDGE_CURVE('',#3207,#3199,#1728,.T.);
#4013=EDGE_CURVE('',#3208,#3207,#1373,.T.);
#4014=EDGE_CURVE('',#3209,#3209,#1374,.T.);
#4015=EDGE_CURVE('',#3210,#3210,#1375,.F.);
#4016=EDGE_CURVE('',#3211,#3212,#1376,.T.);
#4017=EDGE_CURVE('',#3211,#3209,#1729,.T.);
#4018=EDGE_CURVE('',#3212,#3211,#1377,.T.);
#4019=EDGE_CURVE('',#3213,#3214,#1378,.T.);
#4020=EDGE_CURVE('',#3213,#3198,#1730,.T.);
#4021=EDGE_CURVE('',#3214,#3213,#1379,.T.);
#4022=EDGE_CURVE('',#3215,#3215,#1380,.T.);
#4023=EDGE_CURVE('',#3216,#3216,#1381,.F.);
#4024=EDGE_CURVE('',#3039,#3215,#1731,.T.);
#4025=EDGE_CURVE('',#3217,#3217,#1382,.F.);
#4026=EDGE_CURVE('',#3218,#3218,#1383,.F.);
#4027=EDGE_CURVE('',#3219,#3219,#1384,.F.);
#4028=EDGE_CURVE('',#3220,#3052,#1732,.T.);
#4029=EDGE_CURVE('',#3221,#3220,#1733,.T.);
#4030=EDGE_CURVE('',#3221,#3049,#1734,.T.);
#4031=EDGE_CURVE('',#3221,#3222,#1735,.T.);
#4032=EDGE_CURVE('',#3222,#3050,#1736,.T.);
#4033=EDGE_CURVE('',#3222,#3223,#1737,.T.);
#4034=EDGE_CURVE('',#3223,#3051,#1738,.T.);
#4035=EDGE_CURVE('',#3224,#3225,#1739,.T.);
#4036=EDGE_CURVE('',#3226,#3225,#1740,.T.);
#4037=EDGE_CURVE('',#3227,#3226,#1741,.T.);
#4038=EDGE_CURVE('',#3227,#3224,#1742,.T.);
#4039=EDGE_CURVE('',#3224,#3228,#1743,.T.);
#4040=EDGE_CURVE('',#3227,#3229,#1744,.T.);
#4041=EDGE_CURVE('',#3229,#3228,#1745,.T.);
#4042=EDGE_CURVE('',#3228,#3230,#1746,.T.);
#4043=EDGE_CURVE('',#3229,#3231,#1747,.T.);
#4044=EDGE_CURVE('',#3231,#3230,#1748,.T.);
#4045=EDGE_CURVE('',#3225,#3230,#1749,.T.);
#4046=EDGE_CURVE('',#3226,#3231,#1750,.T.);
#4047=EDGE_CURVE('',#3220,#3223,#1751,.T.);
#4048=EDGE_CURVE('',#3197,#3217,#1752,.T.);
#4049=EDGE_CURVE('',#3196,#3218,#1753,.T.);
#4050=EDGE_CURVE('',#3195,#3219,#1754,.T.);
#4051=EDGE_CURVE('',#3214,#3216,#1755,.T.);
#4052=EDGE_CURVE('',#3208,#3210,#1756,.T.);
#4053=EDGE_CURVE('',#3202,#3204,#1757,.T.);
#4054=EDGE_CURVE('',#3206,#3048,#1758,.T.);
#4055=EDGE_CURVE('',#3212,#3010,#1759,.T.);
#4056=EDGE_CURVE('',#3232,#3233,#1245,.T.);
#4057=EDGE_CURVE('',#3233,#3234,#1760,.T.);
#4058=EDGE_CURVE('',#3234,#3235,#1385,.T.);
#4059=EDGE_CURVE('',#3235,#3236,#1761,.T.);
#4060=EDGE_CURVE('',#3236,#3232,#2910,.T.);
#4061=EDGE_CURVE('',#3235,#3237,#1246,.T.);
#4062=EDGE_CURVE('',#3234,#3238,#1762,.T.);
#4063=EDGE_CURVE('',#3238,#3237,#1386,.T.);
#4064=EDGE_CURVE('',#3239,#3240,#1763,.T.);
#4065=EDGE_CURVE('',#3240,#3241,#2911,.T.);
#4066=EDGE_CURVE('',#3241,#3242,#1764,.T.);
#4067=EDGE_CURVE('',#3242,#3239,#2912,.T.);
#4068=EDGE_CURVE('',#3243,#3244,#1387,.F.);
#4069=EDGE_CURVE('',#3245,#3243,#1388,.F.);
#4070=EDGE_CURVE('',#3244,#3245,#1389,.F.);
#4071=EDGE_CURVE('',#3246,#3247,#1390,.F.);
#4072=EDGE_CURVE('',#3248,#3246,#1391,.F.);
#4073=EDGE_CURVE('',#3247,#3248,#1392,.F.);
#4074=EDGE_CURVE('',#3249,#3250,#2913,.T.);
#4075=EDGE_CURVE('',#3250,#3248,#1765,.T.);
#4076=EDGE_CURVE('',#3246,#3251,#1766,.T.);
#4077=EDGE_CURVE('',#3251,#3249,#2914,.T.);
#4078=EDGE_CURVE('',#3252,#3253,#1247,.T.);
#4079=EDGE_CURVE('',#3252,#3254,#1767,.T.);
#4080=EDGE_CURVE('',#3254,#3255,#1393,.T.);
#4081=EDGE_CURVE('',#3255,#3247,#1768,.T.);
#4082=EDGE_CURVE('',#3248,#3256,#1769,.T.);
#4083=EDGE_CURVE('',#3253,#3256,#1248,.T.);
#4084=EDGE_CURVE('',#3247,#3245,#1770,.T.);
#4085=EDGE_CURVE('',#3243,#3246,#1771,.T.);
#4086=EDGE_CURVE('',#3257,#3258,#2915,.T.);
#4087=EDGE_CURVE('',#3258,#3244,#1772,.T.);
#4088=EDGE_CURVE('',#3245,#3259,#1773,.T.);
#4089=EDGE_CURVE('',#3259,#3260,#1394,.T.);
#4090=EDGE_CURVE('',#3260,#3261,#1774,.T.);
#4091=EDGE_CURVE('',#3261,#3262,#2916,.T.);
#4092=EDGE_CURVE('',#3262,#3257,#1775,.T.);
#4093=EDGE_CURVE('',#3242,#3243,#1776,.T.);
#4094=EDGE_CURVE('',#3244,#3263,#1777,.T.);
#4095=EDGE_CURVE('',#3263,#3239,#2917,.T.);
#4096=EDGE_CURVE('',#3264,#3265,#1249,.T.);
#4097=EDGE_CURVE('',#3264,#3266,#1395,.T.);
#4098=EDGE_CURVE('',#3266,#3255,#1778,.T.);
#4099=EDGE_CURVE('',#3265,#3254,#1250,.T.);
#4100=EDGE_CURVE('',#3264,#3237,#1251,.T.);
#4101=EDGE_CURVE('',#3238,#3266,#1396,.T.);
#4102=EDGE_CURVE('',#3267,#3260,#2918,.T.);
#4103=EDGE_CURVE('',#3259,#3268,#1779,.T.);
#4104=EDGE_CURVE('',#3268,#3269,#1397,.T.);
#4105=EDGE_CURVE('',#3269,#3267,#1780,.T.);
#4106=EDGE_CURVE('',#3270,#3271,#2919,.T.);
#4107=EDGE_CURVE('',#3271,#3272,#1781,.T.);
#4108=EDGE_CURVE('',#3272,#3273,#1398,.T.);
#4109=EDGE_CURVE('',#3273,#3274,#1782,.T.);
#4110=EDGE_CURVE('',#3274,#3270,#1252,.T.);
#4111=EDGE_CURVE('',#3275,#3276,#2920,.T.);
#4112=EDGE_CURVE('',#3276,#3277,#1399,.T.);
#4113=EDGE_CURVE('',#3277,#3273,#1783,.T.);
#4114=EDGE_CURVE('',#3272,#3275,#2921,.T.);
#4115=EDGE_CURVE('',#3278,#3269,#1253,.T.);
#4116=EDGE_CURVE('',#3268,#3277,#1400,.T.);
#4117=EDGE_CURVE('',#3276,#3278,#1254,.T.);
#4118=EDGE_CURVE('',#3279,#3280,#1401,.T.);
#4119=EDGE_CURVE('',#3280,#3279,#1402,.T.);
#4120=EDGE_CURVE('',#3280,#3253,#1784,.T.);
#4121=EDGE_CURVE('',#3252,#3256,#1403,.F.);
#4122=EDGE_CURVE('',#3249,#3281,#1785,.T.);
#4123=EDGE_CURVE('',#3282,#3281,#1786,.T.);
#4124=EDGE_CURVE('',#3282,#3283,#1787,.T.);
#4125=EDGE_CURVE('',#3283,#3284,#1788,.T.);
#4126=EDGE_CURVE('',#3284,#3285,#2922,.T.);
#4127=EDGE_CURVE('',#3285,#3286,#1789,.T.);
#4128=EDGE_CURVE('',#3286,#3250,#1790,.T.);
#4129=EDGE_CURVE('',#3241,#3251,#1791,.T.);
#4130=EDGE_CURVE('',#3281,#3240,#1792,.T.);
#4131=EDGE_CURVE('',#3263,#3282,#1793,.T.);
#4132=EDGE_CURVE('',#3287,#3257,#1794,.T.);
#4133=EDGE_CURVE('',#3287,#3288,#1795,.T.);
#4134=EDGE_CURVE('',#3288,#3289,#1796,.T.);
#4135=EDGE_CURVE('',#3289,#3258,#1797,.T.);
#4136=EDGE_CURVE('',#3290,#3262,#1798,.T.);
#4137=EDGE_CURVE('',#3290,#3287,#1799,.T.);
#4138=EDGE_CURVE('',#3261,#3291,#1800,.T.);
#4139=EDGE_CURVE('',#3292,#3291,#1801,.T.);
#4140=EDGE_CURVE('',#3292,#3290,#1802,.T.);
#4141=EDGE_CURVE('',#3293,#3267,#1803,.T.);
#4142=EDGE_CURVE('',#3293,#3294,#1804,.T.);
#4143=EDGE_CURVE('',#3294,#3295,#1805,.T.);
#4144=EDGE_CURVE('',#3295,#3260,#1806,.T.);
#4145=EDGE_CURVE('',#3296,#3278,#1807,.T.);
#4146=EDGE_CURVE('',#3296,#3293,#1808,.T.);
#4147=EDGE_CURVE('',#3297,#3289,#1809,.T.);
#4148=EDGE_CURVE('',#3298,#3297,#1810,.T.);
#4149=EDGE_CURVE('',#3291,#3298,#1811,.T.);
#4150=EDGE_CURVE('',#3299,#3295,#1812,.T.);
#4151=EDGE_CURVE('',#3300,#3299,#1813,.T.);
#4152=EDGE_CURVE('',#3272,#3300,#1814,.T.);
#4153=EDGE_CURVE('',#3271,#3301,#1815,.T.);
#4154=EDGE_CURVE('',#3301,#3302,#1404,.F.);
#4155=EDGE_CURVE('',#3302,#3303,#1816,.T.);
#4156=EDGE_CURVE('',#3303,#3304,#1817,.T.);
#4157=EDGE_CURVE('',#3304,#3305,#1818,.T.);
#4158=EDGE_CURVE('',#3305,#3306,#1405,.T.);
#4159=EDGE_CURVE('',#3306,#3282,#1819,.T.);
#4160=EDGE_CURVE('',#3307,#3308,#1820,.T.);
#4161=EDGE_CURVE('',#3309,#3307,#1821,.T.);
#4162=EDGE_CURVE('',#3310,#3309,#1822,.T.);
#4163=EDGE_CURVE('',#3311,#3310,#1823,.T.);
#4164=EDGE_CURVE('',#3312,#3311,#1824,.T.);
#4165=EDGE_CURVE('',#3308,#3312,#1825,.T.);
#4166=EDGE_CURVE('',#3275,#3313,#1826,.T.);
#4167=EDGE_CURVE('',#3313,#3296,#1827,.T.);
#4168=EDGE_CURVE('',#3285,#3314,#1828,.T.);
#4169=EDGE_CURVE('',#3314,#3315,#1829,.T.);
#4170=EDGE_CURVE('',#3316,#3315,#2923,.F.);
#4171=EDGE_CURVE('',#3316,#3317,#1830,.T.);
#4172=EDGE_CURVE('',#3318,#3317,#2924,.F.);
#4173=EDGE_CURVE('',#3318,#3319,#1831,.T.);
#4174=EDGE_CURVE('',#3286,#3319,#1832,.T.);
#4175=EDGE_CURVE('',#3320,#3284,#1833,.F.);
#4176=EDGE_CURVE('',#3320,#3314,#2925,.F.);
#4177=EDGE_CURVE('',#3283,#3321,#1834,.T.);
#4178=EDGE_CURVE('',#3306,#3322,#1835,.T.);
#4179=EDGE_CURVE('',#3322,#3321,#2926,.T.);
#4180=EDGE_CURVE('',#3319,#3323,#1836,.T.);
#4181=EDGE_CURVE('',#3323,#3324,#1406,.T.);
#4182=EDGE_CURVE('',#3324,#3325,#1837,.T.);
#4183=EDGE_CURVE('',#3325,#3326,#1838,.T.);
#4184=EDGE_CURVE('',#3326,#3327,#1839,.T.);
#4185=EDGE_CURVE('',#3327,#3328,#1407,.T.);
#4186=EDGE_CURVE('',#3236,#3328,#1840,.T.);
#4187=EDGE_CURVE('',#3235,#3254,#1408,.F.);
#4188=EDGE_CURVE('',#3329,#3330,#1841,.T.);
#4189=EDGE_CURVE('',#3329,#3331,#1842,.T.);
#4190=EDGE_CURVE('',#3331,#3332,#1843,.T.);
#4191=EDGE_CURVE('',#3330,#3332,#1844,.T.);
#4192=EDGE_CURVE('',#3333,#3333,#1409,.F.);
#4193=EDGE_CURVE('',#3334,#3335,#2927,.T.);
#4194=EDGE_CURVE('',#3335,#3336,#1845,.T.);
#4195=EDGE_CURVE('',#3336,#3337,#1410,.F.);
#4196=EDGE_CURVE('',#3337,#3334,#1846,.T.);
#4197=EDGE_CURVE('',#3338,#3335,#2928,.T.);
#4198=EDGE_CURVE('',#3339,#3338,#1847,.T.);
#4199=EDGE_CURVE('',#3336,#3339,#1411,.T.);
#4200=EDGE_CURVE('',#3328,#3340,#1848,.F.);
#4201=EDGE_CURVE('',#3341,#3340,#1849,.T.);
#4202=EDGE_CURVE('',#3338,#3341,#2929,.T.);
#4203=EDGE_CURVE('',#3342,#3334,#1850,.T.);
#4204=EDGE_CURVE('',#3342,#3232,#1851,.T.);
#4205=EDGE_CURVE('',#3341,#3343,#1852,.T.);
#4206=EDGE_CURVE('',#3343,#3339,#1412,.F.);
#4207=EDGE_CURVE('',#3344,#3344,#1413,.T.);
#4208=EDGE_CURVE('',#3344,#3345,#1414,.T.);
#4209=EDGE_CURVE('',#3345,#3345,#1415,.T.);
#4210=EDGE_CURVE('',#3346,#3343,#1853,.T.);
#4211=EDGE_CURVE('',#3347,#3346,#1854,.T.);
#4212=EDGE_CURVE('',#3347,#3348,#1855,.T.);
#4213=EDGE_CURVE('',#3349,#3348,#1856,.T.);
#4214=EDGE_CURVE('',#3337,#3349,#1857,.T.);
#4215=EDGE_CURVE('',#3350,#3350,#1416,.T.);
#4216=EDGE_CURVE('',#3344,#3351,#1858,.T.);
#4217=EDGE_CURVE('',#3351,#3351,#1417,.T.);
#4218=EDGE_CURVE('',#3350,#3352,#1418,.T.);
#4219=EDGE_CURVE('',#3352,#3353,#1419,.T.);
#4220=EDGE_CURVE('',#3353,#3352,#1420,.T.);
#4221=EDGE_CURVE('',#3353,#3354,#1859,.T.);
#4222=EDGE_CURVE('',#3354,#3354,#1421,.T.);
#4223=EDGE_CURVE('',#3355,#3349,#1860,.T.);
#4224=EDGE_CURVE('',#3355,#3356,#1422,.T.);
#4225=EDGE_CURVE('',#3357,#3356,#1861,.T.);
#4226=EDGE_CURVE('',#3357,#3342,#1423,.T.);
#4227=EDGE_CURVE('',#3358,#3358,#1424,.F.);
#4228=EDGE_CURVE('',#3359,#3359,#1425,.F.);
#4229=EDGE_CURVE('',#3360,#3360,#1426,.T.);
#4230=EDGE_CURVE('',#3361,#3361,#1427,.T.);
#4231=EDGE_CURVE('',#3340,#3362,#1428,.T.);
#4232=EDGE_CURVE('',#3346,#3362,#1862,.T.);
#4233=EDGE_CURVE('',#3363,#3363,#1429,.F.);
#4234=EDGE_CURVE('',#3364,#3365,#1863,.F.);
#4235=EDGE_CURVE('',#3365,#3366,#1864,.T.);
#4236=EDGE_CURVE('',#3366,#3367,#1865,.T.);
#4237=EDGE_CURVE('',#3364,#3367,#1866,.T.);
#4238=EDGE_CURVE('',#3368,#3369,#1867,.F.);
#4239=EDGE_CURVE('',#3369,#3370,#1868,.T.);
#4240=EDGE_CURVE('',#3370,#3371,#1869,.T.);
#4241=EDGE_CURVE('',#3371,#3368,#1870,.T.);
#4242=EDGE_CURVE('',#3372,#3373,#1871,.F.);
#4243=EDGE_CURVE('',#3373,#3374,#1872,.T.);
#4244=EDGE_CURVE('',#3374,#3375,#1873,.T.);
#4245=EDGE_CURVE('',#3372,#3375,#1874,.T.);
#4246=EDGE_CURVE('',#3376,#3377,#1875,.T.);
#4247=EDGE_CURVE('',#3376,#3378,#2930,.T.);
#4248=EDGE_CURVE('',#3378,#3379,#1876,.T.);
#4249=EDGE_CURVE('',#3379,#3380,#1877,.T.);
#4250=EDGE_CURVE('',#3381,#3380,#1878,.T.);
#4251=EDGE_CURVE('',#3381,#3377,#2931,.T.);
#4252=EDGE_CURVE('',#3318,#3382,#1430,.F.);
#4253=EDGE_CURVE('',#3382,#3317,#1431,.F.);
#4254=EDGE_CURVE('',#3316,#3383,#1432,.F.);
#4255=EDGE_CURVE('',#3383,#3315,#1433,.F.);
#4256=EDGE_CURVE('',#3314,#3384,#1879,.T.);
#4257=EDGE_CURVE('',#3384,#3385,#2932,.F.);
#4258=EDGE_CURVE('',#3385,#3323,#1880,.T.);
#4259=EDGE_CURVE('',#3386,#3379,#1881,.T.);
#4260=EDGE_CURVE('',#3386,#3364,#1434,.T.);
#4261=EDGE_CURVE('',#3367,#3387,#1435,.T.);
#4262=EDGE_CURVE('',#3387,#3380,#1882,.T.);
#4263=EDGE_CURVE('',#3321,#3388,#1883,.T.);
#4264=EDGE_CURVE('',#3388,#3320,#1884,.F.);
#4265=EDGE_CURVE('',#3361,#3383,#1885,.T.);
#4266=EDGE_CURVE('',#3360,#3382,#1886,.T.);
#4267=EDGE_CURVE('',#3377,#3389,#1887,.F.);
#4268=EDGE_CURVE('',#3389,#3390,#1888,.T.);
#4269=EDGE_CURVE('',#3390,#3376,#1889,.T.);
#4270=EDGE_CURVE('',#3391,#3392,#1436,.F.);
#4271=EDGE_CURVE('',#3392,#3393,#1890,.T.);
#4272=EDGE_CURVE('',#3393,#3394,#1437,.F.);
#4273=EDGE_CURVE('',#3394,#3395,#1891,.T.);
#4274=EDGE_CURVE('',#3395,#3396,#1438,.F.);
#4275=EDGE_CURVE('',#3396,#3397,#1892,.T.);
#4276=EDGE_CURVE('',#3397,#3398,#1439,.F.);
#4277=EDGE_CURVE('',#3398,#3391,#1893,.T.);
#4278=EDGE_CURVE('',#3378,#3368,#2933,.T.);
#4279=EDGE_CURVE('',#3371,#3386,#2934,.T.);
#4280=EDGE_CURVE('',#3375,#3381,#2935,.F.);
#4281=EDGE_CURVE('',#3387,#3372,#2936,.F.);
#4282=EDGE_CURVE('',#3399,#3400,#1894,.F.);
#4283=EDGE_CURVE('',#3399,#3388,#2937,.F.);
#4284=EDGE_CURVE('',#3322,#3400,#1255,.T.);
#4285=EDGE_CURVE('',#3390,#3369,#1440,.T.);
#4286=EDGE_CURVE('',#3374,#3389,#1441,.T.);
#4287=EDGE_CURVE('',#3366,#3373,#1442,.T.);
#4288=EDGE_CURVE('',#3370,#3365,#1443,.T.);
#4289=EDGE_CURVE('',#3399,#3385,#1444,.T.);
#4290=EDGE_CURVE('',#3388,#3384,#1445,.T.);
#4291=EDGE_CURVE('',#3400,#3305,#1895,.F.);
#4292=EDGE_CURVE('',#3397,#3389,#1896,.T.);
#4293=EDGE_CURVE('',#3390,#3396,#1897,.T.);
#4294=EDGE_CURVE('',#3369,#3395,#1898,.T.);
#4295=EDGE_CURVE('',#3398,#3374,#1899,.T.);
#4296=EDGE_CURVE('',#3370,#3394,#1900,.T.);
#4297=EDGE_CURVE('',#3391,#3373,#1901,.T.);
#4298=EDGE_CURVE('',#3365,#3393,#1902,.T.);
#4299=EDGE_CURVE('',#3392,#3366,#1903,.T.);
#4300=EDGE_CURVE('',#3324,#3399,#1904,.F.);
#4301=EDGE_CURVE('',#3325,#3304,#1905,.T.);
#4302=EDGE_CURVE('',#3326,#3303,#1906,.T.);
#4303=EDGE_CURVE('',#3302,#3401,#1907,.T.);
#4304=EDGE_CURVE('',#3347,#3401,#1908,.T.);
#4305=EDGE_CURVE('',#3362,#3327,#1909,.T.);
#4306=EDGE_CURVE('',#3402,#3403,#1910,.T.);
#4307=EDGE_CURVE('',#3403,#3312,#1911,.T.);
#4308=EDGE_CURVE('',#3402,#3311,#1912,.T.);
#4309=EDGE_CURVE('',#3308,#3404,#1913,.T.);
#4310=EDGE_CURVE('',#3404,#3405,#1914,.T.);
#4311=EDGE_CURVE('',#3405,#3307,#1915,.T.);
#4312=EDGE_CURVE('',#3403,#3404,#1916,.T.);
#4313=EDGE_CURVE('',#3405,#3406,#1917,.T.);
#4314=EDGE_CURVE('',#3406,#3309,#1918,.T.);
#4315=EDGE_CURVE('',#3406,#3407,#1919,.T.);
#4316=EDGE_CURVE('',#3407,#3310,#1920,.T.);
#4317=EDGE_CURVE('',#3407,#3402,#1921,.T.);
#4318=EDGE_CURVE('',#3406,#3408,#1922,.T.);
#4319=EDGE_CURVE('',#3409,#3408,#1923,.T.);
#4320=EDGE_CURVE('',#3407,#3409,#1924,.T.);
#4321=EDGE_CURVE('',#3405,#3410,#1925,.T.);
#4322=EDGE_CURVE('',#3408,#3410,#1926,.T.);
#4323=EDGE_CURVE('',#3404,#3411,#1927,.T.);
#4324=EDGE_CURVE('',#3410,#3411,#1928,.T.);
#4325=EDGE_CURVE('',#3412,#3413,#1929,.T.);
#4326=EDGE_CURVE('',#3413,#3300,#1930,.T.);
#4327=EDGE_CURVE('',#3412,#3299,#1931,.T.);
#4328=EDGE_CURVE('',#3413,#3313,#1932,.T.);
#4329=EDGE_CURVE('',#3294,#3412,#1933,.T.);
#4330=EDGE_CURVE('',#3293,#3414,#1934,.T.);
#4331=EDGE_CURVE('',#3415,#3414,#1935,.T.);
#4332=EDGE_CURVE('',#3294,#3415,#1936,.T.);
#4333=EDGE_CURVE('',#3296,#3416,#1937,.T.);
#4334=EDGE_CURVE('',#3414,#3416,#1938,.T.);
#4335=EDGE_CURVE('',#3313,#3417,#1939,.T.);
#4336=EDGE_CURVE('',#3416,#3417,#1940,.T.);
#4337=EDGE_CURVE('',#3418,#3419,#1941,.T.);
#4338=EDGE_CURVE('',#3419,#3298,#1942,.T.);
#4339=EDGE_CURVE('',#3297,#3418,#1943,.T.);
#4340=EDGE_CURVE('',#3419,#3292,#1944,.T.);
#4341=EDGE_CURVE('',#3288,#3418,#1945,.T.);
#4342=EDGE_CURVE('',#3292,#3420,#1946,.T.);
#4343=EDGE_CURVE('',#3421,#3420,#1947,.T.);
#4344=EDGE_CURVE('',#3290,#3421,#1948,.T.);
#4345=EDGE_CURVE('',#3419,#3422,#1949,.T.);
#4346=EDGE_CURVE('',#3420,#3422,#1950,.T.);
#4347=EDGE_CURVE('',#3418,#3423,#1951,.T.);
#4348=EDGE_CURVE('',#3422,#3423,#1952,.T.);
#4349=EDGE_CURVE('',#3403,#3424,#1953,.T.);
#4350=EDGE_CURVE('',#3411,#3424,#1954,.T.);
#4351=EDGE_CURVE('',#3425,#3409,#1955,.T.);
#4352=EDGE_CURVE('',#3402,#3425,#1956,.T.);
#4353=EDGE_CURVE('',#3424,#3425,#1957,.T.);
#4354=EDGE_CURVE('',#3413,#3426,#1958,.T.);
#4355=EDGE_CURVE('',#3417,#3426,#1959,.T.);
#4356=EDGE_CURVE('',#3427,#3415,#1960,.T.);
#4357=EDGE_CURVE('',#3412,#3427,#1961,.T.);
#4358=EDGE_CURVE('',#3426,#3427,#1962,.T.);
#4359=EDGE_CURVE('',#3288,#3428,#1963,.T.);
#4360=EDGE_CURVE('',#3423,#3428,#1964,.T.);
#4361=EDGE_CURVE('',#3429,#3421,#1965,.T.);
#4362=EDGE_CURVE('',#3287,#3429,#1966,.T.);
#4363=EDGE_CURVE('',#3428,#3429,#1967,.T.);
#4364=EDGE_CURVE('',#3430,#3430,#1446,.F.);
#4365=EDGE_CURVE('',#3430,#3431,#1968,.T.);
#4366=EDGE_CURVE('',#3431,#3431,#1447,.T.);
#4367=EDGE_CURVE('',#3432,#3432,#1448,.F.);
#4368=EDGE_CURVE('',#3432,#3433,#1969,.T.);
#4369=EDGE_CURVE('',#3433,#3433,#1449,.T.);
#4370=EDGE_CURVE('',#3434,#3434,#1450,.F.);
#4371=EDGE_CURVE('',#3434,#3435,#1970,.T.);
#4372=EDGE_CURVE('',#3435,#3435,#1451,.T.);
#4373=EDGE_CURVE('',#3277,#3436,#1971,.T.);
#4374=EDGE_CURVE('',#3437,#3436,#1972,.T.);
#4375=EDGE_CURVE('',#3437,#3274,#1973,.F.);
#4376=EDGE_CURVE('',#3270,#3438,#1974,.T.);
#4377=EDGE_CURVE('',#3438,#3439,#1975,.T.);
#4378=EDGE_CURVE('',#3439,#3301,#1976,.F.);
#4379=EDGE_CURVE('',#3233,#3357,#1977,.F.);
#4380=EDGE_CURVE('',#3356,#3238,#1978,.T.);
#4381=EDGE_CURVE('',#3401,#3439,#1452,.F.);
#4382=EDGE_CURVE('',#3438,#3437,#1453,.F.);
#4383=EDGE_CURVE('',#3436,#3440,#1454,.F.);
#4384=EDGE_CURVE('',#3440,#3348,#1979,.T.);
#4385=EDGE_CURVE('',#3441,#3442,#1455,.T.);
#4386=EDGE_CURVE('',#3442,#3441,#1456,.T.);
#4387=EDGE_CURVE('',#3441,#3363,#1980,.T.);
#4388=EDGE_CURVE('',#3443,#3443,#1457,.T.);
#4389=EDGE_CURVE('',#3444,#3444,#1458,.F.);
#4390=EDGE_CURVE('',#3445,#3446,#1459,.T.);
#4391=EDGE_CURVE('',#3446,#3445,#1460,.T.);
#4392=EDGE_CURVE('',#3445,#3443,#1981,.T.);
#4393=EDGE_CURVE('',#3447,#3448,#1461,.T.);
#4394=EDGE_CURVE('',#3448,#3447,#1462,.T.);
#4395=EDGE_CURVE('',#3447,#3358,#1982,.T.);
#4396=EDGE_CURVE('',#3449,#3449,#1463,.T.);
#4397=EDGE_CURVE('',#3450,#3450,#1464,.F.);
#4398=EDGE_CURVE('',#3279,#3449,#1983,.T.);
#4399=EDGE_CURVE('',#3451,#3452,#1465,.T.);
#4400=EDGE_CURVE('',#3452,#3451,#1466,.T.);
#4401=EDGE_CURVE('',#3451,#3359,#1984,.T.);
#4402=EDGE_CURVE('',#3453,#3453,#1467,.T.);
#4403=EDGE_CURVE('',#3454,#3454,#1468,.F.);
#4404=EDGE_CURVE('',#3455,#3456,#1469,.T.);
#4405=EDGE_CURVE('',#3456,#3455,#1470,.T.);
#4406=EDGE_CURVE('',#3455,#3453,#1985,.T.);
#4407=EDGE_CURVE('',#3457,#3457,#1471,.F.);
#4408=EDGE_CURVE('',#3458,#3458,#1472,.F.);
#4409=EDGE_CURVE('',#3459,#3459,#1473,.F.);
#4410=EDGE_CURVE('',#3460,#3329,#1986,.T.);
#4411=EDGE_CURVE('',#3460,#3461,#1987,.T.);
#4412=EDGE_CURVE('',#3461,#3331,#1988,.T.);
#4413=EDGE_CURVE('',#3462,#3330,#1989,.T.);
#4414=EDGE_CURVE('',#3460,#3462,#1990,.T.);
#4415=EDGE_CURVE('',#3463,#3332,#1991,.T.);
#4416=EDGE_CURVE('',#3462,#3463,#1992,.T.);
#4417=EDGE_CURVE('',#3464,#3465,#1993,.T.);
#4418=EDGE_CURVE('',#3466,#3464,#1994,.T.);
#4419=EDGE_CURVE('',#3466,#3467,#1995,.T.);
#4420=EDGE_CURVE('',#3467,#3465,#1996,.T.);
#4421=EDGE_CURVE('',#3464,#3468,#1997,.T.);
#4422=EDGE_CURVE('',#3469,#3468,#1998,.T.);
#4423=EDGE_CURVE('',#3466,#3469,#1999,.T.);
#4424=EDGE_CURVE('',#3468,#3470,#2000,.T.);
#4425=EDGE_CURVE('',#3471,#3470,#2001,.T.);
#4426=EDGE_CURVE('',#3469,#3471,#2002,.T.);
#4427=EDGE_CURVE('',#3465,#3470,#2003,.T.);
#4428=EDGE_CURVE('',#3467,#3471,#2004,.T.);
#4429=EDGE_CURVE('',#3461,#3463,#2005,.T.);
#4430=EDGE_CURVE('',#3435,#3457,#2006,.T.);
#4431=EDGE_CURVE('',#3433,#3458,#2007,.T.);
#4432=EDGE_CURVE('',#3431,#3459,#2008,.T.);
#4433=EDGE_CURVE('',#3452,#3454,#2009,.T.);
#4434=EDGE_CURVE('',#3448,#3450,#2010,.T.);
#4435=EDGE_CURVE('',#3442,#3444,#2011,.T.);
#4436=EDGE_CURVE('',#3446,#3333,#2012,.T.);
#4437=EDGE_CURVE('',#3456,#3265,#2013,.T.);
#4438=EDGE_CURVE('',#3266,#3355,#2014,.F.);
#4439=EDGE_CURVE('',#3440,#3268,#2015,.F.);
#4440=EDGE_CURVE('',#3472,#3473,#1256,.T.);
#4441=EDGE_CURVE('',#3473,#3474,#2016,.T.);
#4442=EDGE_CURVE('',#3474,#3475,#1474,.T.);
#4443=EDGE_CURVE('',#3475,#3476,#1257,.T.);
#4444=EDGE_CURVE('',#3476,#3472,#2017,.T.);
#4445=EDGE_CURVE('',#3477,#3476,#2938,.T.);
#4446=EDGE_CURVE('',#3477,#3478,#2018,.T.);
#4447=EDGE_CURVE('',#3479,#3478,#2019,.T.);
#4448=EDGE_CURVE('',#3479,#3480,#2020,.T.);
#4449=EDGE_CURVE('',#3472,#3480,#2939,.F.);
#4450=EDGE_CURVE('',#3475,#3481,#2021,.T.);
#4451=EDGE_CURVE('',#3482,#3481,#1258,.T.);
#4452=EDGE_CURVE('',#3482,#3483,#2940,.T.);
#4453=EDGE_CURVE('',#3483,#3477,#2022,.T.);
#4454=EDGE_CURVE('',#3484,#3474,#2023,.T.);
#4455=EDGE_CURVE('',#3485,#3484,#2024,.T.);
#4456=EDGE_CURVE('',#3486,#3485,#2025,.T.);
#4457=EDGE_CURVE('',#3481,#3486,#1475,.T.);
#4458=EDGE_CURVE('',#3478,#3487,#2941,.T.);
#4459=EDGE_CURVE('',#3487,#3488,#2026,.T.);
#4460=EDGE_CURVE('',#3488,#3479,#2942,.T.);
#4461=EDGE_CURVE('',#3487,#3489,#2027,.T.);
#4462=EDGE_CURVE('',#3489,#3490,#2028,.T.);
#4463=EDGE_CURVE('',#3491,#3490,#1476,.T.);
#4464=EDGE_CURVE('',#3491,#3488,#2029,.T.);
#4465=EDGE_CURVE('',#3492,#3493,#2943,.T.);
#4466=EDGE_CURVE('',#3493,#3494,#2030,.T.);
#4467=EDGE_CURVE('',#3494,#3495,#2944,.T.);
#4468=EDGE_CURVE('',#3495,#3492,#2031,.T.);
#4469=EDGE_CURVE('',#3493,#3496,#2032,.T.);
#4470=EDGE_CURVE('',#3497,#3496,#1477,.T.);
#4471=EDGE_CURVE('',#3497,#3498,#2033,.T.);
#4472=EDGE_CURVE('',#3498,#3494,#2034,.T.);
#4473=EDGE_CURVE('',#3499,#3500,#1259,.T.);
#4474=EDGE_CURVE('',#3500,#3482,#2035,.T.);
#4475=EDGE_CURVE('',#3486,#3499,#2036,.T.);
#4476=EDGE_CURVE('',#3501,#3485,#1478,.T.);
#4477=EDGE_CURVE('',#3501,#3502,#2037,.T.);
#4478=EDGE_CURVE('',#3503,#3502,#1479,.T.);
#4479=EDGE_CURVE('',#3503,#3504,#2038,.T.);
#4480=EDGE_CURVE('',#3505,#3504,#2039,.T.);
#4481=EDGE_CURVE('',#3506,#3505,#2040,.T.);
#4482=EDGE_CURVE('',#3507,#3506,#2041,.T.);
#4483=EDGE_CURVE('',#3507,#3499,#1480,.F.);
#4484=EDGE_CURVE('',#3508,#3508,#1481,.T.);
#4485=EDGE_CURVE('',#3509,#3509,#1482,.T.);
#4486=EDGE_CURVE('',#3510,#3510,#1483,.T.);
#4487=EDGE_CURVE('',#3511,#3512,#2042,.T.);
#4488=EDGE_CURVE('',#3513,#3512,#1484,.T.);
#4489=EDGE_CURVE('',#3513,#3514,#2043,.T.);
#4490=EDGE_CURVE('',#3515,#3514,#1485,.T.);
#4491=EDGE_CURVE('',#3515,#3516,#2044,.T.);
#4492=EDGE_CURVE('',#3511,#3516,#1486,.T.);
#4493=EDGE_CURVE('',#3516,#3517,#2045,.T.);
#4494=EDGE_CURVE('',#3517,#3518,#1487,.T.);
#4495=EDGE_CURVE('',#3518,#3511,#2046,.T.);
#4496=EDGE_CURVE('',#3519,#3515,#2047,.T.);
#4497=EDGE_CURVE('',#3517,#3519,#2048,.T.);
#4498=EDGE_CURVE('',#3512,#3520,#2049,.T.);
#4499=EDGE_CURVE('',#3520,#3521,#1488,.T.);
#4500=EDGE_CURVE('',#3521,#3513,#2050,.T.);
#4501=EDGE_CURVE('',#3520,#3518,#2051,.T.);
#4502=EDGE_CURVE('',#3514,#3522,#2052,.T.);
#4503=EDGE_CURVE('',#3522,#3519,#1489,.T.);
#4504=EDGE_CURVE('',#3522,#3521,#2053,.T.);
#4505=EDGE_CURVE('',#3523,#3473,#1490,.T.);
#4506=EDGE_CURVE('',#3523,#3524,#2054,.T.);
#4507=EDGE_CURVE('',#3524,#3525,#2055,.T.);
#4508=EDGE_CURVE('',#3525,#3526,#2056,.T.);
#4509=EDGE_CURVE('',#3526,#3527,#2057,.T.);
#4510=EDGE_CURVE('',#3528,#3527,#1491,.T.);
#4511=EDGE_CURVE('',#3528,#3529,#2058,.T.);
#4512=EDGE_CURVE('',#3484,#3529,#1492,.T.);
#4513=EDGE_CURVE('',#3530,#3530,#1493,.T.);
#4514=EDGE_CURVE('',#3531,#3531,#1494,.T.);
#4515=EDGE_CURVE('',#3532,#3532,#1495,.T.);
#4516=EDGE_CURVE('',#3527,#3503,#2059,.T.);
#4517=EDGE_CURVE('',#3502,#3528,#2060,.T.);
#4518=EDGE_CURVE('',#3529,#3501,#2061,.T.);
#4519=EDGE_CURVE('',#3483,#3495,#2062,.F.);
#4520=EDGE_CURVE('',#3500,#3533,#2945,.T.);
#4521=EDGE_CURVE('',#3492,#3533,#2063,.F.);
#4522=EDGE_CURVE('',#3496,#3491,#2064,.T.);
#4523=EDGE_CURVE('',#3490,#3497,#2065,.T.);
#4524=EDGE_CURVE('',#3480,#3533,#2066,.T.);
#4525=EDGE_CURVE('',#3507,#3523,#2067,.T.);
#4526=EDGE_CURVE('',#3524,#3506,#2068,.T.);
#4527=EDGE_CURVE('',#3524,#3534,#2946,.F.);
#4528=EDGE_CURVE('',#3506,#3535,#2947,.T.);
#4529=EDGE_CURVE('',#3535,#3534,#2069,.T.);
#4530=EDGE_CURVE('',#3536,#3489,#2070,.T.);
#4531=EDGE_CURVE('',#3537,#3536,#1260,.F.);
#4532=EDGE_CURVE('',#3534,#3537,#2071,.T.);
#4533=EDGE_CURVE('',#3538,#3535,#2072,.T.);
#4534=EDGE_CURVE('',#3539,#3538,#1261,.T.);
#4535=EDGE_CURVE('',#3498,#3539,#2073,.T.);
#4536=EDGE_CURVE('',#3540,#3541,#1262,.T.);
#4537=EDGE_CURVE('',#3541,#3542,#2074,.T.);
#4538=EDGE_CURVE('',#3542,#3543,#1263,.T.);
#4539=EDGE_CURVE('',#3543,#3544,#2075,.T.);
#4540=EDGE_CURVE('',#3544,#3545,#1264,.T.);
#4541=EDGE_CURVE('',#3545,#3546,#2076,.T.);
#4542=EDGE_CURVE('',#3546,#3547,#1265,.T.);
#4543=EDGE_CURVE('',#3547,#3540,#2077,.T.);
#4544=EDGE_CURVE('',#3546,#3548,#1266,.T.);
#4545=EDGE_CURVE('',#3548,#3549,#1267,.T.);
#4546=EDGE_CURVE('',#3549,#3547,#1268,.T.);
#4547=EDGE_CURVE('',#3539,#3548,#1269,.T.);
#4548=EDGE_CURVE('',#3550,#3545,#1270,.T.);
#4549=EDGE_CURVE('',#3550,#3536,#1271,.T.);
#4550=EDGE_CURVE('',#3544,#3551,#1272,.T.);
#4551=EDGE_CURVE('',#3551,#3550,#1273,.T.);
#4552=EDGE_CURVE('',#3543,#3552,#2078,.T.);
#4553=EDGE_CURVE('',#3553,#3552,#2079,.T.);
#4554=EDGE_CURVE('',#3554,#3553,#2080,.T.);
#4555=EDGE_CURVE('',#3554,#3555,#2081,.T.);
#4556=EDGE_CURVE('',#3555,#3556,#2082,.T.);
#4557=EDGE_CURVE('',#3525,#3556,#2083,.T.);
#4558=EDGE_CURVE('',#3557,#3525,#1274,.T.);
#4559=EDGE_CURVE('',#3551,#3557,#1275,.T.);
#4560=EDGE_CURVE('',#3558,#3559,#2948,.T.);
#4561=EDGE_CURVE('',#3559,#3560,#2084,.T.);
#4562=EDGE_CURVE('',#3560,#3561,#2949,.T.);
#4563=EDGE_CURVE('',#3561,#3562,#2085,.T.);
#4564=EDGE_CURVE('',#3562,#3563,#2950,.T.);
#4565=EDGE_CURVE('',#3563,#3564,#2086,.T.);
#4566=EDGE_CURVE('',#3564,#3565,#2951,.T.);
#4567=EDGE_CURVE('',#3565,#3558,#2087,.T.);
#4568=EDGE_CURVE('',#3564,#3554,#1496,.T.);
#4569=EDGE_CURVE('',#3566,#3553,#2952,.T.);
#4570=EDGE_CURVE('',#3566,#3565,#2088,.T.);
#4571=EDGE_CURVE('',#3555,#3563,#1497,.T.);
#4572=EDGE_CURVE('',#3567,#3562,#2089,.T.);
#4573=EDGE_CURVE('',#3556,#3567,#2953,.T.);
#4574=EDGE_CURVE('',#3568,#3561,#2090,.T.);
#4575=EDGE_CURVE('',#3567,#3568,#2091,.T.);
#4576=EDGE_CURVE('',#3569,#3570,#2954,.T.);
#4577=EDGE_CURVE('',#3570,#3571,#2092,.T.);
#4578=EDGE_CURVE('',#3571,#3572,#2955,.T.);
#4579=EDGE_CURVE('',#3572,#3573,#2093,.T.);
#4580=EDGE_CURVE('',#3573,#3574,#2956,.T.);
#4581=EDGE_CURVE('',#3574,#3575,#2094,.T.);
#4582=EDGE_CURVE('',#3575,#3576,#2957,.T.);
#4583=EDGE_CURVE('',#3576,#3569,#2095,.T.);
#4584=EDGE_CURVE('',#3577,#3574,#1498,.T.);
#4585=EDGE_CURVE('',#3578,#3577,#2096,.T.);
#4586=EDGE_CURVE('',#3575,#3578,#1499,.T.);
#4587=EDGE_CURVE('',#3579,#3573,#2097,.T.);
#4588=EDGE_CURVE('',#3580,#3579,#2958,.T.);
#4589=EDGE_CURVE('',#3577,#3580,#2098,.T.);
#4590=EDGE_CURVE('',#3581,#3572,#2099,.T.);
#4591=EDGE_CURVE('',#3579,#3581,#2100,.T.);
#4592=EDGE_CURVE('',#3582,#3571,#2101,.T.);
#4593=EDGE_CURVE('',#3581,#3582,#2959,.T.);
#4594=EDGE_CURVE('',#3583,#3584,#2960,.T.);
#4595=EDGE_CURVE('',#3584,#3585,#2102,.T.);
#4596=EDGE_CURVE('',#3585,#3586,#2961,.T.);
#4597=EDGE_CURVE('',#3586,#3587,#2103,.T.);
#4598=EDGE_CURVE('',#3587,#3588,#2104,.T.);
#4599=EDGE_CURVE('',#3588,#3583,#2105,.T.);
#4600=EDGE_CURVE('',#3589,#3541,#1500,.T.);
#4601=EDGE_CURVE('',#3588,#3589,#2106,.T.);
#4602=EDGE_CURVE('',#3590,#3587,#2107,.T.);
#4603=EDGE_CURVE('',#3542,#3590,#1501,.T.);
#4604=EDGE_CURVE('',#3591,#3586,#2108,.T.);
#4605=EDGE_CURVE('',#3592,#3591,#2109,.T.);
#4606=EDGE_CURVE('',#3592,#3590,#2110,.T.);
#4607=EDGE_CURVE('',#3593,#3585,#2111,.T.);
#4608=EDGE_CURVE('',#3591,#3593,#2962,.T.);
#4609=EDGE_CURVE('',#3594,#3570,#2112,.T.);
#4610=EDGE_CURVE('',#3582,#3594,#2113,.T.);
#4611=EDGE_CURVE('',#3595,#3569,#2114,.T.);
#4612=EDGE_CURVE('',#3594,#3595,#2963,.T.);
#4613=EDGE_CURVE('',#3596,#3576,#2115,.T.);
#4614=EDGE_CURVE('',#3595,#3596,#2116,.T.);
#4615=EDGE_CURVE('',#3578,#3597,#2117,.T.);
#4616=EDGE_CURVE('',#3596,#3597,#2964,.T.);
#4617=EDGE_CURVE('',#3598,#3560,#2118,.T.);
#4618=EDGE_CURVE('',#3568,#3598,#2965,.T.);
#4619=EDGE_CURVE('',#3599,#3559,#2119,.T.);
#4620=EDGE_CURVE('',#3598,#3599,#2120,.T.);
#4621=EDGE_CURVE('',#3600,#3558,#2121,.T.);
#4622=EDGE_CURVE('',#3599,#3600,#2966,.T.);
#4623=EDGE_CURVE('',#3600,#3566,#2122,.T.);
#4624=EDGE_CURVE('',#3537,#3525,#1276,.T.);
#4625=EDGE_CURVE('',#3505,#3538,#1277,.T.);
#4626=EDGE_CURVE('',#3552,#3592,#2967,.T.);
#4627=EDGE_CURVE('',#3593,#3601,#2123,.T.);
#4628=EDGE_CURVE('',#3601,#3602,#2968,.T.);
#4629=EDGE_CURVE('',#3602,#3603,#2124,.T.);
#4630=EDGE_CURVE('',#3603,#3604,#2969,.T.);
#4631=EDGE_CURVE('',#3604,#3580,#2125,.T.);
#4632=EDGE_CURVE('',#3597,#3505,#2126,.T.);
#4633=EDGE_CURVE('',#3504,#3526,#2127,.T.);
#4634=EDGE_CURVE('',#3601,#3584,#2128,.T.);
#4635=EDGE_CURVE('',#3602,#3583,#2129,.T.);
#4636=EDGE_CURVE('',#3603,#3589,#2130,.T.);
#4637=EDGE_CURVE('',#3540,#3604,#2131,.T.);
#4638=EDGE_CURVE('',#3605,#3549,#1278,.T.);
#4639=EDGE_CURVE('',#3605,#3505,#1279,.T.);
#4640=EDGE_CURVE('',#3532,#3509,#2132,.T.);
#4641=EDGE_CURVE('',#3531,#3508,#2133,.T.);
#4642=EDGE_CURVE('',#3530,#3510,#2134,.T.);
#4643=EDGE_CURVE('',#3606,#3607,#1502,.T.);
#4644=EDGE_CURVE('',#3606,#3608,#2135,.T.);
#4645=EDGE_CURVE('',#3609,#3608,#2970,.T.);
#4646=EDGE_CURVE('',#3609,#3607,#2136,.T.);
#4647=EDGE_CURVE('',#3607,#3610,#2137,.T.);
#4648=EDGE_CURVE('',#3611,#3609,#2138,.T.);
#4649=EDGE_CURVE('',#3611,#3612,#2139,.T.);
#4650=EDGE_CURVE('',#3610,#3612,#2140,.F.);
#4651=EDGE_CURVE('',#3610,#3613,#2141,.T.);
#4652=EDGE_CURVE('',#3612,#3614,#2971,.F.);
#4653=EDGE_CURVE('',#3614,#3615,#2142,.F.);
#4654=EDGE_CURVE('',#3615,#3616,#2972,.F.);
#4655=EDGE_CURVE('',#3616,#3613,#2143,.F.);
#4656=EDGE_CURVE('',#3617,#3611,#2973,.T.);
#4657=EDGE_CURVE('',#3617,#3614,#2144,.T.);
#4658=EDGE_CURVE('',#3618,#3617,#2145,.T.);
#4659=EDGE_CURVE('',#3618,#3615,#2146,.T.);
#4660=EDGE_CURVE('',#3619,#3618,#2974,.T.);
#4661=EDGE_CURVE('',#3619,#3616,#2147,.T.);
#4662=EDGE_CURVE('',#3613,#3620,#2148,.T.);
#4663=EDGE_CURVE('',#3621,#3619,#2149,.T.);
#4664=EDGE_CURVE('',#3621,#3620,#2150,.T.);
#4665=EDGE_CURVE('',#3620,#3622,#1503,.T.);
#4666=EDGE_CURVE('',#3623,#3621,#2975,.T.);
#4667=EDGE_CURVE('',#3622,#3623,#2151,.T.);
#4668=EDGE_CURVE('',#3622,#3624,#2152,.T.);
#4669=EDGE_CURVE('',#3624,#3625,#2153,.T.);
#4670=EDGE_CURVE('',#3625,#3626,#2154,.T.);
#4671=EDGE_CURVE('',#3626,#3627,#2155,.T.);
#4672=EDGE_CURVE('',#3627,#3628,#2156,.T.);
#4673=EDGE_CURVE('',#3628,#3629,#2157,.T.);
#4674=EDGE_CURVE('',#3629,#3606,#2158,.T.);
#4675=EDGE_CURVE('',#3623,#3630,#2159,.T.);
#4676=EDGE_CURVE('',#3631,#3630,#2160,.T.);
#4677=EDGE_CURVE('',#3631,#3632,#2161,.T.);
#4678=EDGE_CURVE('',#3632,#3633,#2162,.T.);
#4679=EDGE_CURVE('',#3633,#3634,#2163,.T.);
#4680=EDGE_CURVE('',#3634,#3624,#1280,.T.);
#4681=EDGE_CURVE('',#3635,#3629,#1281,.T.);
#4682=EDGE_CURVE('',#3635,#3636,#2164,.T.);
#4683=EDGE_CURVE('',#3637,#3636,#2165,.T.);
#4684=EDGE_CURVE('',#3637,#3638,#2166,.T.);
#4685=EDGE_CURVE('',#3638,#3639,#2167,.T.);
#4686=EDGE_CURVE('',#3639,#3608,#2168,.T.);
#4687=EDGE_CURVE('',#3640,#3641,#2976,.F.);
#4688=EDGE_CURVE('',#3642,#3640,#2169,.T.);
#4689=EDGE_CURVE('',#3643,#3642,#2977,.T.);
#4690=EDGE_CURVE('',#3643,#3641,#2170,.T.);
#4691=EDGE_CURVE('',#3641,#3644,#2171,.F.);
#4692=EDGE_CURVE('',#3645,#3643,#2172,.T.);
#4693=EDGE_CURVE('',#3645,#3644,#2173,.T.);
#4694=EDGE_CURVE('',#3644,#3646,#2978,.F.);
#4695=EDGE_CURVE('',#3647,#3645,#2979,.T.);
#4696=EDGE_CURVE('',#3647,#3646,#2174,.T.);
#4697=EDGE_CURVE('',#3646,#3648,#2175,.F.);
#4698=EDGE_CURVE('',#3649,#3647,#2176,.T.);
#4699=EDGE_CURVE('',#3649,#3648,#2177,.T.);
#4700=EDGE_CURVE('',#3648,#3632,#2980,.F.);
#4701=EDGE_CURVE('',#3633,#3649,#2981,.T.);
#4702=EDGE_CURVE('',#3631,#3650,#2982,.F.);
#4703=EDGE_CURVE('',#3651,#3630,#2983,.T.);
#4704=EDGE_CURVE('',#3651,#3650,#2178,.T.);
#4705=EDGE_CURVE('',#3650,#3640,#2179,.F.);
#4706=EDGE_CURVE('',#3642,#3651,#2180,.T.);
#4707=EDGE_CURVE('',#3652,#3653,#2984,.F.);
#4708=EDGE_CURVE('',#3654,#3652,#2181,.T.);
#4709=EDGE_CURVE('',#3655,#3654,#2985,.T.);
#4710=EDGE_CURVE('',#3655,#3653,#2182,.T.);
#4711=EDGE_CURVE('',#3653,#3656,#2183,.F.);
#4712=EDGE_CURVE('',#3657,#3655,#2184,.T.);
#4713=EDGE_CURVE('',#3657,#3656,#2185,.T.);
#4714=EDGE_CURVE('',#3656,#3658,#2986,.F.);
#4715=EDGE_CURVE('',#3659,#3657,#2987,.T.);
#4716=EDGE_CURVE('',#3659,#3658,#2186,.T.);
#4717=EDGE_CURVE('',#3658,#3660,#2187,.F.);
#4718=EDGE_CURVE('',#3661,#3659,#2188,.T.);
#4719=EDGE_CURVE('',#3661,#3660,#2189,.T.);
#4720=EDGE_CURVE('',#3660,#3638,#2988,.F.);
#4721=EDGE_CURVE('',#3639,#3661,#2989,.T.);
#4722=EDGE_CURVE('',#3637,#3662,#2990,.F.);
#4723=EDGE_CURVE('',#3663,#3636,#2991,.T.);
#4724=EDGE_CURVE('',#3663,#3662,#2190,.T.);
#4725=EDGE_CURVE('',#3662,#3652,#2191,.F.);
#4726=EDGE_CURVE('',#3654,#3663,#2192,.T.);
#4727=EDGE_CURVE('',#3664,#3635,#1282,.T.);
#4728=EDGE_CURVE('',#3665,#3664,#1283,.T.);
#4729=EDGE_CURVE('',#3666,#3665,#1284,.T.);
#4730=EDGE_CURVE('',#3667,#3666,#1285,.T.);
#4731=EDGE_CURVE('',#3634,#3667,#1286,.T.);
#4732=EDGE_CURVE('',#3665,#3668,#1287,.T.);
#4733=EDGE_CURVE('',#3668,#3669,#1288,.T.);
#4734=EDGE_CURVE('',#3669,#3666,#1289,.T.);
#4735=EDGE_CURVE('',#3664,#3670,#1290,.T.);
#4736=EDGE_CURVE('',#3670,#3628,#1291,.T.);
#4737=EDGE_CURVE('',#3668,#3627,#1292,.T.);
#4738=EDGE_CURVE('',#3667,#3671,#1293,.T.);
#4739=EDGE_CURVE('',#3671,#3625,#1294,.T.);
#4740=EDGE_CURVE('',#3669,#3626,#1295,.T.);
#4741=ORIENTED_EDGE('',*,*,#3672,.T.);
#4742=ORIENTED_EDGE('',*,*,#3673,.T.);
#4743=ORIENTED_EDGE('',*,*,#3674,.T.);
#4744=ORIENTED_EDGE('',*,*,#3675,.T.);
#4745=ORIENTED_EDGE('',*,*,#3676,.T.);
#4746=ORIENTED_EDGE('',*,*,#3677,.F.);
#4747=ORIENTED_EDGE('',*,*,#3678,.T.);
#4748=ORIENTED_EDGE('',*,*,#3679,.T.);
#4749=ORIENTED_EDGE('',*,*,#3674,.F.);
#4750=ORIENTED_EDGE('',*,*,#3680,.T.);
#4751=ORIENTED_EDGE('',*,*,#3681,.T.);
#4752=ORIENTED_EDGE('',*,*,#3682,.T.);
#4753=ORIENTED_EDGE('',*,*,#3683,.T.);
#4754=ORIENTED_EDGE('',*,*,#3684,.F.);
#4755=ORIENTED_EDGE('',*,*,#3685,.F.);
#4756=ORIENTED_EDGE('',*,*,#3686,.F.);
#4757=ORIENTED_EDGE('',*,*,#3687,.F.);
#4758=ORIENTED_EDGE('',*,*,#3688,.F.);
#4759=ORIENTED_EDGE('',*,*,#3689,.F.);
#4760=ORIENTED_EDGE('',*,*,#3690,.F.);
#4761=ORIENTED_EDGE('',*,*,#3691,.T.);
#4762=ORIENTED_EDGE('',*,*,#3688,.T.);
#4763=ORIENTED_EDGE('',*,*,#3692,.T.);
#4764=ORIENTED_EDGE('',*,*,#3693,.T.);
#4765=ORIENTED_EDGE('',*,*,#3694,.T.);
#4766=ORIENTED_EDGE('',*,*,#3695,.F.);
#4767=ORIENTED_EDGE('',*,*,#3696,.T.);
#4768=ORIENTED_EDGE('',*,*,#3689,.T.);
#4769=ORIENTED_EDGE('',*,*,#3697,.T.);
#4770=ORIENTED_EDGE('',*,*,#3698,.T.);
#4771=ORIENTED_EDGE('',*,*,#3683,.F.);
#4772=ORIENTED_EDGE('',*,*,#3687,.T.);
#4773=ORIENTED_EDGE('',*,*,#3699,.T.);
#4774=ORIENTED_EDGE('',*,*,#3685,.T.);
#4775=ORIENTED_EDGE('',*,*,#3700,.T.);
#4776=ORIENTED_EDGE('',*,*,#3701,.T.);
#4777=ORIENTED_EDGE('',*,*,#3702,.T.);
#4778=ORIENTED_EDGE('',*,*,#3686,.T.);
#4779=ORIENTED_EDGE('',*,*,#3703,.T.);
#4780=ORIENTED_EDGE('',*,*,#3704,.T.);
#4781=ORIENTED_EDGE('',*,*,#3705,.T.);
#4782=ORIENTED_EDGE('',*,*,#3706,.T.);
#4783=ORIENTED_EDGE('',*,*,#3707,.T.);
#4784=ORIENTED_EDGE('',*,*,#3708,.T.);
#4785=ORIENTED_EDGE('',*,*,#3684,.T.);
#4786=ORIENTED_EDGE('',*,*,#3709,.T.);
#4787=ORIENTED_EDGE('',*,*,#3710,.T.);
#4788=ORIENTED_EDGE('',*,*,#3711,.T.);
#4789=ORIENTED_EDGE('',*,*,#3712,.F.);
#4790=ORIENTED_EDGE('',*,*,#3693,.F.);
#4791=ORIENTED_EDGE('',*,*,#3713,.T.);
#4792=ORIENTED_EDGE('',*,*,#3714,.T.);
#4793=ORIENTED_EDGE('',*,*,#3715,.F.);
#4794=ORIENTED_EDGE('',*,*,#3716,.T.);
#4795=ORIENTED_EDGE('',*,*,#3714,.F.);
#4796=ORIENTED_EDGE('',*,*,#3717,.T.);
#4797=ORIENTED_EDGE('',*,*,#3678,.F.);
#4798=ORIENTED_EDGE('',*,*,#3718,.T.);
#4799=ORIENTED_EDGE('',*,*,#3719,.T.);
#4800=ORIENTED_EDGE('',*,*,#3720,.T.);
#4801=ORIENTED_EDGE('',*,*,#3707,.F.);
#4802=ORIENTED_EDGE('',*,*,#3721,.T.);
#4803=ORIENTED_EDGE('',*,*,#3722,.T.);
#4804=ORIENTED_EDGE('',*,*,#3723,.T.);
#4805=ORIENTED_EDGE('',*,*,#3724,.T.);
#4806=ORIENTED_EDGE('',*,*,#3725,.T.);
#4807=ORIENTED_EDGE('',*,*,#3726,.T.);
#4808=ORIENTED_EDGE('',*,*,#3727,.T.);
#4809=ORIENTED_EDGE('',*,*,#3724,.F.);
#4810=ORIENTED_EDGE('',*,*,#3728,.T.);
#4811=ORIENTED_EDGE('',*,*,#3729,.T.);
#4812=ORIENTED_EDGE('',*,*,#3730,.T.);
#4813=ORIENTED_EDGE('',*,*,#3731,.T.);
#4814=ORIENTED_EDGE('',*,*,#3729,.F.);
#4815=ORIENTED_EDGE('',*,*,#3732,.T.);
#4816=ORIENTED_EDGE('',*,*,#3719,.F.);
#4817=ORIENTED_EDGE('',*,*,#3733,.T.);
#4818=ORIENTED_EDGE('',*,*,#3734,.T.);
#4819=ORIENTED_EDGE('',*,*,#3735,.T.);
#4820=ORIENTED_EDGE('',*,*,#3715,.T.);
#4821=ORIENTED_EDGE('',*,*,#3716,.F.);
#4822=ORIENTED_EDGE('',*,*,#3677,.T.);
#4823=ORIENTED_EDGE('',*,*,#3736,.T.);
#4824=ORIENTED_EDGE('',*,*,#3712,.T.);
#4825=ORIENTED_EDGE('',*,*,#3735,.F.);
#4826=ORIENTED_EDGE('',*,*,#3737,.T.);
#4827=ORIENTED_EDGE('',*,*,#3694,.F.);
#4828=ORIENTED_EDGE('',*,*,#3736,.F.);
#4829=ORIENTED_EDGE('',*,*,#3673,.F.);
#4830=ORIENTED_EDGE('',*,*,#3738,.T.);
#4831=ORIENTED_EDGE('',*,*,#3739,.F.);
#4832=ORIENTED_EDGE('',*,*,#3740,.F.);
#4833=ORIENTED_EDGE('',*,*,#3741,.F.);
#4834=ORIENTED_EDGE('',*,*,#3742,.T.);
#4835=ORIENTED_EDGE('',*,*,#3743,.T.);
#4836=ORIENTED_EDGE('',*,*,#3744,.T.);
#4837=ORIENTED_EDGE('',*,*,#3745,.F.);
#4838=ORIENTED_EDGE('',*,*,#3697,.F.);
#4839=ORIENTED_EDGE('',*,*,#3691,.F.);
#4840=ORIENTED_EDGE('',*,*,#3746,.F.);
#4841=ORIENTED_EDGE('',*,*,#3747,.F.);
#4842=ORIENTED_EDGE('',*,*,#3748,.T.);
#4843=ORIENTED_EDGE('',*,*,#3749,.T.);
#4844=ORIENTED_EDGE('',*,*,#3750,.F.);
#4845=ORIENTED_EDGE('',*,*,#3751,.F.);
#4846=ORIENTED_EDGE('',*,*,#3672,.F.);
#4847=ORIENTED_EDGE('',*,*,#3752,.F.);
#4848=ORIENTED_EDGE('',*,*,#3753,.T.);
#4849=ORIENTED_EDGE('',*,*,#3754,.F.);
#4850=ORIENTED_EDGE('',*,*,#3738,.F.);
#4851=ORIENTED_EDGE('',*,*,#3676,.F.);
#4852=ORIENTED_EDGE('',*,*,#3755,.T.);
#4853=ORIENTED_EDGE('',*,*,#3756,.T.);
#4854=ORIENTED_EDGE('',*,*,#3752,.T.);
#4855=ORIENTED_EDGE('',*,*,#3675,.F.);
#4856=ORIENTED_EDGE('',*,*,#3679,.F.);
#4857=ORIENTED_EDGE('',*,*,#3757,.F.);
#4858=ORIENTED_EDGE('',*,*,#3758,.F.);
#4859=ORIENTED_EDGE('',*,*,#3755,.F.);
#4860=ORIENTED_EDGE('',*,*,#3717,.F.);
#4861=ORIENTED_EDGE('',*,*,#3759,.T.);
#4862=ORIENTED_EDGE('',*,*,#3760,.T.);
#4863=ORIENTED_EDGE('',*,*,#3757,.T.);
#4864=ORIENTED_EDGE('',*,*,#3713,.F.);
#4865=ORIENTED_EDGE('',*,*,#3692,.F.);
#4866=ORIENTED_EDGE('',*,*,#3700,.F.);
#4867=ORIENTED_EDGE('',*,*,#3708,.F.);
#4868=ORIENTED_EDGE('',*,*,#3720,.F.);
#4869=ORIENTED_EDGE('',*,*,#3761,.F.);
#4870=ORIENTED_EDGE('',*,*,#3762,.T.);
#4871=ORIENTED_EDGE('',*,*,#3763,.F.);
#4872=ORIENTED_EDGE('',*,*,#3764,.F.);
#4873=ORIENTED_EDGE('',*,*,#3759,.F.);
#4874=ORIENTED_EDGE('',*,*,#3732,.F.);
#4875=ORIENTED_EDGE('',*,*,#3765,.T.);
#4876=ORIENTED_EDGE('',*,*,#3766,.T.);
#4877=ORIENTED_EDGE('',*,*,#3761,.T.);
#4878=ORIENTED_EDGE('',*,*,#3728,.F.);
#4879=ORIENTED_EDGE('',*,*,#3723,.F.);
#4880=ORIENTED_EDGE('',*,*,#3767,.F.);
#4881=ORIENTED_EDGE('',*,*,#3768,.T.);
#4882=ORIENTED_EDGE('',*,*,#3765,.F.);
#4883=ORIENTED_EDGE('',*,*,#3722,.F.);
#4884=ORIENTED_EDGE('',*,*,#3769,.T.);
#4885=ORIENTED_EDGE('',*,*,#3770,.T.);
#4886=ORIENTED_EDGE('',*,*,#3767,.T.);
#4887=ORIENTED_EDGE('',*,*,#3726,.F.);
#4888=ORIENTED_EDGE('',*,*,#3771,.T.);
#4889=ORIENTED_EDGE('',*,*,#3772,.F.);
#4890=ORIENTED_EDGE('',*,*,#3773,.F.);
#4891=ORIENTED_EDGE('',*,*,#3774,.F.);
#4892=ORIENTED_EDGE('',*,*,#3775,.T.);
#4893=ORIENTED_EDGE('',*,*,#3776,.F.);
#4894=ORIENTED_EDGE('',*,*,#3777,.F.);
#4895=ORIENTED_EDGE('',*,*,#3769,.F.);
#4896=ORIENTED_EDGE('',*,*,#3727,.F.);
#4897=ORIENTED_EDGE('',*,*,#3778,.T.);
#4898=ORIENTED_EDGE('',*,*,#3779,.F.);
#4899=ORIENTED_EDGE('',*,*,#3780,.T.);
#4900=ORIENTED_EDGE('',*,*,#3781,.F.);
#4901=ORIENTED_EDGE('',*,*,#3698,.F.);
#4902=ORIENTED_EDGE('',*,*,#3745,.T.);
#4903=ORIENTED_EDGE('',*,*,#3782,.T.);
#4904=ORIENTED_EDGE('',*,*,#3783,.T.);
#4905=ORIENTED_EDGE('',*,*,#3680,.F.);
#4906=ORIENTED_EDGE('',*,*,#3682,.F.);
#4907=ORIENTED_EDGE('',*,*,#3784,.F.);
#4908=ORIENTED_EDGE('',*,*,#3703,.F.);
#4909=ORIENTED_EDGE('',*,*,#3699,.F.);
#4910=ORIENTED_EDGE('',*,*,#3696,.F.);
#4911=ORIENTED_EDGE('',*,*,#3785,.F.);
#4912=ORIENTED_EDGE('',*,*,#3786,.T.);
#4913=ORIENTED_EDGE('',*,*,#3787,.T.);
#4914=ORIENTED_EDGE('',*,*,#3788,.F.);
#4915=ORIENTED_EDGE('',*,*,#3789,.T.);
#4916=ORIENTED_EDGE('',*,*,#3790,.F.);
#4917=ORIENTED_EDGE('',*,*,#3791,.T.);
#4918=ORIENTED_EDGE('',*,*,#3792,.F.);
#4919=ORIENTED_EDGE('',*,*,#3793,.F.);
#4920=ORIENTED_EDGE('',*,*,#3794,.F.);
#4921=ORIENTED_EDGE('',*,*,#3795,.T.);
#4922=ORIENTED_EDGE('',*,*,#3786,.F.);
#4923=ORIENTED_EDGE('',*,*,#3701,.F.);
#4924=ORIENTED_EDGE('',*,*,#3796,.F.);
#4925=ORIENTED_EDGE('',*,*,#3782,.F.);
#4926=ORIENTED_EDGE('',*,*,#3797,.T.);
#4927=ORIENTED_EDGE('',*,*,#3798,.T.);
#4928=ORIENTED_EDGE('',*,*,#3793,.T.);
#4929=ORIENTED_EDGE('',*,*,#3785,.T.);
#4930=ORIENTED_EDGE('',*,*,#3799,.T.);
#4931=ORIENTED_EDGE('',*,*,#3800,.F.);
#4932=ORIENTED_EDGE('',*,*,#3797,.F.);
#4933=ORIENTED_EDGE('',*,*,#3744,.F.);
#4934=ORIENTED_EDGE('',*,*,#3801,.T.);
#4935=ORIENTED_EDGE('',*,*,#3802,.T.);
#4936=ORIENTED_EDGE('',*,*,#3702,.F.);
#4937=ORIENTED_EDGE('',*,*,#3799,.F.);
#4938=ORIENTED_EDGE('',*,*,#3792,.T.);
#4939=ORIENTED_EDGE('',*,*,#3803,.T.);
#4940=ORIENTED_EDGE('',*,*,#3804,.T.);
#4941=ORIENTED_EDGE('',*,*,#3805,.T.);
#4942=ORIENTED_EDGE('',*,*,#3806,.F.);
#4943=ORIENTED_EDGE('',*,*,#3807,.F.);
#4944=ORIENTED_EDGE('',*,*,#3808,.F.);
#4945=ORIENTED_EDGE('',*,*,#3771,.F.);
#4946=ORIENTED_EDGE('',*,*,#3725,.F.);
#4947=ORIENTED_EDGE('',*,*,#3781,.T.);
#4948=ORIENTED_EDGE('',*,*,#3809,.T.);
#4949=ORIENTED_EDGE('',*,*,#3810,.T.);
#4950=ORIENTED_EDGE('',*,*,#3811,.T.);
#4951=ORIENTED_EDGE('',*,*,#3706,.F.);
#4952=ORIENTED_EDGE('',*,*,#3812,.T.);
#4953=ORIENTED_EDGE('',*,*,#3813,.T.);
#4954=ORIENTED_EDGE('',*,*,#3814,.T.);
#4955=ORIENTED_EDGE('',*,*,#3815,.T.);
#4956=ORIENTED_EDGE('',*,*,#3816,.T.);
#4957=ORIENTED_EDGE('',*,*,#3709,.F.);
#4958=ORIENTED_EDGE('',*,*,#3817,.T.);
#4959=ORIENTED_EDGE('',*,*,#3818,.T.);
#4960=ORIENTED_EDGE('',*,*,#3819,.T.);
#4961=ORIENTED_EDGE('',*,*,#3820,.T.);
#4962=ORIENTED_EDGE('',*,*,#3821,.T.);
#4963=ORIENTED_EDGE('',*,*,#3822,.T.);
#4964=ORIENTED_EDGE('',*,*,#3681,.F.);
#4965=ORIENTED_EDGE('',*,*,#3783,.F.);
#4966=ORIENTED_EDGE('',*,*,#3796,.T.);
#4967=ORIENTED_EDGE('',*,*,#3704,.F.);
#4968=ORIENTED_EDGE('',*,*,#3784,.T.);
#4969=ORIENTED_EDGE('',*,*,#3776,.T.);
#4970=ORIENTED_EDGE('',*,*,#3823,.T.);
#4971=ORIENTED_EDGE('',*,*,#3824,.T.);
#4972=ORIENTED_EDGE('',*,*,#3825,.T.);
#4973=ORIENTED_EDGE('',*,*,#3823,.F.);
#4974=ORIENTED_EDGE('',*,*,#3775,.F.);
#4975=ORIENTED_EDGE('',*,*,#3826,.F.);
#4976=ORIENTED_EDGE('',*,*,#3827,.F.);
#4977=ORIENTED_EDGE('',*,*,#3774,.T.);
#4978=ORIENTED_EDGE('',*,*,#3828,.T.);
#4979=ORIENTED_EDGE('',*,*,#3829,.T.);
#4980=ORIENTED_EDGE('',*,*,#3826,.T.);
#4981=ORIENTED_EDGE('',*,*,#3830,.T.);
#4982=ORIENTED_EDGE('',*,*,#3831,.T.);
#4983=ORIENTED_EDGE('',*,*,#3832,.T.);
#4984=ORIENTED_EDGE('',*,*,#3831,.F.);
#4985=ORIENTED_EDGE('',*,*,#3827,.T.);
#4986=ORIENTED_EDGE('',*,*,#3829,.F.);
#4987=ORIENTED_EDGE('',*,*,#3833,.F.);
#4988=ORIENTED_EDGE('',*,*,#3834,.T.);
#4989=ORIENTED_EDGE('',*,*,#3835,.T.);
#4990=ORIENTED_EDGE('',*,*,#3763,.T.);
#4991=ORIENTED_EDGE('',*,*,#3836,.F.);
#4992=ORIENTED_EDGE('',*,*,#3824,.F.);
#4993=ORIENTED_EDGE('',*,*,#3837,.F.);
#4994=ORIENTED_EDGE('',*,*,#3832,.F.);
#4995=ORIENTED_EDGE('',*,*,#3830,.F.);
#4996=ORIENTED_EDGE('',*,*,#3838,.T.);
#4997=ORIENTED_EDGE('',*,*,#3839,.T.);
#4998=ORIENTED_EDGE('',*,*,#3838,.F.);
#4999=ORIENTED_EDGE('',*,*,#3837,.T.);
#5000=ORIENTED_EDGE('',*,*,#3840,.T.);
#5001=ORIENTED_EDGE('',*,*,#3841,.T.);
#5002=ORIENTED_EDGE('',*,*,#3842,.T.);
#5003=ORIENTED_EDGE('',*,*,#3840,.F.);
#5004=ORIENTED_EDGE('',*,*,#3842,.F.);
#5005=ORIENTED_EDGE('',*,*,#3843,.T.);
#5006=ORIENTED_EDGE('',*,*,#3844,.T.);
#5007=ORIENTED_EDGE('',*,*,#3843,.F.);
#5008=ORIENTED_EDGE('',*,*,#3841,.F.);
#5009=ORIENTED_EDGE('',*,*,#3825,.F.);
#5010=ORIENTED_EDGE('',*,*,#3836,.T.);
#5011=ORIENTED_EDGE('',*,*,#3762,.F.);
#5012=ORIENTED_EDGE('',*,*,#3766,.F.);
#5013=ORIENTED_EDGE('',*,*,#3768,.F.);
#5014=ORIENTED_EDGE('',*,*,#3770,.F.);
#5015=ORIENTED_EDGE('',*,*,#3777,.T.);
#5016=ORIENTED_EDGE('',*,*,#3845,.T.);
#5017=ORIENTED_EDGE('',*,*,#3846,.T.);
#5018=ORIENTED_EDGE('',*,*,#3844,.F.);
#5019=ORIENTED_EDGE('',*,*,#3847,.F.);
#5020=ORIENTED_EDGE('',*,*,#3839,.F.);
#5021=ORIENTED_EDGE('',*,*,#3848,.F.);
#5022=ORIENTED_EDGE('',*,*,#3828,.F.);
#5023=ORIENTED_EDGE('',*,*,#3773,.T.);
#5024=ORIENTED_EDGE('',*,*,#3849,.F.);
#5025=ORIENTED_EDGE('',*,*,#3850,.F.);
#5026=ORIENTED_EDGE('',*,*,#3833,.T.);
#5027=ORIENTED_EDGE('',*,*,#3851,.T.);
#5028=ORIENTED_EDGE('',*,*,#3852,.T.);
#5029=ORIENTED_EDGE('',*,*,#3853,.T.);
#5030=ORIENTED_EDGE('',*,*,#3854,.T.);
#5031=ORIENTED_EDGE('',*,*,#3855,.F.);
#5032=ORIENTED_EDGE('',*,*,#3856,.T.);
#5033=ORIENTED_EDGE('',*,*,#3857,.T.);
#5034=ORIENTED_EDGE('',*,*,#3858,.T.);
#5035=ORIENTED_EDGE('',*,*,#3859,.T.);
#5036=ORIENTED_EDGE('',*,*,#3860,.T.);
#5037=ORIENTED_EDGE('',*,*,#3861,.T.);
#5038=ORIENTED_EDGE('',*,*,#3862,.T.);
#5039=ORIENTED_EDGE('',*,*,#3863,.F.);
#5040=ORIENTED_EDGE('',*,*,#3864,.F.);
#5041=ORIENTED_EDGE('',*,*,#3865,.T.);
#5042=ORIENTED_EDGE('',*,*,#3866,.T.);
#5043=ORIENTED_EDGE('',*,*,#3867,.T.);
#5044=ORIENTED_EDGE('',*,*,#3868,.F.);
#5045=ORIENTED_EDGE('',*,*,#3869,.T.);
#5046=ORIENTED_EDGE('',*,*,#3803,.F.);
#5047=ORIENTED_EDGE('',*,*,#3791,.F.);
#5048=ORIENTED_EDGE('',*,*,#3870,.T.);
#5049=ORIENTED_EDGE('',*,*,#3871,.T.);
#5050=ORIENTED_EDGE('',*,*,#3789,.F.);
#5051=ORIENTED_EDGE('',*,*,#3872,.T.);
#5052=ORIENTED_EDGE('',*,*,#3873,.T.);
#5053=ORIENTED_EDGE('',*,*,#3787,.F.);
#5054=ORIENTED_EDGE('',*,*,#3874,.T.);
#5055=ORIENTED_EDGE('',*,*,#3875,.T.);
#5056=ORIENTED_EDGE('',*,*,#3876,.T.);
#5057=ORIENTED_EDGE('',*,*,#3877,.F.);
#5058=ORIENTED_EDGE('',*,*,#3878,.T.);
#5059=ORIENTED_EDGE('',*,*,#3855,.T.);
#5060=ORIENTED_EDGE('',*,*,#3879,.T.);
#5061=ORIENTED_EDGE('',*,*,#3880,.T.);
#5062=ORIENTED_EDGE('',*,*,#3867,.F.);
#5063=ORIENTED_EDGE('',*,*,#3881,.T.);
#5064=ORIENTED_EDGE('',*,*,#3882,.T.);
#5065=ORIENTED_EDGE('',*,*,#3794,.T.);
#5066=ORIENTED_EDGE('',*,*,#3798,.F.);
#5067=ORIENTED_EDGE('',*,*,#3800,.T.);
#5068=ORIENTED_EDGE('',*,*,#3847,.T.);
#5069=ORIENTED_EDGE('',*,*,#3883,.T.);
#5070=ORIENTED_EDGE('',*,*,#3872,.F.);
#5071=ORIENTED_EDGE('',*,*,#3788,.T.);
#5072=ORIENTED_EDGE('',*,*,#3873,.F.);
#5073=ORIENTED_EDGE('',*,*,#3883,.F.);
#5074=ORIENTED_EDGE('',*,*,#3848,.T.);
#5075=ORIENTED_EDGE('',*,*,#3884,.T.);
#5076=ORIENTED_EDGE('',*,*,#3870,.F.);
#5077=ORIENTED_EDGE('',*,*,#3790,.T.);
#5078=ORIENTED_EDGE('',*,*,#3871,.F.);
#5079=ORIENTED_EDGE('',*,*,#3884,.F.);
#5080=ORIENTED_EDGE('',*,*,#3885,.T.);
#5081=ORIENTED_EDGE('',*,*,#3886,.T.);
#5082=ORIENTED_EDGE('',*,*,#3887,.T.);
#5083=ORIENTED_EDGE('',*,*,#3864,.T.);
#5084=ORIENTED_EDGE('',*,*,#3888,.T.);
#5085=ORIENTED_EDGE('',*,*,#3889,.T.);
#5086=ORIENTED_EDGE('',*,*,#3890,.T.);
#5087=ORIENTED_EDGE('',*,*,#3891,.T.);
#5088=ORIENTED_EDGE('',*,*,#3892,.T.);
#5089=ORIENTED_EDGE('',*,*,#3893,.T.);
#5090=ORIENTED_EDGE('',*,*,#3894,.T.);
#5091=ORIENTED_EDGE('',*,*,#3895,.T.);
#5092=ORIENTED_EDGE('',*,*,#3866,.F.);
#5093=ORIENTED_EDGE('',*,*,#3896,.T.);
#5094=ORIENTED_EDGE('',*,*,#3859,.F.);
#5095=ORIENTED_EDGE('',*,*,#3897,.T.);
#5096=ORIENTED_EDGE('',*,*,#3877,.T.);
#5097=ORIENTED_EDGE('',*,*,#3863,.T.);
#5098=ORIENTED_EDGE('',*,*,#3898,.T.);
#5099=ORIENTED_EDGE('',*,*,#3868,.T.);
#5100=ORIENTED_EDGE('',*,*,#3880,.F.);
#5101=ORIENTED_EDGE('',*,*,#3899,.T.);
#5102=ORIENTED_EDGE('',*,*,#3900,.F.);
#5103=ORIENTED_EDGE('',*,*,#3901,.T.);
#5104=ORIENTED_EDGE('',*,*,#3881,.F.);
#5105=ORIENTED_EDGE('',*,*,#3802,.F.);
#5106=ORIENTED_EDGE('',*,*,#3902,.T.);
#5107=ORIENTED_EDGE('',*,*,#3887,.F.);
#5108=ORIENTED_EDGE('',*,*,#3903,.T.);
#5109=ORIENTED_EDGE('',*,*,#3856,.F.);
#5110=ORIENTED_EDGE('',*,*,#3896,.F.);
#5111=ORIENTED_EDGE('',*,*,#3865,.F.);
#5112=ORIENTED_EDGE('',*,*,#3862,.F.);
#5113=ORIENTED_EDGE('',*,*,#3904,.T.);
#5114=ORIENTED_EDGE('',*,*,#3885,.F.);
#5115=ORIENTED_EDGE('',*,*,#3869,.F.);
#5116=ORIENTED_EDGE('',*,*,#3898,.F.);
#5117=ORIENTED_EDGE('',*,*,#3854,.F.);
#5118=ORIENTED_EDGE('',*,*,#3905,.T.);
#5119=ORIENTED_EDGE('',*,*,#3860,.F.);
#5120=ORIENTED_EDGE('',*,*,#3899,.F.);
#5121=ORIENTED_EDGE('',*,*,#3879,.F.);
#5122=ORIENTED_EDGE('',*,*,#3858,.F.);
#5123=ORIENTED_EDGE('',*,*,#3906,.T.);
#5124=ORIENTED_EDGE('',*,*,#3852,.F.);
#5125=ORIENTED_EDGE('',*,*,#3878,.F.);
#5126=ORIENTED_EDGE('',*,*,#3897,.F.);
#5127=ORIENTED_EDGE('',*,*,#3907,.T.);
#5128=ORIENTED_EDGE('',*,*,#3875,.F.);
#5129=ORIENTED_EDGE('',*,*,#3908,.F.);
#5130=ORIENTED_EDGE('',*,*,#3901,.F.);
#5131=ORIENTED_EDGE('',*,*,#3908,.T.);
#5132=ORIENTED_EDGE('',*,*,#3874,.F.);
#5133=ORIENTED_EDGE('',*,*,#3795,.F.);
#5134=ORIENTED_EDGE('',*,*,#3882,.F.);
#5135=ORIENTED_EDGE('',*,*,#3743,.F.);
#5136=ORIENTED_EDGE('',*,*,#3909,.F.);
#5137=ORIENTED_EDGE('',*,*,#3902,.F.);
#5138=ORIENTED_EDGE('',*,*,#3801,.F.);
#5139=ORIENTED_EDGE('',*,*,#3910,.F.);
#5140=ORIENTED_EDGE('',*,*,#3893,.F.);
#5141=ORIENTED_EDGE('',*,*,#3911,.F.);
#5142=ORIENTED_EDGE('',*,*,#3886,.F.);
#5143=ORIENTED_EDGE('',*,*,#3911,.T.);
#5144=ORIENTED_EDGE('',*,*,#3892,.F.);
#5145=ORIENTED_EDGE('',*,*,#3912,.F.);
#5146=ORIENTED_EDGE('',*,*,#3903,.F.);
#5147=ORIENTED_EDGE('',*,*,#3910,.T.);
#5148=ORIENTED_EDGE('',*,*,#3904,.F.);
#5149=ORIENTED_EDGE('',*,*,#3913,.F.);
#5150=ORIENTED_EDGE('',*,*,#3894,.F.);
#5151=ORIENTED_EDGE('',*,*,#3912,.T.);
#5152=ORIENTED_EDGE('',*,*,#3891,.F.);
#5153=ORIENTED_EDGE('',*,*,#3914,.F.);
#5154=ORIENTED_EDGE('',*,*,#3857,.F.);
#5155=ORIENTED_EDGE('',*,*,#3913,.T.);
#5156=ORIENTED_EDGE('',*,*,#3861,.F.);
#5157=ORIENTED_EDGE('',*,*,#3915,.F.);
#5158=ORIENTED_EDGE('',*,*,#3895,.F.);
#5159=ORIENTED_EDGE('',*,*,#3914,.T.);
#5160=ORIENTED_EDGE('',*,*,#3890,.F.);
#5161=ORIENTED_EDGE('',*,*,#3916,.F.);
#5162=ORIENTED_EDGE('',*,*,#3906,.F.);
#5163=ORIENTED_EDGE('',*,*,#3915,.T.);
#5164=ORIENTED_EDGE('',*,*,#3905,.F.);
#5165=ORIENTED_EDGE('',*,*,#3917,.F.);
#5166=ORIENTED_EDGE('',*,*,#3888,.F.);
#5167=ORIENTED_EDGE('',*,*,#3916,.T.);
#5168=ORIENTED_EDGE('',*,*,#3889,.F.);
#5169=ORIENTED_EDGE('',*,*,#3917,.T.);
#5170=ORIENTED_EDGE('',*,*,#3853,.F.);
#5171=ORIENTED_EDGE('',*,*,#3804,.F.);
#5172=ORIENTED_EDGE('',*,*,#3876,.F.);
#5173=ORIENTED_EDGE('',*,*,#3907,.F.);
#5174=ORIENTED_EDGE('',*,*,#3918,.F.);
#5175=ORIENTED_EDGE('',*,*,#3805,.F.);
#5176=ORIENTED_EDGE('',*,*,#3918,.T.);
#5177=ORIENTED_EDGE('',*,*,#3900,.T.);
#5178=ORIENTED_EDGE('',*,*,#3909,.T.);
#5179=ORIENTED_EDGE('',*,*,#3742,.F.);
#5180=ORIENTED_EDGE('',*,*,#3919,.F.);
#5181=ORIENTED_EDGE('',*,*,#3919,.T.);
#5182=ORIENTED_EDGE('',*,*,#3741,.T.);
#5183=ORIENTED_EDGE('',*,*,#3920,.T.);
#5184=ORIENTED_EDGE('',*,*,#3806,.T.);
#5185=ORIENTED_EDGE('',*,*,#3807,.T.);
#5186=ORIENTED_EDGE('',*,*,#3920,.F.);
#5187=ORIENTED_EDGE('',*,*,#3740,.T.);
#5188=ORIENTED_EDGE('',*,*,#3921,.F.);
#5189=ORIENTED_EDGE('',*,*,#3922,.F.);
#5190=ORIENTED_EDGE('',*,*,#3834,.F.);
#5191=ORIENTED_EDGE('',*,*,#3850,.T.);
#5192=ORIENTED_EDGE('',*,*,#3923,.F.);
#5193=ORIENTED_EDGE('',*,*,#3924,.F.);
#5194=ORIENTED_EDGE('',*,*,#3925,.T.);
#5195=ORIENTED_EDGE('',*,*,#3819,.F.);
#5196=ORIENTED_EDGE('',*,*,#3926,.F.);
#5197=ORIENTED_EDGE('',*,*,#3817,.F.);
#5198=ORIENTED_EDGE('',*,*,#3927,.F.);
#5199=ORIENTED_EDGE('',*,*,#3928,.F.);
#5200=ORIENTED_EDGE('',*,*,#3929,.F.);
#5201=ORIENTED_EDGE('',*,*,#3930,.F.);
#5202=ORIENTED_EDGE('',*,*,#3926,.T.);
#5203=ORIENTED_EDGE('',*,*,#3818,.F.);
#5204=ORIENTED_EDGE('',*,*,#3929,.T.);
#5205=ORIENTED_EDGE('',*,*,#3822,.F.);
#5206=ORIENTED_EDGE('',*,*,#3931,.F.);
#5207=ORIENTED_EDGE('',*,*,#3932,.F.);
#5208=ORIENTED_EDGE('',*,*,#3927,.T.);
#5209=ORIENTED_EDGE('',*,*,#3821,.F.);
#5210=ORIENTED_EDGE('',*,*,#3933,.F.);
#5211=ORIENTED_EDGE('',*,*,#3934,.F.);
#5212=ORIENTED_EDGE('',*,*,#3931,.T.);
#5213=ORIENTED_EDGE('',*,*,#3820,.F.);
#5214=ORIENTED_EDGE('',*,*,#3925,.F.);
#5215=ORIENTED_EDGE('',*,*,#3935,.F.);
#5216=ORIENTED_EDGE('',*,*,#3933,.T.);
#5217=ORIENTED_EDGE('',*,*,#3934,.T.);
#5218=ORIENTED_EDGE('',*,*,#3936,.T.);
#5219=ORIENTED_EDGE('',*,*,#3937,.T.);
#5220=ORIENTED_EDGE('',*,*,#3938,.F.);
#5221=ORIENTED_EDGE('',*,*,#3932,.T.);
#5222=ORIENTED_EDGE('',*,*,#3938,.T.);
#5223=ORIENTED_EDGE('',*,*,#3939,.T.);
#5224=ORIENTED_EDGE('',*,*,#3940,.F.);
#5225=ORIENTED_EDGE('',*,*,#3928,.T.);
#5226=ORIENTED_EDGE('',*,*,#3940,.T.);
#5227=ORIENTED_EDGE('',*,*,#3941,.T.);
#5228=ORIENTED_EDGE('',*,*,#3942,.F.);
#5229=ORIENTED_EDGE('',*,*,#3943,.F.);
#5230=ORIENTED_EDGE('',*,*,#3944,.T.);
#5231=ORIENTED_EDGE('',*,*,#3809,.F.);
#5232=ORIENTED_EDGE('',*,*,#3780,.F.);
#5233=ORIENTED_EDGE('',*,*,#3731,.F.);
#5234=ORIENTED_EDGE('',*,*,#3945,.F.);
#5235=ORIENTED_EDGE('',*,*,#3946,.F.);
#5236=ORIENTED_EDGE('',*,*,#3778,.F.);
#5237=ORIENTED_EDGE('',*,*,#3730,.F.);
#5238=ORIENTED_EDGE('',*,*,#3718,.F.);
#5239=ORIENTED_EDGE('',*,*,#3947,.F.);
#5240=ORIENTED_EDGE('',*,*,#3948,.F.);
#5241=ORIENTED_EDGE('',*,*,#3945,.T.);
#5242=ORIENTED_EDGE('',*,*,#3733,.F.);
#5243=ORIENTED_EDGE('',*,*,#3721,.F.);
#5244=ORIENTED_EDGE('',*,*,#3811,.F.);
#5245=ORIENTED_EDGE('',*,*,#3949,.F.);
#5246=ORIENTED_EDGE('',*,*,#3950,.F.);
#5247=ORIENTED_EDGE('',*,*,#3947,.T.);
#5248=ORIENTED_EDGE('',*,*,#3810,.F.);
#5249=ORIENTED_EDGE('',*,*,#3944,.F.);
#5250=ORIENTED_EDGE('',*,*,#3951,.F.);
#5251=ORIENTED_EDGE('',*,*,#3949,.T.);
#5252=ORIENTED_EDGE('',*,*,#3950,.T.);
#5253=ORIENTED_EDGE('',*,*,#3952,.T.);
#5254=ORIENTED_EDGE('',*,*,#3953,.T.);
#5255=ORIENTED_EDGE('',*,*,#3954,.F.);
#5256=ORIENTED_EDGE('',*,*,#3948,.T.);
#5257=ORIENTED_EDGE('',*,*,#3954,.T.);
#5258=ORIENTED_EDGE('',*,*,#3955,.T.);
#5259=ORIENTED_EDGE('',*,*,#3956,.F.);
#5260=ORIENTED_EDGE('',*,*,#3946,.T.);
#5261=ORIENTED_EDGE('',*,*,#3956,.T.);
#5262=ORIENTED_EDGE('',*,*,#3957,.T.);
#5263=ORIENTED_EDGE('',*,*,#3958,.F.);
#5264=ORIENTED_EDGE('',*,*,#3959,.F.);
#5265=ORIENTED_EDGE('',*,*,#3960,.F.);
#5266=ORIENTED_EDGE('',*,*,#3814,.F.);
#5267=ORIENTED_EDGE('',*,*,#3961,.F.);
#5268=ORIENTED_EDGE('',*,*,#3813,.F.);
#5269=ORIENTED_EDGE('',*,*,#3962,.F.);
#5270=ORIENTED_EDGE('',*,*,#3963,.F.);
#5271=ORIENTED_EDGE('',*,*,#3961,.T.);
#5272=ORIENTED_EDGE('',*,*,#3705,.F.);
#5273=ORIENTED_EDGE('',*,*,#3964,.F.);
#5274=ORIENTED_EDGE('',*,*,#3965,.F.);
#5275=ORIENTED_EDGE('',*,*,#3962,.T.);
#5276=ORIENTED_EDGE('',*,*,#3812,.F.);
#5277=ORIENTED_EDGE('',*,*,#3966,.F.);
#5278=ORIENTED_EDGE('',*,*,#3967,.T.);
#5279=ORIENTED_EDGE('',*,*,#3815,.F.);
#5280=ORIENTED_EDGE('',*,*,#3960,.T.);
#5281=ORIENTED_EDGE('',*,*,#3711,.F.);
#5282=ORIENTED_EDGE('',*,*,#3968,.F.);
#5283=ORIENTED_EDGE('',*,*,#3969,.F.);
#5284=ORIENTED_EDGE('',*,*,#3964,.T.);
#5285=ORIENTED_EDGE('',*,*,#3710,.F.);
#5286=ORIENTED_EDGE('',*,*,#3816,.F.);
#5287=ORIENTED_EDGE('',*,*,#3967,.F.);
#5288=ORIENTED_EDGE('',*,*,#3970,.F.);
#5289=ORIENTED_EDGE('',*,*,#3968,.T.);
#5290=ORIENTED_EDGE('',*,*,#3965,.T.);
#5291=ORIENTED_EDGE('',*,*,#3971,.T.);
#5292=ORIENTED_EDGE('',*,*,#3972,.T.);
#5293=ORIENTED_EDGE('',*,*,#3973,.F.);
#5294=ORIENTED_EDGE('',*,*,#3963,.T.);
#5295=ORIENTED_EDGE('',*,*,#3973,.T.);
#5296=ORIENTED_EDGE('',*,*,#3974,.T.);
#5297=ORIENTED_EDGE('',*,*,#3975,.F.);
#5298=ORIENTED_EDGE('',*,*,#3959,.T.);
#5299=ORIENTED_EDGE('',*,*,#3975,.T.);
#5300=ORIENTED_EDGE('',*,*,#3976,.T.);
#5301=ORIENTED_EDGE('',*,*,#3977,.F.);
#5302=ORIENTED_EDGE('',*,*,#3930,.T.);
#5303=ORIENTED_EDGE('',*,*,#3942,.T.);
#5304=ORIENTED_EDGE('',*,*,#3978,.T.);
#5305=ORIENTED_EDGE('',*,*,#3979,.F.);
#5306=ORIENTED_EDGE('',*,*,#3935,.T.);
#5307=ORIENTED_EDGE('',*,*,#3980,.T.);
#5308=ORIENTED_EDGE('',*,*,#3981,.T.);
#5309=ORIENTED_EDGE('',*,*,#3936,.F.);
#5310=ORIENTED_EDGE('',*,*,#3924,.T.);
#5311=ORIENTED_EDGE('',*,*,#3979,.T.);
#5312=ORIENTED_EDGE('',*,*,#3982,.T.);
#5313=ORIENTED_EDGE('',*,*,#3980,.F.);
#5314=ORIENTED_EDGE('',*,*,#3779,.T.);
#5315=ORIENTED_EDGE('',*,*,#3958,.T.);
#5316=ORIENTED_EDGE('',*,*,#3983,.T.);
#5317=ORIENTED_EDGE('',*,*,#3984,.F.);
#5318=ORIENTED_EDGE('',*,*,#3951,.T.);
#5319=ORIENTED_EDGE('',*,*,#3985,.T.);
#5320=ORIENTED_EDGE('',*,*,#3986,.T.);
#5321=ORIENTED_EDGE('',*,*,#3952,.F.);
#5322=ORIENTED_EDGE('',*,*,#3943,.T.);
#5323=ORIENTED_EDGE('',*,*,#3984,.T.);
#5324=ORIENTED_EDGE('',*,*,#3987,.T.);
#5325=ORIENTED_EDGE('',*,*,#3985,.F.);
#5326=ORIENTED_EDGE('',*,*,#3966,.T.);
#5327=ORIENTED_EDGE('',*,*,#3977,.T.);
#5328=ORIENTED_EDGE('',*,*,#3988,.T.);
#5329=ORIENTED_EDGE('',*,*,#3989,.F.);
#5330=ORIENTED_EDGE('',*,*,#3969,.T.);
#5331=ORIENTED_EDGE('',*,*,#3990,.T.);
#5332=ORIENTED_EDGE('',*,*,#3991,.T.);
#5333=ORIENTED_EDGE('',*,*,#3971,.F.);
#5334=ORIENTED_EDGE('',*,*,#3970,.T.);
#5335=ORIENTED_EDGE('',*,*,#3989,.T.);
#5336=ORIENTED_EDGE('',*,*,#3992,.T.);
#5337=ORIENTED_EDGE('',*,*,#3990,.F.);
#5338=ORIENTED_EDGE('',*,*,#3851,.F.);
#5339=ORIENTED_EDGE('',*,*,#3993,.T.);
#5340=ORIENTED_EDGE('',*,*,#3994,.F.);
#5341=ORIENTED_EDGE('',*,*,#3993,.F.);
#5342=ORIENTED_EDGE('',*,*,#3845,.F.);
#5343=ORIENTED_EDGE('',*,*,#3995,.T.);
#5344=ORIENTED_EDGE('',*,*,#3996,.F.);
#5345=ORIENTED_EDGE('',*,*,#3995,.F.);
#5346=ORIENTED_EDGE('',*,*,#3846,.F.);
#5347=ORIENTED_EDGE('',*,*,#3997,.T.);
#5348=ORIENTED_EDGE('',*,*,#3998,.F.);
#5349=ORIENTED_EDGE('',*,*,#3997,.F.);
#5350=ORIENTED_EDGE('',*,*,#3753,.F.);
#5351=ORIENTED_EDGE('',*,*,#3756,.F.);
#5352=ORIENTED_EDGE('',*,*,#3758,.T.);
#5353=ORIENTED_EDGE('',*,*,#3760,.F.);
#5354=ORIENTED_EDGE('',*,*,#3764,.T.);
#5355=ORIENTED_EDGE('',*,*,#3835,.F.);
#5356=ORIENTED_EDGE('',*,*,#3922,.T.);
#5357=ORIENTED_EDGE('',*,*,#3999,.F.);
#5358=ORIENTED_EDGE('',*,*,#4000,.F.);
#5359=ORIENTED_EDGE('',*,*,#4001,.F.);
#5360=ORIENTED_EDGE('',*,*,#4002,.F.);
#5361=ORIENTED_EDGE('',*,*,#4003,.F.);
#5362=ORIENTED_EDGE('',*,*,#4004,.T.);
#5363=ORIENTED_EDGE('',*,*,#4002,.T.);
#5364=ORIENTED_EDGE('',*,*,#4004,.F.);
#5365=ORIENTED_EDGE('',*,*,#4005,.F.);
#5366=ORIENTED_EDGE('',*,*,#4006,.T.);
#5367=ORIENTED_EDGE('',*,*,#4007,.F.);
#5368=ORIENTED_EDGE('',*,*,#4008,.F.);
#5369=ORIENTED_EDGE('',*,*,#4009,.T.);
#5370=ORIENTED_EDGE('',*,*,#4006,.F.);
#5371=ORIENTED_EDGE('',*,*,#4009,.F.);
#5372=ORIENTED_EDGE('',*,*,#4010,.F.);
#5373=ORIENTED_EDGE('',*,*,#4011,.F.);
#5374=ORIENTED_EDGE('',*,*,#4012,.T.);
#5375=ORIENTED_EDGE('',*,*,#4001,.T.);
#5376=ORIENTED_EDGE('',*,*,#4012,.F.);
#5377=ORIENTED_EDGE('',*,*,#4013,.F.);
#5378=ORIENTED_EDGE('',*,*,#4014,.T.);
#5379=ORIENTED_EDGE('',*,*,#4015,.F.);
#5380=ORIENTED_EDGE('',*,*,#4016,.F.);
#5381=ORIENTED_EDGE('',*,*,#4017,.T.);
#5382=ORIENTED_EDGE('',*,*,#4014,.F.);
#5383=ORIENTED_EDGE('',*,*,#4017,.F.);
#5384=ORIENTED_EDGE('',*,*,#4018,.F.);
#5385=ORIENTED_EDGE('',*,*,#4019,.F.);
#5386=ORIENTED_EDGE('',*,*,#4020,.T.);
#5387=ORIENTED_EDGE('',*,*,#4000,.T.);
#5388=ORIENTED_EDGE('',*,*,#4020,.F.);
#5389=ORIENTED_EDGE('',*,*,#4021,.F.);
#5390=ORIENTED_EDGE('',*,*,#4022,.T.);
#5391=ORIENTED_EDGE('',*,*,#4023,.F.);
#5392=ORIENTED_EDGE('',*,*,#3734,.F.);
#5393=ORIENTED_EDGE('',*,*,#4024,.T.);
#5394=ORIENTED_EDGE('',*,*,#4022,.F.);
#5395=ORIENTED_EDGE('',*,*,#4024,.F.);
#5396=ORIENTED_EDGE('',*,*,#3737,.F.);
#5397=ORIENTED_EDGE('',*,*,#3983,.F.);
#5398=ORIENTED_EDGE('',*,*,#3957,.F.);
#5399=ORIENTED_EDGE('',*,*,#3955,.F.);
#5400=ORIENTED_EDGE('',*,*,#3953,.F.);
#5401=ORIENTED_EDGE('',*,*,#3986,.F.);
#5402=ORIENTED_EDGE('',*,*,#3987,.F.);
#5403=ORIENTED_EDGE('',*,*,#4025,.F.);
#5404=ORIENTED_EDGE('',*,*,#3988,.F.);
#5405=ORIENTED_EDGE('',*,*,#3976,.F.);
#5406=ORIENTED_EDGE('',*,*,#3974,.F.);
#5407=ORIENTED_EDGE('',*,*,#3972,.F.);
#5408=ORIENTED_EDGE('',*,*,#3991,.F.);
#5409=ORIENTED_EDGE('',*,*,#3992,.F.);
#5410=ORIENTED_EDGE('',*,*,#4026,.F.);
#5411=ORIENTED_EDGE('',*,*,#3978,.F.);
#5412=ORIENTED_EDGE('',*,*,#3941,.F.);
#5413=ORIENTED_EDGE('',*,*,#3939,.F.);
#5414=ORIENTED_EDGE('',*,*,#3937,.F.);
#5415=ORIENTED_EDGE('',*,*,#3981,.F.);
#5416=ORIENTED_EDGE('',*,*,#3982,.F.);
#5417=ORIENTED_EDGE('',*,*,#4027,.F.);
#5418=ORIENTED_EDGE('',*,*,#3751,.T.);
#5419=ORIENTED_EDGE('',*,*,#4028,.F.);
#5420=ORIENTED_EDGE('',*,*,#4029,.F.);
#5421=ORIENTED_EDGE('',*,*,#4030,.T.);
#5422=ORIENTED_EDGE('',*,*,#3748,.F.);
#5423=ORIENTED_EDGE('',*,*,#4030,.F.);
#5424=ORIENTED_EDGE('',*,*,#4031,.T.);
#5425=ORIENTED_EDGE('',*,*,#4032,.T.);
#5426=ORIENTED_EDGE('',*,*,#3749,.F.);
#5427=ORIENTED_EDGE('',*,*,#4032,.F.);
#5428=ORIENTED_EDGE('',*,*,#4033,.T.);
#5429=ORIENTED_EDGE('',*,*,#4034,.T.);
#5430=ORIENTED_EDGE('',*,*,#4035,.T.);
#5431=ORIENTED_EDGE('',*,*,#4036,.F.);
#5432=ORIENTED_EDGE('',*,*,#4037,.F.);
#5433=ORIENTED_EDGE('',*,*,#4038,.T.);
#5434=ORIENTED_EDGE('',*,*,#4039,.F.);
#5435=ORIENTED_EDGE('',*,*,#4038,.F.);
#5436=ORIENTED_EDGE('',*,*,#4040,.T.);
#5437=ORIENTED_EDGE('',*,*,#4041,.T.);
#5438=ORIENTED_EDGE('',*,*,#4042,.F.);
#5439=ORIENTED_EDGE('',*,*,#4041,.F.);
#5440=ORIENTED_EDGE('',*,*,#4043,.T.);
#5441=ORIENTED_EDGE('',*,*,#4044,.T.);
#5442=ORIENTED_EDGE('',*,*,#4045,.T.);
#5443=ORIENTED_EDGE('',*,*,#4044,.F.);
#5444=ORIENTED_EDGE('',*,*,#4046,.F.);
#5445=ORIENTED_EDGE('',*,*,#4036,.T.);
#5446=ORIENTED_EDGE('',*,*,#3750,.T.);
#5447=ORIENTED_EDGE('',*,*,#4034,.F.);
#5448=ORIENTED_EDGE('',*,*,#4047,.F.);
#5449=ORIENTED_EDGE('',*,*,#4028,.T.);
#5450=ORIENTED_EDGE('',*,*,#4029,.T.);
#5451=ORIENTED_EDGE('',*,*,#4047,.T.);
#5452=ORIENTED_EDGE('',*,*,#4033,.F.);
#5453=ORIENTED_EDGE('',*,*,#4031,.F.);
#5454=ORIENTED_EDGE('',*,*,#4037,.T.);
#5455=ORIENTED_EDGE('',*,*,#4046,.T.);
#5456=ORIENTED_EDGE('',*,*,#4043,.F.);
#5457=ORIENTED_EDGE('',*,*,#4040,.F.);
#5458=ORIENTED_EDGE('',*,*,#4039,.T.);
#5459=ORIENTED_EDGE('',*,*,#4042,.T.);
#5460=ORIENTED_EDGE('',*,*,#4045,.F.);
#5461=ORIENTED_EDGE('',*,*,#4035,.F.);
#5462=ORIENTED_EDGE('',*,*,#3998,.T.);
#5463=ORIENTED_EDGE('',*,*,#4048,.T.);
#5464=ORIENTED_EDGE('',*,*,#4025,.T.);
#5465=ORIENTED_EDGE('',*,*,#4048,.F.);
#5466=ORIENTED_EDGE('',*,*,#3996,.T.);
#5467=ORIENTED_EDGE('',*,*,#4049,.T.);
#5468=ORIENTED_EDGE('',*,*,#4026,.T.);
#5469=ORIENTED_EDGE('',*,*,#4049,.F.);
#5470=ORIENTED_EDGE('',*,*,#3994,.T.);
#5471=ORIENTED_EDGE('',*,*,#4050,.T.);
#5472=ORIENTED_EDGE('',*,*,#4027,.T.);
#5473=ORIENTED_EDGE('',*,*,#4050,.F.);
#5474=ORIENTED_EDGE('',*,*,#4019,.T.);
#5475=ORIENTED_EDGE('',*,*,#4051,.T.);
#5476=ORIENTED_EDGE('',*,*,#4023,.T.);
#5477=ORIENTED_EDGE('',*,*,#4051,.F.);
#5478=ORIENTED_EDGE('',*,*,#4021,.T.);
#5479=ORIENTED_EDGE('',*,*,#4011,.T.);
#5480=ORIENTED_EDGE('',*,*,#4052,.T.);
#5481=ORIENTED_EDGE('',*,*,#4015,.T.);
#5482=ORIENTED_EDGE('',*,*,#4052,.F.);
#5483=ORIENTED_EDGE('',*,*,#4013,.T.);
#5484=ORIENTED_EDGE('',*,*,#4003,.T.);
#5485=ORIENTED_EDGE('',*,*,#4053,.T.);
#5486=ORIENTED_EDGE('',*,*,#4007,.T.);
#5487=ORIENTED_EDGE('',*,*,#4053,.F.);
#5488=ORIENTED_EDGE('',*,*,#4005,.T.);
#5489=ORIENTED_EDGE('',*,*,#4008,.T.);
#5490=ORIENTED_EDGE('',*,*,#4054,.T.);
#5491=ORIENTED_EDGE('',*,*,#3747,.T.);
#5492=ORIENTED_EDGE('',*,*,#4054,.F.);
#5493=ORIENTED_EDGE('',*,*,#4010,.T.);
#5494=ORIENTED_EDGE('',*,*,#4016,.T.);
#5495=ORIENTED_EDGE('',*,*,#4055,.T.);
#5496=ORIENTED_EDGE('',*,*,#3695,.T.);
#5497=ORIENTED_EDGE('',*,*,#3746,.T.);
#5498=ORIENTED_EDGE('',*,*,#3690,.T.);
#5499=ORIENTED_EDGE('',*,*,#4055,.F.);
#5500=ORIENTED_EDGE('',*,*,#4018,.T.);
#5501=ORIENTED_EDGE('',*,*,#3999,.T.);
#5502=ORIENTED_EDGE('',*,*,#3921,.T.);
#5503=ORIENTED_EDGE('',*,*,#3739,.T.);
#5504=ORIENTED_EDGE('',*,*,#3754,.T.);
#5505=ORIENTED_EDGE('',*,*,#3808,.T.);
#5506=ORIENTED_EDGE('',*,*,#3923,.T.);
#5507=ORIENTED_EDGE('',*,*,#3849,.T.);
#5508=ORIENTED_EDGE('',*,*,#3772,.T.);
#5509=ORIENTED_EDGE('',*,*,#4056,.T.);
#5510=ORIENTED_EDGE('',*,*,#4057,.T.);
#5511=ORIENTED_EDGE('',*,*,#4058,.T.);
#5512=ORIENTED_EDGE('',*,*,#4059,.T.);
#5513=ORIENTED_EDGE('',*,*,#4060,.T.);
#5514=ORIENTED_EDGE('',*,*,#4061,.F.);
#5515=ORIENTED_EDGE('',*,*,#4058,.F.);
#5516=ORIENTED_EDGE('',*,*,#4062,.T.);
#5517=ORIENTED_EDGE('',*,*,#4063,.T.);
#5518=ORIENTED_EDGE('',*,*,#4064,.T.);
#5519=ORIENTED_EDGE('',*,*,#4065,.T.);
#5520=ORIENTED_EDGE('',*,*,#4066,.T.);
#5521=ORIENTED_EDGE('',*,*,#4067,.T.);
#5522=ORIENTED_EDGE('',*,*,#4068,.F.);
#5523=ORIENTED_EDGE('',*,*,#4069,.F.);
#5524=ORIENTED_EDGE('',*,*,#4070,.F.);
#5525=ORIENTED_EDGE('',*,*,#4071,.F.);
#5526=ORIENTED_EDGE('',*,*,#4072,.F.);
#5527=ORIENTED_EDGE('',*,*,#4073,.F.);
#5528=ORIENTED_EDGE('',*,*,#4074,.T.);
#5529=ORIENTED_EDGE('',*,*,#4075,.T.);
#5530=ORIENTED_EDGE('',*,*,#4072,.T.);
#5531=ORIENTED_EDGE('',*,*,#4076,.T.);
#5532=ORIENTED_EDGE('',*,*,#4077,.T.);
#5533=ORIENTED_EDGE('',*,*,#4078,.F.);
#5534=ORIENTED_EDGE('',*,*,#4079,.T.);
#5535=ORIENTED_EDGE('',*,*,#4080,.T.);
#5536=ORIENTED_EDGE('',*,*,#4081,.T.);
#5537=ORIENTED_EDGE('',*,*,#4073,.T.);
#5538=ORIENTED_EDGE('',*,*,#4082,.T.);
#5539=ORIENTED_EDGE('',*,*,#4083,.F.);
#5540=ORIENTED_EDGE('',*,*,#4071,.T.);
#5541=ORIENTED_EDGE('',*,*,#4084,.T.);
#5542=ORIENTED_EDGE('',*,*,#4069,.T.);
#5543=ORIENTED_EDGE('',*,*,#4085,.T.);
#5544=ORIENTED_EDGE('',*,*,#4086,.T.);
#5545=ORIENTED_EDGE('',*,*,#4087,.T.);
#5546=ORIENTED_EDGE('',*,*,#4070,.T.);
#5547=ORIENTED_EDGE('',*,*,#4088,.T.);
#5548=ORIENTED_EDGE('',*,*,#4089,.T.);
#5549=ORIENTED_EDGE('',*,*,#4090,.T.);
#5550=ORIENTED_EDGE('',*,*,#4091,.T.);
#5551=ORIENTED_EDGE('',*,*,#4092,.T.);
#5552=ORIENTED_EDGE('',*,*,#4093,.T.);
#5553=ORIENTED_EDGE('',*,*,#4068,.T.);
#5554=ORIENTED_EDGE('',*,*,#4094,.T.);
#5555=ORIENTED_EDGE('',*,*,#4095,.T.);
#5556=ORIENTED_EDGE('',*,*,#4067,.F.);
#5557=ORIENTED_EDGE('',*,*,#4096,.F.);
#5558=ORIENTED_EDGE('',*,*,#4097,.T.);
#5559=ORIENTED_EDGE('',*,*,#4098,.T.);
#5560=ORIENTED_EDGE('',*,*,#4080,.F.);
#5561=ORIENTED_EDGE('',*,*,#4099,.F.);
#5562=ORIENTED_EDGE('',*,*,#4100,.T.);
#5563=ORIENTED_EDGE('',*,*,#4063,.F.);
#5564=ORIENTED_EDGE('',*,*,#4101,.T.);
#5565=ORIENTED_EDGE('',*,*,#4097,.F.);
#5566=ORIENTED_EDGE('',*,*,#4102,.T.);
#5567=ORIENTED_EDGE('',*,*,#4089,.F.);
#5568=ORIENTED_EDGE('',*,*,#4103,.T.);
#5569=ORIENTED_EDGE('',*,*,#4104,.T.);
#5570=ORIENTED_EDGE('',*,*,#4105,.T.);
#5571=ORIENTED_EDGE('',*,*,#4106,.T.);
#5572=ORIENTED_EDGE('',*,*,#4107,.T.);
#5573=ORIENTED_EDGE('',*,*,#4108,.T.);
#5574=ORIENTED_EDGE('',*,*,#4109,.T.);
#5575=ORIENTED_EDGE('',*,*,#4110,.T.);
#5576=ORIENTED_EDGE('',*,*,#4111,.T.);
#5577=ORIENTED_EDGE('',*,*,#4112,.T.);
#5578=ORIENTED_EDGE('',*,*,#4113,.T.);
#5579=ORIENTED_EDGE('',*,*,#4108,.F.);
#5580=ORIENTED_EDGE('',*,*,#4114,.T.);
#5581=ORIENTED_EDGE('',*,*,#4115,.T.);
#5582=ORIENTED_EDGE('',*,*,#4104,.F.);
#5583=ORIENTED_EDGE('',*,*,#4116,.T.);
#5584=ORIENTED_EDGE('',*,*,#4112,.F.);
#5585=ORIENTED_EDGE('',*,*,#4117,.T.);
#5586=ORIENTED_EDGE('',*,*,#4118,.F.);
#5587=ORIENTED_EDGE('',*,*,#4119,.F.);
#5588=ORIENTED_EDGE('',*,*,#4120,.T.);
#5589=ORIENTED_EDGE('',*,*,#4083,.T.);
#5590=ORIENTED_EDGE('',*,*,#4121,.F.);
#5591=ORIENTED_EDGE('',*,*,#4078,.T.);
#5592=ORIENTED_EDGE('',*,*,#4120,.F.);
#5593=ORIENTED_EDGE('',*,*,#4074,.F.);
#5594=ORIENTED_EDGE('',*,*,#4122,.T.);
#5595=ORIENTED_EDGE('',*,*,#4123,.F.);
#5596=ORIENTED_EDGE('',*,*,#4124,.T.);
#5597=ORIENTED_EDGE('',*,*,#4125,.T.);
#5598=ORIENTED_EDGE('',*,*,#4126,.T.);
#5599=ORIENTED_EDGE('',*,*,#4127,.T.);
#5600=ORIENTED_EDGE('',*,*,#4128,.T.);
#5601=ORIENTED_EDGE('',*,*,#4076,.F.);
#5602=ORIENTED_EDGE('',*,*,#4085,.F.);
#5603=ORIENTED_EDGE('',*,*,#4093,.F.);
#5604=ORIENTED_EDGE('',*,*,#4066,.F.);
#5605=ORIENTED_EDGE('',*,*,#4129,.T.);
#5606=ORIENTED_EDGE('',*,*,#4077,.F.);
#5607=ORIENTED_EDGE('',*,*,#4129,.F.);
#5608=ORIENTED_EDGE('',*,*,#4065,.F.);
#5609=ORIENTED_EDGE('',*,*,#4130,.F.);
#5610=ORIENTED_EDGE('',*,*,#4122,.F.);
#5611=ORIENTED_EDGE('',*,*,#4064,.F.);
#5612=ORIENTED_EDGE('',*,*,#4095,.F.);
#5613=ORIENTED_EDGE('',*,*,#4131,.T.);
#5614=ORIENTED_EDGE('',*,*,#4123,.T.);
#5615=ORIENTED_EDGE('',*,*,#4130,.T.);
#5616=ORIENTED_EDGE('',*,*,#4086,.F.);
#5617=ORIENTED_EDGE('',*,*,#4132,.F.);
#5618=ORIENTED_EDGE('',*,*,#4133,.T.);
#5619=ORIENTED_EDGE('',*,*,#4134,.T.);
#5620=ORIENTED_EDGE('',*,*,#4135,.T.);
#5621=ORIENTED_EDGE('',*,*,#4092,.F.);
#5622=ORIENTED_EDGE('',*,*,#4136,.F.);
#5623=ORIENTED_EDGE('',*,*,#4137,.T.);
#5624=ORIENTED_EDGE('',*,*,#4132,.T.);
#5625=ORIENTED_EDGE('',*,*,#4091,.F.);
#5626=ORIENTED_EDGE('',*,*,#4138,.T.);
#5627=ORIENTED_EDGE('',*,*,#4139,.F.);
#5628=ORIENTED_EDGE('',*,*,#4140,.T.);
#5629=ORIENTED_EDGE('',*,*,#4136,.T.);
#5630=ORIENTED_EDGE('',*,*,#4102,.F.);
#5631=ORIENTED_EDGE('',*,*,#4141,.F.);
#5632=ORIENTED_EDGE('',*,*,#4142,.T.);
#5633=ORIENTED_EDGE('',*,*,#4143,.T.);
#5634=ORIENTED_EDGE('',*,*,#4144,.T.);
#5635=ORIENTED_EDGE('',*,*,#4105,.F.);
#5636=ORIENTED_EDGE('',*,*,#4115,.F.);
#5637=ORIENTED_EDGE('',*,*,#4145,.F.);
#5638=ORIENTED_EDGE('',*,*,#4146,.T.);
#5639=ORIENTED_EDGE('',*,*,#4141,.T.);
#5640=ORIENTED_EDGE('',*,*,#4094,.F.);
#5641=ORIENTED_EDGE('',*,*,#4087,.F.);
#5642=ORIENTED_EDGE('',*,*,#4135,.F.);
#5643=ORIENTED_EDGE('',*,*,#4147,.F.);
#5644=ORIENTED_EDGE('',*,*,#4148,.F.);
#5645=ORIENTED_EDGE('',*,*,#4149,.F.);
#5646=ORIENTED_EDGE('',*,*,#4138,.F.);
#5647=ORIENTED_EDGE('',*,*,#4090,.F.);
#5648=ORIENTED_EDGE('',*,*,#4144,.F.);
#5649=ORIENTED_EDGE('',*,*,#4150,.F.);
#5650=ORIENTED_EDGE('',*,*,#4151,.F.);
#5651=ORIENTED_EDGE('',*,*,#4152,.F.);
#5652=ORIENTED_EDGE('',*,*,#4107,.F.);
#5653=ORIENTED_EDGE('',*,*,#4153,.T.);
#5654=ORIENTED_EDGE('',*,*,#4154,.T.);
#5655=ORIENTED_EDGE('',*,*,#4155,.T.);
#5656=ORIENTED_EDGE('',*,*,#4156,.T.);
#5657=ORIENTED_EDGE('',*,*,#4157,.T.);
#5658=ORIENTED_EDGE('',*,*,#4158,.T.);
#5659=ORIENTED_EDGE('',*,*,#4159,.T.);
#5660=ORIENTED_EDGE('',*,*,#4131,.F.);
#5661=ORIENTED_EDGE('',*,*,#4160,.F.);
#5662=ORIENTED_EDGE('',*,*,#4161,.F.);
#5663=ORIENTED_EDGE('',*,*,#4162,.F.);
#5664=ORIENTED_EDGE('',*,*,#4163,.F.);
#5665=ORIENTED_EDGE('',*,*,#4164,.F.);
#5666=ORIENTED_EDGE('',*,*,#4165,.F.);
#5667=ORIENTED_EDGE('',*,*,#4117,.F.);
#5668=ORIENTED_EDGE('',*,*,#4111,.F.);
#5669=ORIENTED_EDGE('',*,*,#4166,.T.);
#5670=ORIENTED_EDGE('',*,*,#4167,.T.);
#5671=ORIENTED_EDGE('',*,*,#4145,.T.);
#5672=ORIENTED_EDGE('',*,*,#4127,.F.);
#5673=ORIENTED_EDGE('',*,*,#4168,.T.);
#5674=ORIENTED_EDGE('',*,*,#4169,.T.);
#5675=ORIENTED_EDGE('',*,*,#4170,.F.);
#5676=ORIENTED_EDGE('',*,*,#4171,.T.);
#5677=ORIENTED_EDGE('',*,*,#4172,.F.);
#5678=ORIENTED_EDGE('',*,*,#4173,.T.);
#5679=ORIENTED_EDGE('',*,*,#4174,.F.);
#5680=ORIENTED_EDGE('',*,*,#4126,.F.);
#5681=ORIENTED_EDGE('',*,*,#4175,.F.);
#5682=ORIENTED_EDGE('',*,*,#4176,.T.);
#5683=ORIENTED_EDGE('',*,*,#4168,.F.);
#5684=ORIENTED_EDGE('',*,*,#4177,.F.);
#5685=ORIENTED_EDGE('',*,*,#4124,.F.);
#5686=ORIENTED_EDGE('',*,*,#4159,.F.);
#5687=ORIENTED_EDGE('',*,*,#4178,.T.);
#5688=ORIENTED_EDGE('',*,*,#4179,.T.);
#5689=ORIENTED_EDGE('',*,*,#4079,.F.);
#5690=ORIENTED_EDGE('',*,*,#4121,.T.);
#5691=ORIENTED_EDGE('',*,*,#4082,.F.);
#5692=ORIENTED_EDGE('',*,*,#4075,.F.);
#5693=ORIENTED_EDGE('',*,*,#4128,.F.);
#5694=ORIENTED_EDGE('',*,*,#4174,.T.);
#5695=ORIENTED_EDGE('',*,*,#4180,.T.);
#5696=ORIENTED_EDGE('',*,*,#4181,.T.);
#5697=ORIENTED_EDGE('',*,*,#4182,.T.);
#5698=ORIENTED_EDGE('',*,*,#4183,.T.);
#5699=ORIENTED_EDGE('',*,*,#4184,.T.);
#5700=ORIENTED_EDGE('',*,*,#4185,.T.);
#5701=ORIENTED_EDGE('',*,*,#4186,.F.);
#5702=ORIENTED_EDGE('',*,*,#4059,.F.);
#5703=ORIENTED_EDGE('',*,*,#4187,.T.);
#5704=ORIENTED_EDGE('',*,*,#4188,.F.);
#5705=ORIENTED_EDGE('',*,*,#4189,.T.);
#5706=ORIENTED_EDGE('',*,*,#4190,.T.);
#5707=ORIENTED_EDGE('',*,*,#4191,.F.);
#5708=ORIENTED_EDGE('',*,*,#4192,.T.);
#5709=ORIENTED_EDGE('',*,*,#4193,.T.);
#5710=ORIENTED_EDGE('',*,*,#4194,.T.);
#5711=ORIENTED_EDGE('',*,*,#4195,.T.);
#5712=ORIENTED_EDGE('',*,*,#4196,.T.);
#5713=ORIENTED_EDGE('',*,*,#4194,.F.);
#5714=ORIENTED_EDGE('',*,*,#4197,.F.);
#5715=ORIENTED_EDGE('',*,*,#4198,.F.);
#5716=ORIENTED_EDGE('',*,*,#4199,.F.);
#5717=ORIENTED_EDGE('',*,*,#4060,.F.);
#5718=ORIENTED_EDGE('',*,*,#4186,.T.);
#5719=ORIENTED_EDGE('',*,*,#4200,.T.);
#5720=ORIENTED_EDGE('',*,*,#4201,.F.);
#5721=ORIENTED_EDGE('',*,*,#4202,.F.);
#5722=ORIENTED_EDGE('',*,*,#4197,.T.);
#5723=ORIENTED_EDGE('',*,*,#4193,.F.);
#5724=ORIENTED_EDGE('',*,*,#4203,.F.);
#5725=ORIENTED_EDGE('',*,*,#4204,.T.);
#5726=ORIENTED_EDGE('',*,*,#4202,.T.);
#5727=ORIENTED_EDGE('',*,*,#4205,.T.);
#5728=ORIENTED_EDGE('',*,*,#4206,.T.);
#5729=ORIENTED_EDGE('',*,*,#4198,.T.);
#5730=ORIENTED_EDGE('',*,*,#4207,.T.);
#5731=ORIENTED_EDGE('',*,*,#4208,.T.);
#5732=ORIENTED_EDGE('',*,*,#4209,.T.);
#5733=ORIENTED_EDGE('',*,*,#4208,.F.);
#5734=ORIENTED_EDGE('',*,*,#4199,.T.);
#5735=ORIENTED_EDGE('',*,*,#4206,.F.);
#5736=ORIENTED_EDGE('',*,*,#4210,.F.);
#5737=ORIENTED_EDGE('',*,*,#4211,.F.);
#5738=ORIENTED_EDGE('',*,*,#4212,.T.);
#5739=ORIENTED_EDGE('',*,*,#4213,.F.);
#5740=ORIENTED_EDGE('',*,*,#4214,.F.);
#5741=ORIENTED_EDGE('',*,*,#4195,.F.);
#5742=ORIENTED_EDGE('',*,*,#4215,.F.);
#5743=ORIENTED_EDGE('',*,*,#4209,.F.);
#5744=ORIENTED_EDGE('',*,*,#4207,.F.);
#5745=ORIENTED_EDGE('',*,*,#4216,.T.);
#5746=ORIENTED_EDGE('',*,*,#4217,.T.);
#5747=ORIENTED_EDGE('',*,*,#4216,.F.);
#5748=ORIENTED_EDGE('',*,*,#4215,.T.);
#5749=ORIENTED_EDGE('',*,*,#4218,.T.);
#5750=ORIENTED_EDGE('',*,*,#4219,.T.);
#5751=ORIENTED_EDGE('',*,*,#4220,.T.);
#5752=ORIENTED_EDGE('',*,*,#4218,.F.);
#5753=ORIENTED_EDGE('',*,*,#4220,.F.);
#5754=ORIENTED_EDGE('',*,*,#4221,.T.);
#5755=ORIENTED_EDGE('',*,*,#4222,.T.);
#5756=ORIENTED_EDGE('',*,*,#4221,.F.);
#5757=ORIENTED_EDGE('',*,*,#4219,.F.);
#5758=ORIENTED_EDGE('',*,*,#4196,.F.);
#5759=ORIENTED_EDGE('',*,*,#4214,.T.);
#5760=ORIENTED_EDGE('',*,*,#4223,.F.);
#5761=ORIENTED_EDGE('',*,*,#4224,.T.);
#5762=ORIENTED_EDGE('',*,*,#4225,.F.);
#5763=ORIENTED_EDGE('',*,*,#4226,.T.);
#5764=ORIENTED_EDGE('',*,*,#4203,.T.);
#5765=ORIENTED_EDGE('',*,*,#4227,.T.);
#5766=ORIENTED_EDGE('',*,*,#4228,.T.);
#5767=ORIENTED_EDGE('',*,*,#4217,.F.);
#5768=ORIENTED_EDGE('',*,*,#4229,.F.);
#5769=ORIENTED_EDGE('',*,*,#4222,.F.);
#5770=ORIENTED_EDGE('',*,*,#4230,.F.);
#5771=ORIENTED_EDGE('',*,*,#4205,.F.);
#5772=ORIENTED_EDGE('',*,*,#4201,.T.);
#5773=ORIENTED_EDGE('',*,*,#4231,.T.);
#5774=ORIENTED_EDGE('',*,*,#4232,.F.);
#5775=ORIENTED_EDGE('',*,*,#4210,.T.);
#5776=ORIENTED_EDGE('',*,*,#4233,.T.);
#5777=ORIENTED_EDGE('',*,*,#4234,.T.);
#5778=ORIENTED_EDGE('',*,*,#4235,.T.);
#5779=ORIENTED_EDGE('',*,*,#4236,.T.);
#5780=ORIENTED_EDGE('',*,*,#4237,.F.);
#5781=ORIENTED_EDGE('',*,*,#4238,.T.);
#5782=ORIENTED_EDGE('',*,*,#4239,.T.);
#5783=ORIENTED_EDGE('',*,*,#4240,.T.);
#5784=ORIENTED_EDGE('',*,*,#4241,.T.);
#5785=ORIENTED_EDGE('',*,*,#4242,.T.);
#5786=ORIENTED_EDGE('',*,*,#4243,.T.);
#5787=ORIENTED_EDGE('',*,*,#4244,.T.);
#5788=ORIENTED_EDGE('',*,*,#4245,.F.);
#5789=ORIENTED_EDGE('',*,*,#4246,.F.);
#5790=ORIENTED_EDGE('',*,*,#4247,.T.);
#5791=ORIENTED_EDGE('',*,*,#4248,.T.);
#5792=ORIENTED_EDGE('',*,*,#4249,.T.);
#5793=ORIENTED_EDGE('',*,*,#4250,.F.);
#5794=ORIENTED_EDGE('',*,*,#4251,.T.);
#5795=ORIENTED_EDGE('',*,*,#4180,.F.);
#5796=ORIENTED_EDGE('',*,*,#4173,.F.);
#5797=ORIENTED_EDGE('',*,*,#4252,.T.);
#5798=ORIENTED_EDGE('',*,*,#4253,.T.);
#5799=ORIENTED_EDGE('',*,*,#4171,.F.);
#5800=ORIENTED_EDGE('',*,*,#4254,.T.);
#5801=ORIENTED_EDGE('',*,*,#4255,.T.);
#5802=ORIENTED_EDGE('',*,*,#4169,.F.);
#5803=ORIENTED_EDGE('',*,*,#4256,.T.);
#5804=ORIENTED_EDGE('',*,*,#4257,.T.);
#5805=ORIENTED_EDGE('',*,*,#4258,.T.);
#5806=ORIENTED_EDGE('',*,*,#4259,.F.);
#5807=ORIENTED_EDGE('',*,*,#4260,.T.);
#5808=ORIENTED_EDGE('',*,*,#4237,.T.);
#5809=ORIENTED_EDGE('',*,*,#4261,.T.);
#5810=ORIENTED_EDGE('',*,*,#4262,.T.);
#5811=ORIENTED_EDGE('',*,*,#4249,.F.);
#5812=ORIENTED_EDGE('',*,*,#4263,.T.);
#5813=ORIENTED_EDGE('',*,*,#4264,.T.);
#5814=ORIENTED_EDGE('',*,*,#4175,.T.);
#5815=ORIENTED_EDGE('',*,*,#4125,.F.);
#5816=ORIENTED_EDGE('',*,*,#4177,.T.);
#5817=ORIENTED_EDGE('',*,*,#4230,.T.);
#5818=ORIENTED_EDGE('',*,*,#4265,.T.);
#5819=ORIENTED_EDGE('',*,*,#4254,.F.);
#5820=ORIENTED_EDGE('',*,*,#4170,.T.);
#5821=ORIENTED_EDGE('',*,*,#4255,.F.);
#5822=ORIENTED_EDGE('',*,*,#4265,.F.);
#5823=ORIENTED_EDGE('',*,*,#4229,.T.);
#5824=ORIENTED_EDGE('',*,*,#4266,.T.);
#5825=ORIENTED_EDGE('',*,*,#4252,.F.);
#5826=ORIENTED_EDGE('',*,*,#4172,.T.);
#5827=ORIENTED_EDGE('',*,*,#4253,.F.);
#5828=ORIENTED_EDGE('',*,*,#4266,.F.);
#5829=ORIENTED_EDGE('',*,*,#4267,.T.);
#5830=ORIENTED_EDGE('',*,*,#4268,.T.);
#5831=ORIENTED_EDGE('',*,*,#4269,.T.);
#5832=ORIENTED_EDGE('',*,*,#4246,.T.);
#5833=ORIENTED_EDGE('',*,*,#4270,.T.);
#5834=ORIENTED_EDGE('',*,*,#4271,.T.);
#5835=ORIENTED_EDGE('',*,*,#4272,.T.);
#5836=ORIENTED_EDGE('',*,*,#4273,.T.);
#5837=ORIENTED_EDGE('',*,*,#4274,.T.);
#5838=ORIENTED_EDGE('',*,*,#4275,.T.);
#5839=ORIENTED_EDGE('',*,*,#4276,.T.);
#5840=ORIENTED_EDGE('',*,*,#4277,.T.);
#5841=ORIENTED_EDGE('',*,*,#4248,.F.);
#5842=ORIENTED_EDGE('',*,*,#4278,.T.);
#5843=ORIENTED_EDGE('',*,*,#4241,.F.);
#5844=ORIENTED_EDGE('',*,*,#4279,.T.);
#5845=ORIENTED_EDGE('',*,*,#4259,.T.);
#5846=ORIENTED_EDGE('',*,*,#4245,.T.);
#5847=ORIENTED_EDGE('',*,*,#4280,.T.);
#5848=ORIENTED_EDGE('',*,*,#4250,.T.);
#5849=ORIENTED_EDGE('',*,*,#4262,.F.);
#5850=ORIENTED_EDGE('',*,*,#4281,.T.);
#5851=ORIENTED_EDGE('',*,*,#4282,.F.);
#5852=ORIENTED_EDGE('',*,*,#4283,.T.);
#5853=ORIENTED_EDGE('',*,*,#4263,.F.);
#5854=ORIENTED_EDGE('',*,*,#4179,.F.);
#5855=ORIENTED_EDGE('',*,*,#4284,.T.);
#5856=ORIENTED_EDGE('',*,*,#4269,.F.);
#5857=ORIENTED_EDGE('',*,*,#4285,.T.);
#5858=ORIENTED_EDGE('',*,*,#4238,.F.);
#5859=ORIENTED_EDGE('',*,*,#4278,.F.);
#5860=ORIENTED_EDGE('',*,*,#4247,.F.);
#5861=ORIENTED_EDGE('',*,*,#4244,.F.);
#5862=ORIENTED_EDGE('',*,*,#4286,.T.);
#5863=ORIENTED_EDGE('',*,*,#4267,.F.);
#5864=ORIENTED_EDGE('',*,*,#4251,.F.);
#5865=ORIENTED_EDGE('',*,*,#4280,.F.);
#5866=ORIENTED_EDGE('',*,*,#4236,.F.);
#5867=ORIENTED_EDGE('',*,*,#4287,.T.);
#5868=ORIENTED_EDGE('',*,*,#4242,.F.);
#5869=ORIENTED_EDGE('',*,*,#4281,.F.);
#5870=ORIENTED_EDGE('',*,*,#4261,.F.);
#5871=ORIENTED_EDGE('',*,*,#4240,.F.);
#5872=ORIENTED_EDGE('',*,*,#4288,.T.);
#5873=ORIENTED_EDGE('',*,*,#4234,.F.);
#5874=ORIENTED_EDGE('',*,*,#4260,.F.);
#5875=ORIENTED_EDGE('',*,*,#4279,.F.);
#5876=ORIENTED_EDGE('',*,*,#4289,.T.);
#5877=ORIENTED_EDGE('',*,*,#4257,.F.);
#5878=ORIENTED_EDGE('',*,*,#4290,.F.);
#5879=ORIENTED_EDGE('',*,*,#4283,.F.);
#5880=ORIENTED_EDGE('',*,*,#4290,.T.);
#5881=ORIENTED_EDGE('',*,*,#4256,.F.);
#5882=ORIENTED_EDGE('',*,*,#4176,.F.);
#5883=ORIENTED_EDGE('',*,*,#4264,.F.);
#5884=ORIENTED_EDGE('',*,*,#4158,.F.);
#5885=ORIENTED_EDGE('',*,*,#4291,.F.);
#5886=ORIENTED_EDGE('',*,*,#4284,.F.);
#5887=ORIENTED_EDGE('',*,*,#4178,.F.);
#5888=ORIENTED_EDGE('',*,*,#4292,.F.);
#5889=ORIENTED_EDGE('',*,*,#4275,.F.);
#5890=ORIENTED_EDGE('',*,*,#4293,.F.);
#5891=ORIENTED_EDGE('',*,*,#4268,.F.);
#5892=ORIENTED_EDGE('',*,*,#4293,.T.);
#5893=ORIENTED_EDGE('',*,*,#4274,.F.);
#5894=ORIENTED_EDGE('',*,*,#4294,.F.);
#5895=ORIENTED_EDGE('',*,*,#4285,.F.);
#5896=ORIENTED_EDGE('',*,*,#4292,.T.);
#5897=ORIENTED_EDGE('',*,*,#4286,.F.);
#5898=ORIENTED_EDGE('',*,*,#4295,.F.);
#5899=ORIENTED_EDGE('',*,*,#4276,.F.);
#5900=ORIENTED_EDGE('',*,*,#4294,.T.);
#5901=ORIENTED_EDGE('',*,*,#4273,.F.);
#5902=ORIENTED_EDGE('',*,*,#4296,.F.);
#5903=ORIENTED_EDGE('',*,*,#4239,.F.);
#5904=ORIENTED_EDGE('',*,*,#4295,.T.);
#5905=ORIENTED_EDGE('',*,*,#4243,.F.);
#5906=ORIENTED_EDGE('',*,*,#4297,.F.);
#5907=ORIENTED_EDGE('',*,*,#4277,.F.);
#5908=ORIENTED_EDGE('',*,*,#4296,.T.);
#5909=ORIENTED_EDGE('',*,*,#4272,.F.);
#5910=ORIENTED_EDGE('',*,*,#4298,.F.);
#5911=ORIENTED_EDGE('',*,*,#4288,.F.);
#5912=ORIENTED_EDGE('',*,*,#4297,.T.);
#5913=ORIENTED_EDGE('',*,*,#4287,.F.);
#5914=ORIENTED_EDGE('',*,*,#4299,.F.);
#5915=ORIENTED_EDGE('',*,*,#4270,.F.);
#5916=ORIENTED_EDGE('',*,*,#4298,.T.);
#5917=ORIENTED_EDGE('',*,*,#4271,.F.);
#5918=ORIENTED_EDGE('',*,*,#4299,.T.);
#5919=ORIENTED_EDGE('',*,*,#4235,.F.);
#5920=ORIENTED_EDGE('',*,*,#4181,.F.);
#5921=ORIENTED_EDGE('',*,*,#4258,.F.);
#5922=ORIENTED_EDGE('',*,*,#4289,.F.);
#5923=ORIENTED_EDGE('',*,*,#4300,.F.);
#5924=ORIENTED_EDGE('',*,*,#4182,.F.);
#5925=ORIENTED_EDGE('',*,*,#4300,.T.);
#5926=ORIENTED_EDGE('',*,*,#4282,.T.);
#5927=ORIENTED_EDGE('',*,*,#4291,.T.);
#5928=ORIENTED_EDGE('',*,*,#4157,.F.);
#5929=ORIENTED_EDGE('',*,*,#4301,.F.);
#5930=ORIENTED_EDGE('',*,*,#4301,.T.);
#5931=ORIENTED_EDGE('',*,*,#4156,.F.);
#5932=ORIENTED_EDGE('',*,*,#4302,.F.);
#5933=ORIENTED_EDGE('',*,*,#4183,.F.);
#5934=ORIENTED_EDGE('',*,*,#4155,.F.);
#5935=ORIENTED_EDGE('',*,*,#4303,.T.);
#5936=ORIENTED_EDGE('',*,*,#4304,.F.);
#5937=ORIENTED_EDGE('',*,*,#4211,.T.);
#5938=ORIENTED_EDGE('',*,*,#4232,.T.);
#5939=ORIENTED_EDGE('',*,*,#4305,.T.);
#5940=ORIENTED_EDGE('',*,*,#4184,.F.);
#5941=ORIENTED_EDGE('',*,*,#4302,.T.);
#5942=ORIENTED_EDGE('',*,*,#4306,.T.);
#5943=ORIENTED_EDGE('',*,*,#4307,.T.);
#5944=ORIENTED_EDGE('',*,*,#4164,.T.);
#5945=ORIENTED_EDGE('',*,*,#4308,.F.);
#5946=ORIENTED_EDGE('',*,*,#4160,.T.);
#5947=ORIENTED_EDGE('',*,*,#4309,.T.);
#5948=ORIENTED_EDGE('',*,*,#4310,.T.);
#5949=ORIENTED_EDGE('',*,*,#4311,.T.);
#5950=ORIENTED_EDGE('',*,*,#4312,.T.);
#5951=ORIENTED_EDGE('',*,*,#4309,.F.);
#5952=ORIENTED_EDGE('',*,*,#4165,.T.);
#5953=ORIENTED_EDGE('',*,*,#4307,.F.);
#5954=ORIENTED_EDGE('',*,*,#4161,.T.);
#5955=ORIENTED_EDGE('',*,*,#4311,.F.);
#5956=ORIENTED_EDGE('',*,*,#4313,.T.);
#5957=ORIENTED_EDGE('',*,*,#4314,.T.);
#5958=ORIENTED_EDGE('',*,*,#4162,.T.);
#5959=ORIENTED_EDGE('',*,*,#4314,.F.);
#5960=ORIENTED_EDGE('',*,*,#4315,.T.);
#5961=ORIENTED_EDGE('',*,*,#4316,.T.);
#5962=ORIENTED_EDGE('',*,*,#4163,.T.);
#5963=ORIENTED_EDGE('',*,*,#4316,.F.);
#5964=ORIENTED_EDGE('',*,*,#4317,.T.);
#5965=ORIENTED_EDGE('',*,*,#4308,.T.);
#5966=ORIENTED_EDGE('',*,*,#4315,.F.);
#5967=ORIENTED_EDGE('',*,*,#4318,.T.);
#5968=ORIENTED_EDGE('',*,*,#4319,.F.);
#5969=ORIENTED_EDGE('',*,*,#4320,.F.);
#5970=ORIENTED_EDGE('',*,*,#4313,.F.);
#5971=ORIENTED_EDGE('',*,*,#4321,.T.);
#5972=ORIENTED_EDGE('',*,*,#4322,.F.);
#5973=ORIENTED_EDGE('',*,*,#4318,.F.);
#5974=ORIENTED_EDGE('',*,*,#4310,.F.);
#5975=ORIENTED_EDGE('',*,*,#4323,.T.);
#5976=ORIENTED_EDGE('',*,*,#4324,.F.);
#5977=ORIENTED_EDGE('',*,*,#4321,.F.);
#5978=ORIENTED_EDGE('',*,*,#4325,.T.);
#5979=ORIENTED_EDGE('',*,*,#4326,.T.);
#5980=ORIENTED_EDGE('',*,*,#4151,.T.);
#5981=ORIENTED_EDGE('',*,*,#4327,.F.);
#5982=ORIENTED_EDGE('',*,*,#4114,.F.);
#5983=ORIENTED_EDGE('',*,*,#4152,.T.);
#5984=ORIENTED_EDGE('',*,*,#4326,.F.);
#5985=ORIENTED_EDGE('',*,*,#4328,.T.);
#5986=ORIENTED_EDGE('',*,*,#4166,.F.);
#5987=ORIENTED_EDGE('',*,*,#4150,.T.);
#5988=ORIENTED_EDGE('',*,*,#4143,.F.);
#5989=ORIENTED_EDGE('',*,*,#4329,.T.);
#5990=ORIENTED_EDGE('',*,*,#4327,.T.);
#5991=ORIENTED_EDGE('',*,*,#4142,.F.);
#5992=ORIENTED_EDGE('',*,*,#4330,.T.);
#5993=ORIENTED_EDGE('',*,*,#4331,.F.);
#5994=ORIENTED_EDGE('',*,*,#4332,.F.);
#5995=ORIENTED_EDGE('',*,*,#4146,.F.);
#5996=ORIENTED_EDGE('',*,*,#4333,.T.);
#5997=ORIENTED_EDGE('',*,*,#4334,.F.);
#5998=ORIENTED_EDGE('',*,*,#4330,.F.);
#5999=ORIENTED_EDGE('',*,*,#4167,.F.);
#6000=ORIENTED_EDGE('',*,*,#4335,.T.);
#6001=ORIENTED_EDGE('',*,*,#4336,.F.);
#6002=ORIENTED_EDGE('',*,*,#4333,.F.);
#6003=ORIENTED_EDGE('',*,*,#4337,.T.);
#6004=ORIENTED_EDGE('',*,*,#4338,.T.);
#6005=ORIENTED_EDGE('',*,*,#4148,.T.);
#6006=ORIENTED_EDGE('',*,*,#4339,.T.);
#6007=ORIENTED_EDGE('',*,*,#4149,.T.);
#6008=ORIENTED_EDGE('',*,*,#4338,.F.);
#6009=ORIENTED_EDGE('',*,*,#4340,.T.);
#6010=ORIENTED_EDGE('',*,*,#4139,.T.);
#6011=ORIENTED_EDGE('',*,*,#4341,.T.);
#6012=ORIENTED_EDGE('',*,*,#4339,.F.);
#6013=ORIENTED_EDGE('',*,*,#4147,.T.);
#6014=ORIENTED_EDGE('',*,*,#4134,.F.);
#6015=ORIENTED_EDGE('',*,*,#4140,.F.);
#6016=ORIENTED_EDGE('',*,*,#4342,.T.);
#6017=ORIENTED_EDGE('',*,*,#4343,.F.);
#6018=ORIENTED_EDGE('',*,*,#4344,.F.);
#6019=ORIENTED_EDGE('',*,*,#4340,.F.);
#6020=ORIENTED_EDGE('',*,*,#4345,.T.);
#6021=ORIENTED_EDGE('',*,*,#4346,.F.);
#6022=ORIENTED_EDGE('',*,*,#4342,.F.);
#6023=ORIENTED_EDGE('',*,*,#4337,.F.);
#6024=ORIENTED_EDGE('',*,*,#4347,.T.);
#6025=ORIENTED_EDGE('',*,*,#4348,.F.);
#6026=ORIENTED_EDGE('',*,*,#4345,.F.);
#6027=ORIENTED_EDGE('',*,*,#4312,.F.);
#6028=ORIENTED_EDGE('',*,*,#4349,.T.);
#6029=ORIENTED_EDGE('',*,*,#4350,.F.);
#6030=ORIENTED_EDGE('',*,*,#4323,.F.);
#6031=ORIENTED_EDGE('',*,*,#4317,.F.);
#6032=ORIENTED_EDGE('',*,*,#4320,.T.);
#6033=ORIENTED_EDGE('',*,*,#4351,.F.);
#6034=ORIENTED_EDGE('',*,*,#4352,.F.);
#6035=ORIENTED_EDGE('',*,*,#4306,.F.);
#6036=ORIENTED_EDGE('',*,*,#4352,.T.);
#6037=ORIENTED_EDGE('',*,*,#4353,.F.);
#6038=ORIENTED_EDGE('',*,*,#4349,.F.);
#6039=ORIENTED_EDGE('',*,*,#4328,.F.);
#6040=ORIENTED_EDGE('',*,*,#4354,.T.);
#6041=ORIENTED_EDGE('',*,*,#4355,.F.);
#6042=ORIENTED_EDGE('',*,*,#4335,.F.);
#6043=ORIENTED_EDGE('',*,*,#4329,.F.);
#6044=ORIENTED_EDGE('',*,*,#4332,.T.);
#6045=ORIENTED_EDGE('',*,*,#4356,.F.);
#6046=ORIENTED_EDGE('',*,*,#4357,.F.);
#6047=ORIENTED_EDGE('',*,*,#4325,.F.);
#6048=ORIENTED_EDGE('',*,*,#4357,.T.);
#6049=ORIENTED_EDGE('',*,*,#4358,.F.);
#6050=ORIENTED_EDGE('',*,*,#4354,.F.);
#6051=ORIENTED_EDGE('',*,*,#4341,.F.);
#6052=ORIENTED_EDGE('',*,*,#4359,.T.);
#6053=ORIENTED_EDGE('',*,*,#4360,.F.);
#6054=ORIENTED_EDGE('',*,*,#4347,.F.);
#6055=ORIENTED_EDGE('',*,*,#4137,.F.);
#6056=ORIENTED_EDGE('',*,*,#4344,.T.);
#6057=ORIENTED_EDGE('',*,*,#4361,.F.);
#6058=ORIENTED_EDGE('',*,*,#4362,.F.);
#6059=ORIENTED_EDGE('',*,*,#4133,.F.);
#6060=ORIENTED_EDGE('',*,*,#4362,.T.);
#6061=ORIENTED_EDGE('',*,*,#4363,.F.);
#6062=ORIENTED_EDGE('',*,*,#4359,.F.);
#6063=ORIENTED_EDGE('',*,*,#4364,.T.);
#6064=ORIENTED_EDGE('',*,*,#4365,.T.);
#6065=ORIENTED_EDGE('',*,*,#4366,.T.);
#6066=ORIENTED_EDGE('',*,*,#4365,.F.);
#6067=ORIENTED_EDGE('',*,*,#4367,.T.);
#6068=ORIENTED_EDGE('',*,*,#4368,.T.);
#6069=ORIENTED_EDGE('',*,*,#4369,.T.);
#6070=ORIENTED_EDGE('',*,*,#4368,.F.);
#6071=ORIENTED_EDGE('',*,*,#4370,.T.);
#6072=ORIENTED_EDGE('',*,*,#4371,.T.);
#6073=ORIENTED_EDGE('',*,*,#4372,.T.);
#6074=ORIENTED_EDGE('',*,*,#4371,.F.);
#6075=ORIENTED_EDGE('',*,*,#4113,.F.);
#6076=ORIENTED_EDGE('',*,*,#4373,.T.);
#6077=ORIENTED_EDGE('',*,*,#4374,.F.);
#6078=ORIENTED_EDGE('',*,*,#4375,.T.);
#6079=ORIENTED_EDGE('',*,*,#4109,.F.);
#6080=ORIENTED_EDGE('',*,*,#4106,.F.);
#6081=ORIENTED_EDGE('',*,*,#4376,.T.);
#6082=ORIENTED_EDGE('',*,*,#4377,.T.);
#6083=ORIENTED_EDGE('',*,*,#4378,.T.);
#6084=ORIENTED_EDGE('',*,*,#4153,.F.);
#6085=ORIENTED_EDGE('',*,*,#4057,.F.);
#6086=ORIENTED_EDGE('',*,*,#4379,.T.);
#6087=ORIENTED_EDGE('',*,*,#4225,.T.);
#6088=ORIENTED_EDGE('',*,*,#4380,.T.);
#6089=ORIENTED_EDGE('',*,*,#4062,.F.);
#6090=ORIENTED_EDGE('',*,*,#4304,.T.);
#6091=ORIENTED_EDGE('',*,*,#4381,.T.);
#6092=ORIENTED_EDGE('',*,*,#4377,.F.);
#6093=ORIENTED_EDGE('',*,*,#4382,.T.);
#6094=ORIENTED_EDGE('',*,*,#4374,.T.);
#6095=ORIENTED_EDGE('',*,*,#4383,.T.);
#6096=ORIENTED_EDGE('',*,*,#4384,.T.);
#6097=ORIENTED_EDGE('',*,*,#4212,.F.);
#6098=ORIENTED_EDGE('',*,*,#4370,.F.);
#6099=ORIENTED_EDGE('',*,*,#4367,.F.);
#6100=ORIENTED_EDGE('',*,*,#4364,.F.);
#6101=ORIENTED_EDGE('',*,*,#4385,.T.);
#6102=ORIENTED_EDGE('',*,*,#4386,.T.);
#6103=ORIENTED_EDGE('',*,*,#4387,.T.);
#6104=ORIENTED_EDGE('',*,*,#4233,.F.);
#6105=ORIENTED_EDGE('',*,*,#4387,.F.);
#6106=ORIENTED_EDGE('',*,*,#4388,.F.);
#6107=ORIENTED_EDGE('',*,*,#4389,.T.);
#6108=ORIENTED_EDGE('',*,*,#4390,.T.);
#6109=ORIENTED_EDGE('',*,*,#4391,.T.);
#6110=ORIENTED_EDGE('',*,*,#4392,.T.);
#6111=ORIENTED_EDGE('',*,*,#4388,.T.);
#6112=ORIENTED_EDGE('',*,*,#4392,.F.);
#6113=ORIENTED_EDGE('',*,*,#4393,.T.);
#6114=ORIENTED_EDGE('',*,*,#4394,.T.);
#6115=ORIENTED_EDGE('',*,*,#4395,.T.);
#6116=ORIENTED_EDGE('',*,*,#4227,.F.);
#6117=ORIENTED_EDGE('',*,*,#4395,.F.);
#6118=ORIENTED_EDGE('',*,*,#4396,.F.);
#6119=ORIENTED_EDGE('',*,*,#4397,.T.);
#6120=ORIENTED_EDGE('',*,*,#4118,.T.);
#6121=ORIENTED_EDGE('',*,*,#4119,.T.);
#6122=ORIENTED_EDGE('',*,*,#4398,.T.);
#6123=ORIENTED_EDGE('',*,*,#4396,.T.);
#6124=ORIENTED_EDGE('',*,*,#4398,.F.);
#6125=ORIENTED_EDGE('',*,*,#4399,.T.);
#6126=ORIENTED_EDGE('',*,*,#4400,.T.);
#6127=ORIENTED_EDGE('',*,*,#4401,.T.);
#6128=ORIENTED_EDGE('',*,*,#4228,.F.);
#6129=ORIENTED_EDGE('',*,*,#4401,.F.);
#6130=ORIENTED_EDGE('',*,*,#4402,.F.);
#6131=ORIENTED_EDGE('',*,*,#4403,.T.);
#6132=ORIENTED_EDGE('',*,*,#4404,.T.);
#6133=ORIENTED_EDGE('',*,*,#4405,.T.);
#6134=ORIENTED_EDGE('',*,*,#4406,.T.);
#6135=ORIENTED_EDGE('',*,*,#4402,.T.);
#6136=ORIENTED_EDGE('',*,*,#4406,.F.);
#6137=ORIENTED_EDGE('',*,*,#4355,.T.);
#6138=ORIENTED_EDGE('',*,*,#4358,.T.);
#6139=ORIENTED_EDGE('',*,*,#4356,.T.);
#6140=ORIENTED_EDGE('',*,*,#4331,.T.);
#6141=ORIENTED_EDGE('',*,*,#4334,.T.);
#6142=ORIENTED_EDGE('',*,*,#4336,.T.);
#6143=ORIENTED_EDGE('',*,*,#4407,.T.);
#6144=ORIENTED_EDGE('',*,*,#4360,.T.);
#6145=ORIENTED_EDGE('',*,*,#4363,.T.);
#6146=ORIENTED_EDGE('',*,*,#4361,.T.);
#6147=ORIENTED_EDGE('',*,*,#4343,.T.);
#6148=ORIENTED_EDGE('',*,*,#4346,.T.);
#6149=ORIENTED_EDGE('',*,*,#4348,.T.);
#6150=ORIENTED_EDGE('',*,*,#4408,.T.);
#6151=ORIENTED_EDGE('',*,*,#4350,.T.);
#6152=ORIENTED_EDGE('',*,*,#4353,.T.);
#6153=ORIENTED_EDGE('',*,*,#4351,.T.);
#6154=ORIENTED_EDGE('',*,*,#4319,.T.);
#6155=ORIENTED_EDGE('',*,*,#4322,.T.);
#6156=ORIENTED_EDGE('',*,*,#4324,.T.);
#6157=ORIENTED_EDGE('',*,*,#4409,.T.);
#6158=ORIENTED_EDGE('',*,*,#4189,.F.);
#6159=ORIENTED_EDGE('',*,*,#4410,.F.);
#6160=ORIENTED_EDGE('',*,*,#4411,.T.);
#6161=ORIENTED_EDGE('',*,*,#4412,.T.);
#6162=ORIENTED_EDGE('',*,*,#4188,.T.);
#6163=ORIENTED_EDGE('',*,*,#4413,.F.);
#6164=ORIENTED_EDGE('',*,*,#4414,.F.);
#6165=ORIENTED_EDGE('',*,*,#4410,.T.);
#6166=ORIENTED_EDGE('',*,*,#4191,.T.);
#6167=ORIENTED_EDGE('',*,*,#4415,.F.);
#6168=ORIENTED_EDGE('',*,*,#4416,.F.);
#6169=ORIENTED_EDGE('',*,*,#4413,.T.);
#6170=ORIENTED_EDGE('',*,*,#4417,.F.);
#6171=ORIENTED_EDGE('',*,*,#4418,.F.);
#6172=ORIENTED_EDGE('',*,*,#4419,.T.);
#6173=ORIENTED_EDGE('',*,*,#4420,.T.);
#6174=ORIENTED_EDGE('',*,*,#4421,.T.);
#6175=ORIENTED_EDGE('',*,*,#4422,.F.);
#6176=ORIENTED_EDGE('',*,*,#4423,.F.);
#6177=ORIENTED_EDGE('',*,*,#4418,.T.);
#6178=ORIENTED_EDGE('',*,*,#4424,.T.);
#6179=ORIENTED_EDGE('',*,*,#4425,.F.);
#6180=ORIENTED_EDGE('',*,*,#4426,.F.);
#6181=ORIENTED_EDGE('',*,*,#4422,.T.);
#6182=ORIENTED_EDGE('',*,*,#4427,.F.);
#6183=ORIENTED_EDGE('',*,*,#4420,.F.);
#6184=ORIENTED_EDGE('',*,*,#4428,.T.);
#6185=ORIENTED_EDGE('',*,*,#4425,.T.);
#6186=ORIENTED_EDGE('',*,*,#4190,.F.);
#6187=ORIENTED_EDGE('',*,*,#4412,.F.);
#6188=ORIENTED_EDGE('',*,*,#4429,.T.);
#6189=ORIENTED_EDGE('',*,*,#4415,.T.);
#6190=ORIENTED_EDGE('',*,*,#4411,.F.);
#6191=ORIENTED_EDGE('',*,*,#4414,.T.);
#6192=ORIENTED_EDGE('',*,*,#4416,.T.);
#6193=ORIENTED_EDGE('',*,*,#4429,.F.);
#6194=ORIENTED_EDGE('',*,*,#4419,.F.);
#6195=ORIENTED_EDGE('',*,*,#4423,.T.);
#6196=ORIENTED_EDGE('',*,*,#4426,.T.);
#6197=ORIENTED_EDGE('',*,*,#4428,.F.);
#6198=ORIENTED_EDGE('',*,*,#4421,.F.);
#6199=ORIENTED_EDGE('',*,*,#4417,.T.);
#6200=ORIENTED_EDGE('',*,*,#4427,.T.);
#6201=ORIENTED_EDGE('',*,*,#4424,.F.);
#6202=ORIENTED_EDGE('',*,*,#4372,.F.);
#6203=ORIENTED_EDGE('',*,*,#4430,.T.);
#6204=ORIENTED_EDGE('',*,*,#4407,.F.);
#6205=ORIENTED_EDGE('',*,*,#4430,.F.);
#6206=ORIENTED_EDGE('',*,*,#4369,.F.);
#6207=ORIENTED_EDGE('',*,*,#4431,.T.);
#6208=ORIENTED_EDGE('',*,*,#4408,.F.);
#6209=ORIENTED_EDGE('',*,*,#4431,.F.);
#6210=ORIENTED_EDGE('',*,*,#4366,.F.);
#6211=ORIENTED_EDGE('',*,*,#4432,.T.);
#6212=ORIENTED_EDGE('',*,*,#4409,.F.);
#6213=ORIENTED_EDGE('',*,*,#4432,.F.);
#6214=ORIENTED_EDGE('',*,*,#4399,.F.);
#6215=ORIENTED_EDGE('',*,*,#4400,.F.);
#6216=ORIENTED_EDGE('',*,*,#4433,.T.);
#6217=ORIENTED_EDGE('',*,*,#4403,.F.);
#6218=ORIENTED_EDGE('',*,*,#4433,.F.);
#6219=ORIENTED_EDGE('',*,*,#4393,.F.);
#6220=ORIENTED_EDGE('',*,*,#4394,.F.);
#6221=ORIENTED_EDGE('',*,*,#4434,.T.);
#6222=ORIENTED_EDGE('',*,*,#4397,.F.);
#6223=ORIENTED_EDGE('',*,*,#4434,.F.);
#6224=ORIENTED_EDGE('',*,*,#4385,.F.);
#6225=ORIENTED_EDGE('',*,*,#4386,.F.);
#6226=ORIENTED_EDGE('',*,*,#4435,.T.);
#6227=ORIENTED_EDGE('',*,*,#4389,.F.);
#6228=ORIENTED_EDGE('',*,*,#4435,.F.);
#6229=ORIENTED_EDGE('',*,*,#4390,.F.);
#6230=ORIENTED_EDGE('',*,*,#4391,.F.);
#6231=ORIENTED_EDGE('',*,*,#4436,.T.);
#6232=ORIENTED_EDGE('',*,*,#4192,.F.);
#6233=ORIENTED_EDGE('',*,*,#4436,.F.);
#6234=ORIENTED_EDGE('',*,*,#4404,.F.);
#6235=ORIENTED_EDGE('',*,*,#4405,.F.);
#6236=ORIENTED_EDGE('',*,*,#4437,.T.);
#6237=ORIENTED_EDGE('',*,*,#4099,.T.);
#6238=ORIENTED_EDGE('',*,*,#4187,.F.);
#6239=ORIENTED_EDGE('',*,*,#4061,.T.);
#6240=ORIENTED_EDGE('',*,*,#4100,.F.);
#6241=ORIENTED_EDGE('',*,*,#4096,.T.);
#6242=ORIENTED_EDGE('',*,*,#4437,.F.);
#6243=ORIENTED_EDGE('',*,*,#4231,.F.);
#6244=ORIENTED_EDGE('',*,*,#4200,.F.);
#6245=ORIENTED_EDGE('',*,*,#4185,.F.);
#6246=ORIENTED_EDGE('',*,*,#4305,.F.);
#6247=ORIENTED_EDGE('',*,*,#4154,.F.);
#6248=ORIENTED_EDGE('',*,*,#4378,.F.);
#6249=ORIENTED_EDGE('',*,*,#4381,.F.);
#6250=ORIENTED_EDGE('',*,*,#4303,.F.);
#6251=ORIENTED_EDGE('',*,*,#4110,.F.);
#6252=ORIENTED_EDGE('',*,*,#4375,.F.);
#6253=ORIENTED_EDGE('',*,*,#4382,.F.);
#6254=ORIENTED_EDGE('',*,*,#4376,.F.);
#6255=ORIENTED_EDGE('',*,*,#4056,.F.);
#6256=ORIENTED_EDGE('',*,*,#4204,.F.);
#6257=ORIENTED_EDGE('',*,*,#4226,.F.);
#6258=ORIENTED_EDGE('',*,*,#4379,.F.);
#6259=ORIENTED_EDGE('',*,*,#4101,.F.);
#6260=ORIENTED_EDGE('',*,*,#4380,.F.);
#6261=ORIENTED_EDGE('',*,*,#4224,.F.);
#6262=ORIENTED_EDGE('',*,*,#4438,.F.);
#6263=ORIENTED_EDGE('',*,*,#4116,.F.);
#6264=ORIENTED_EDGE('',*,*,#4439,.F.);
#6265=ORIENTED_EDGE('',*,*,#4383,.F.);
#6266=ORIENTED_EDGE('',*,*,#4373,.F.);
#6267=ORIENTED_EDGE('',*,*,#4098,.F.);
#6268=ORIENTED_EDGE('',*,*,#4438,.T.);
#6269=ORIENTED_EDGE('',*,*,#4223,.T.);
#6270=ORIENTED_EDGE('',*,*,#4213,.T.);
#6271=ORIENTED_EDGE('',*,*,#4384,.F.);
#6272=ORIENTED_EDGE('',*,*,#4439,.T.);
#6273=ORIENTED_EDGE('',*,*,#4103,.F.);
#6274=ORIENTED_EDGE('',*,*,#4088,.F.);
#6275=ORIENTED_EDGE('',*,*,#4084,.F.);
#6276=ORIENTED_EDGE('',*,*,#4081,.F.);
#6277=ORIENTED_EDGE('',*,*,#4440,.T.);
#6278=ORIENTED_EDGE('',*,*,#4441,.T.);
#6279=ORIENTED_EDGE('',*,*,#4442,.T.);
#6280=ORIENTED_EDGE('',*,*,#4443,.T.);
#6281=ORIENTED_EDGE('',*,*,#4444,.T.);
#6282=ORIENTED_EDGE('',*,*,#4444,.F.);
#6283=ORIENTED_EDGE('',*,*,#4445,.F.);
#6284=ORIENTED_EDGE('',*,*,#4446,.T.);
#6285=ORIENTED_EDGE('',*,*,#4447,.F.);
#6286=ORIENTED_EDGE('',*,*,#4448,.T.);
#6287=ORIENTED_EDGE('',*,*,#4449,.F.);
#6288=ORIENTED_EDGE('',*,*,#4443,.F.);
#6289=ORIENTED_EDGE('',*,*,#4450,.T.);
#6290=ORIENTED_EDGE('',*,*,#4451,.F.);
#6291=ORIENTED_EDGE('',*,*,#4452,.T.);
#6292=ORIENTED_EDGE('',*,*,#4453,.T.);
#6293=ORIENTED_EDGE('',*,*,#4445,.T.);
#6294=ORIENTED_EDGE('',*,*,#4442,.F.);
#6295=ORIENTED_EDGE('',*,*,#4454,.F.);
#6296=ORIENTED_EDGE('',*,*,#4455,.F.);
#6297=ORIENTED_EDGE('',*,*,#4456,.F.);
#6298=ORIENTED_EDGE('',*,*,#4457,.F.);
#6299=ORIENTED_EDGE('',*,*,#4450,.F.);
#6300=ORIENTED_EDGE('',*,*,#4458,.T.);
#6301=ORIENTED_EDGE('',*,*,#4459,.T.);
#6302=ORIENTED_EDGE('',*,*,#4460,.T.);
#6303=ORIENTED_EDGE('',*,*,#4447,.T.);
#6304=ORIENTED_EDGE('',*,*,#4459,.F.);
#6305=ORIENTED_EDGE('',*,*,#4461,.T.);
#6306=ORIENTED_EDGE('',*,*,#4462,.T.);
#6307=ORIENTED_EDGE('',*,*,#4463,.F.);
#6308=ORIENTED_EDGE('',*,*,#4464,.T.);
#6309=ORIENTED_EDGE('',*,*,#4465,.T.);
#6310=ORIENTED_EDGE('',*,*,#4466,.T.);
#6311=ORIENTED_EDGE('',*,*,#4467,.T.);
#6312=ORIENTED_EDGE('',*,*,#4468,.T.);
#6313=ORIENTED_EDGE('',*,*,#4466,.F.);
#6314=ORIENTED_EDGE('',*,*,#4469,.T.);
#6315=ORIENTED_EDGE('',*,*,#4470,.F.);
#6316=ORIENTED_EDGE('',*,*,#4471,.T.);
#6317=ORIENTED_EDGE('',*,*,#4472,.T.);
#6318=ORIENTED_EDGE('',*,*,#4473,.T.);
#6319=ORIENTED_EDGE('',*,*,#4474,.T.);
#6320=ORIENTED_EDGE('',*,*,#4451,.T.);
#6321=ORIENTED_EDGE('',*,*,#4457,.T.);
#6322=ORIENTED_EDGE('',*,*,#4475,.T.);
#6323=ORIENTED_EDGE('',*,*,#4475,.F.);
#6324=ORIENTED_EDGE('',*,*,#4456,.T.);
#6325=ORIENTED_EDGE('',*,*,#4476,.F.);
#6326=ORIENTED_EDGE('',*,*,#4477,.T.);
#6327=ORIENTED_EDGE('',*,*,#4478,.F.);
#6328=ORIENTED_EDGE('',*,*,#4479,.T.);
#6329=ORIENTED_EDGE('',*,*,#4480,.F.);
#6330=ORIENTED_EDGE('',*,*,#4481,.F.);
#6331=ORIENTED_EDGE('',*,*,#4482,.F.);
#6332=ORIENTED_EDGE('',*,*,#4483,.T.);
#6333=ORIENTED_EDGE('',*,*,#4484,.T.);
#6334=ORIENTED_EDGE('',*,*,#4485,.T.);
#6335=ORIENTED_EDGE('',*,*,#4486,.T.);
#6336=ORIENTED_EDGE('',*,*,#4487,.T.);
#6337=ORIENTED_EDGE('',*,*,#4488,.F.);
#6338=ORIENTED_EDGE('',*,*,#4489,.T.);
#6339=ORIENTED_EDGE('',*,*,#4490,.F.);
#6340=ORIENTED_EDGE('',*,*,#4491,.T.);
#6341=ORIENTED_EDGE('',*,*,#4492,.F.);
#6342=ORIENTED_EDGE('',*,*,#4492,.T.);
#6343=ORIENTED_EDGE('',*,*,#4493,.T.);
#6344=ORIENTED_EDGE('',*,*,#4494,.T.);
#6345=ORIENTED_EDGE('',*,*,#4495,.T.);
#6346=ORIENTED_EDGE('',*,*,#4493,.F.);
#6347=ORIENTED_EDGE('',*,*,#4491,.F.);
#6348=ORIENTED_EDGE('',*,*,#4496,.F.);
#6349=ORIENTED_EDGE('',*,*,#4497,.F.);
#6350=ORIENTED_EDGE('',*,*,#4488,.T.);
#6351=ORIENTED_EDGE('',*,*,#4498,.T.);
#6352=ORIENTED_EDGE('',*,*,#4499,.T.);
#6353=ORIENTED_EDGE('',*,*,#4500,.T.);
#6354=ORIENTED_EDGE('',*,*,#4495,.F.);
#6355=ORIENTED_EDGE('',*,*,#4501,.F.);
#6356=ORIENTED_EDGE('',*,*,#4498,.F.);
#6357=ORIENTED_EDGE('',*,*,#4487,.F.);
#6358=ORIENTED_EDGE('',*,*,#4490,.T.);
#6359=ORIENTED_EDGE('',*,*,#4502,.T.);
#6360=ORIENTED_EDGE('',*,*,#4503,.T.);
#6361=ORIENTED_EDGE('',*,*,#4496,.T.);
#6362=ORIENTED_EDGE('',*,*,#4500,.F.);
#6363=ORIENTED_EDGE('',*,*,#4504,.F.);
#6364=ORIENTED_EDGE('',*,*,#4502,.F.);
#6365=ORIENTED_EDGE('',*,*,#4489,.F.);
#6366=ORIENTED_EDGE('',*,*,#4441,.F.);
#6367=ORIENTED_EDGE('',*,*,#4505,.F.);
#6368=ORIENTED_EDGE('',*,*,#4506,.T.);
#6369=ORIENTED_EDGE('',*,*,#4507,.T.);
#6370=ORIENTED_EDGE('',*,*,#4508,.T.);
#6371=ORIENTED_EDGE('',*,*,#4509,.T.);
#6372=ORIENTED_EDGE('',*,*,#4510,.F.);
#6373=ORIENTED_EDGE('',*,*,#4511,.T.);
#6374=ORIENTED_EDGE('',*,*,#4512,.F.);
#6375=ORIENTED_EDGE('',*,*,#4454,.T.);
#6376=ORIENTED_EDGE('',*,*,#4501,.T.);
#6377=ORIENTED_EDGE('',*,*,#4494,.F.);
#6378=ORIENTED_EDGE('',*,*,#4497,.T.);
#6379=ORIENTED_EDGE('',*,*,#4503,.F.);
#6380=ORIENTED_EDGE('',*,*,#4504,.T.);
#6381=ORIENTED_EDGE('',*,*,#4499,.F.);
#6382=ORIENTED_EDGE('',*,*,#4513,.T.);
#6383=ORIENTED_EDGE('',*,*,#4514,.T.);
#6384=ORIENTED_EDGE('',*,*,#4515,.T.);
#6385=ORIENTED_EDGE('',*,*,#4510,.T.);
#6386=ORIENTED_EDGE('',*,*,#4516,.T.);
#6387=ORIENTED_EDGE('',*,*,#4478,.T.);
#6388=ORIENTED_EDGE('',*,*,#4517,.T.);
#6389=ORIENTED_EDGE('',*,*,#4517,.F.);
#6390=ORIENTED_EDGE('',*,*,#4477,.F.);
#6391=ORIENTED_EDGE('',*,*,#4518,.F.);
#6392=ORIENTED_EDGE('',*,*,#4511,.F.);
#6393=ORIENTED_EDGE('',*,*,#4512,.T.);
#6394=ORIENTED_EDGE('',*,*,#4518,.T.);
#6395=ORIENTED_EDGE('',*,*,#4476,.T.);
#6396=ORIENTED_EDGE('',*,*,#4455,.T.);
#6397=ORIENTED_EDGE('',*,*,#4468,.F.);
#6398=ORIENTED_EDGE('',*,*,#4519,.F.);
#6399=ORIENTED_EDGE('',*,*,#4452,.F.);
#6400=ORIENTED_EDGE('',*,*,#4474,.F.);
#6401=ORIENTED_EDGE('',*,*,#4520,.T.);
#6402=ORIENTED_EDGE('',*,*,#4521,.F.);
#6403=ORIENTED_EDGE('',*,*,#4470,.T.);
#6404=ORIENTED_EDGE('',*,*,#4522,.T.);
#6405=ORIENTED_EDGE('',*,*,#4463,.T.);
#6406=ORIENTED_EDGE('',*,*,#4523,.T.);
#6407=ORIENTED_EDGE('',*,*,#4522,.F.);
#6408=ORIENTED_EDGE('',*,*,#4469,.F.);
#6409=ORIENTED_EDGE('',*,*,#4465,.F.);
#6410=ORIENTED_EDGE('',*,*,#4521,.T.);
#6411=ORIENTED_EDGE('',*,*,#4524,.F.);
#6412=ORIENTED_EDGE('',*,*,#4448,.F.);
#6413=ORIENTED_EDGE('',*,*,#4460,.F.);
#6414=ORIENTED_EDGE('',*,*,#4464,.F.);
#6415=ORIENTED_EDGE('',*,*,#4440,.F.);
#6416=ORIENTED_EDGE('',*,*,#4449,.T.);
#6417=ORIENTED_EDGE('',*,*,#4524,.T.);
#6418=ORIENTED_EDGE('',*,*,#4520,.F.);
#6419=ORIENTED_EDGE('',*,*,#4473,.F.);
#6420=ORIENTED_EDGE('',*,*,#4483,.F.);
#6421=ORIENTED_EDGE('',*,*,#4525,.T.);
#6422=ORIENTED_EDGE('',*,*,#4505,.T.);
#6423=ORIENTED_EDGE('',*,*,#4525,.F.);
#6424=ORIENTED_EDGE('',*,*,#4482,.T.);
#6425=ORIENTED_EDGE('',*,*,#4526,.F.);
#6426=ORIENTED_EDGE('',*,*,#4506,.F.);
#6427=ORIENTED_EDGE('',*,*,#4527,.F.);
#6428=ORIENTED_EDGE('',*,*,#4526,.T.);
#6429=ORIENTED_EDGE('',*,*,#4528,.T.);
#6430=ORIENTED_EDGE('',*,*,#4529,.T.);
#6431=ORIENTED_EDGE('',*,*,#4462,.F.);
#6432=ORIENTED_EDGE('',*,*,#4530,.F.);
#6433=ORIENTED_EDGE('',*,*,#4531,.F.);
#6434=ORIENTED_EDGE('',*,*,#4532,.F.);
#6435=ORIENTED_EDGE('',*,*,#4529,.F.);
#6436=ORIENTED_EDGE('',*,*,#4533,.F.);
#6437=ORIENTED_EDGE('',*,*,#4534,.F.);
#6438=ORIENTED_EDGE('',*,*,#4535,.F.);
#6439=ORIENTED_EDGE('',*,*,#4471,.F.);
#6440=ORIENTED_EDGE('',*,*,#4523,.F.);
#6441=ORIENTED_EDGE('',*,*,#4536,.T.);
#6442=ORIENTED_EDGE('',*,*,#4537,.T.);
#6443=ORIENTED_EDGE('',*,*,#4538,.T.);
#6444=ORIENTED_EDGE('',*,*,#4539,.T.);
#6445=ORIENTED_EDGE('',*,*,#4540,.T.);
#6446=ORIENTED_EDGE('',*,*,#4541,.T.);
#6447=ORIENTED_EDGE('',*,*,#4542,.T.);
#6448=ORIENTED_EDGE('',*,*,#4543,.T.);
#6449=ORIENTED_EDGE('',*,*,#4542,.F.);
#6450=ORIENTED_EDGE('',*,*,#4544,.T.);
#6451=ORIENTED_EDGE('',*,*,#4545,.T.);
#6452=ORIENTED_EDGE('',*,*,#4546,.T.);
#6453=ORIENTED_EDGE('',*,*,#4453,.F.);
#6454=ORIENTED_EDGE('',*,*,#4519,.T.);
#6455=ORIENTED_EDGE('',*,*,#4467,.F.);
#6456=ORIENTED_EDGE('',*,*,#4472,.F.);
#6457=ORIENTED_EDGE('',*,*,#4535,.T.);
#6458=ORIENTED_EDGE('',*,*,#4547,.T.);
#6459=ORIENTED_EDGE('',*,*,#4544,.F.);
#6460=ORIENTED_EDGE('',*,*,#4541,.F.);
#6461=ORIENTED_EDGE('',*,*,#4548,.F.);
#6462=ORIENTED_EDGE('',*,*,#4549,.T.);
#6463=ORIENTED_EDGE('',*,*,#4530,.T.);
#6464=ORIENTED_EDGE('',*,*,#4461,.F.);
#6465=ORIENTED_EDGE('',*,*,#4458,.F.);
#6466=ORIENTED_EDGE('',*,*,#4446,.F.);
#6467=ORIENTED_EDGE('',*,*,#4540,.F.);
#6468=ORIENTED_EDGE('',*,*,#4550,.T.);
#6469=ORIENTED_EDGE('',*,*,#4551,.T.);
#6470=ORIENTED_EDGE('',*,*,#4548,.T.);
#6471=ORIENTED_EDGE('',*,*,#4539,.F.);
#6472=ORIENTED_EDGE('',*,*,#4552,.T.);
#6473=ORIENTED_EDGE('',*,*,#4553,.F.);
#6474=ORIENTED_EDGE('',*,*,#4554,.F.);
#6475=ORIENTED_EDGE('',*,*,#4555,.T.);
#6476=ORIENTED_EDGE('',*,*,#4556,.T.);
#6477=ORIENTED_EDGE('',*,*,#4557,.F.);
#6478=ORIENTED_EDGE('',*,*,#4558,.F.);
#6479=ORIENTED_EDGE('',*,*,#4559,.F.);
#6480=ORIENTED_EDGE('',*,*,#4550,.F.);
#6481=ORIENTED_EDGE('',*,*,#4560,.T.);
#6482=ORIENTED_EDGE('',*,*,#4561,.T.);
#6483=ORIENTED_EDGE('',*,*,#4562,.T.);
#6484=ORIENTED_EDGE('',*,*,#4563,.T.);
#6485=ORIENTED_EDGE('',*,*,#4564,.T.);
#6486=ORIENTED_EDGE('',*,*,#4565,.T.);
#6487=ORIENTED_EDGE('',*,*,#4566,.T.);
#6488=ORIENTED_EDGE('',*,*,#4567,.T.);
#6489=ORIENTED_EDGE('',*,*,#4566,.F.);
#6490=ORIENTED_EDGE('',*,*,#4568,.T.);
#6491=ORIENTED_EDGE('',*,*,#4554,.T.);
#6492=ORIENTED_EDGE('',*,*,#4569,.F.);
#6493=ORIENTED_EDGE('',*,*,#4570,.T.);
#6494=ORIENTED_EDGE('',*,*,#4565,.F.);
#6495=ORIENTED_EDGE('',*,*,#4571,.F.);
#6496=ORIENTED_EDGE('',*,*,#4555,.F.);
#6497=ORIENTED_EDGE('',*,*,#4568,.F.);
#6498=ORIENTED_EDGE('',*,*,#4564,.F.);
#6499=ORIENTED_EDGE('',*,*,#4572,.F.);
#6500=ORIENTED_EDGE('',*,*,#4573,.F.);
#6501=ORIENTED_EDGE('',*,*,#4556,.F.);
#6502=ORIENTED_EDGE('',*,*,#4571,.T.);
#6503=ORIENTED_EDGE('',*,*,#4563,.F.);
#6504=ORIENTED_EDGE('',*,*,#4574,.F.);
#6505=ORIENTED_EDGE('',*,*,#4575,.F.);
#6506=ORIENTED_EDGE('',*,*,#4572,.T.);
#6507=ORIENTED_EDGE('',*,*,#4576,.T.);
#6508=ORIENTED_EDGE('',*,*,#4577,.T.);
#6509=ORIENTED_EDGE('',*,*,#4578,.T.);
#6510=ORIENTED_EDGE('',*,*,#4579,.T.);
#6511=ORIENTED_EDGE('',*,*,#4580,.T.);
#6512=ORIENTED_EDGE('',*,*,#4581,.T.);
#6513=ORIENTED_EDGE('',*,*,#4582,.T.);
#6514=ORIENTED_EDGE('',*,*,#4583,.T.);
#6515=ORIENTED_EDGE('',*,*,#4581,.F.);
#6516=ORIENTED_EDGE('',*,*,#4584,.F.);
#6517=ORIENTED_EDGE('',*,*,#4585,.F.);
#6518=ORIENTED_EDGE('',*,*,#4586,.F.);
#6519=ORIENTED_EDGE('',*,*,#4580,.F.);
#6520=ORIENTED_EDGE('',*,*,#4587,.F.);
#6521=ORIENTED_EDGE('',*,*,#4588,.F.);
#6522=ORIENTED_EDGE('',*,*,#4589,.F.);
#6523=ORIENTED_EDGE('',*,*,#4584,.T.);
#6524=ORIENTED_EDGE('',*,*,#4579,.F.);
#6525=ORIENTED_EDGE('',*,*,#4590,.F.);
#6526=ORIENTED_EDGE('',*,*,#4591,.F.);
#6527=ORIENTED_EDGE('',*,*,#4587,.T.);
#6528=ORIENTED_EDGE('',*,*,#4578,.F.);
#6529=ORIENTED_EDGE('',*,*,#4592,.F.);
#6530=ORIENTED_EDGE('',*,*,#4593,.F.);
#6531=ORIENTED_EDGE('',*,*,#4590,.T.);
#6532=ORIENTED_EDGE('',*,*,#4594,.T.);
#6533=ORIENTED_EDGE('',*,*,#4595,.T.);
#6534=ORIENTED_EDGE('',*,*,#4596,.T.);
#6535=ORIENTED_EDGE('',*,*,#4597,.T.);
#6536=ORIENTED_EDGE('',*,*,#4598,.T.);
#6537=ORIENTED_EDGE('',*,*,#4599,.T.);
#6538=ORIENTED_EDGE('',*,*,#4537,.F.);
#6539=ORIENTED_EDGE('',*,*,#4600,.F.);
#6540=ORIENTED_EDGE('',*,*,#4601,.F.);
#6541=ORIENTED_EDGE('',*,*,#4598,.F.);
#6542=ORIENTED_EDGE('',*,*,#4602,.F.);
#6543=ORIENTED_EDGE('',*,*,#4603,.F.);
#6544=ORIENTED_EDGE('',*,*,#4597,.F.);
#6545=ORIENTED_EDGE('',*,*,#4604,.F.);
#6546=ORIENTED_EDGE('',*,*,#4605,.F.);
#6547=ORIENTED_EDGE('',*,*,#4606,.T.);
#6548=ORIENTED_EDGE('',*,*,#4602,.T.);
#6549=ORIENTED_EDGE('',*,*,#4596,.F.);
#6550=ORIENTED_EDGE('',*,*,#4607,.F.);
#6551=ORIENTED_EDGE('',*,*,#4608,.F.);
#6552=ORIENTED_EDGE('',*,*,#4604,.T.);
#6553=ORIENTED_EDGE('',*,*,#4577,.F.);
#6554=ORIENTED_EDGE('',*,*,#4609,.F.);
#6555=ORIENTED_EDGE('',*,*,#4610,.F.);
#6556=ORIENTED_EDGE('',*,*,#4592,.T.);
#6557=ORIENTED_EDGE('',*,*,#4576,.F.);
#6558=ORIENTED_EDGE('',*,*,#4611,.F.);
#6559=ORIENTED_EDGE('',*,*,#4612,.F.);
#6560=ORIENTED_EDGE('',*,*,#4609,.T.);
#6561=ORIENTED_EDGE('',*,*,#4583,.F.);
#6562=ORIENTED_EDGE('',*,*,#4613,.F.);
#6563=ORIENTED_EDGE('',*,*,#4614,.F.);
#6564=ORIENTED_EDGE('',*,*,#4611,.T.);
#6565=ORIENTED_EDGE('',*,*,#4582,.F.);
#6566=ORIENTED_EDGE('',*,*,#4586,.T.);
#6567=ORIENTED_EDGE('',*,*,#4615,.T.);
#6568=ORIENTED_EDGE('',*,*,#4616,.F.);
#6569=ORIENTED_EDGE('',*,*,#4613,.T.);
#6570=ORIENTED_EDGE('',*,*,#4562,.F.);
#6571=ORIENTED_EDGE('',*,*,#4617,.F.);
#6572=ORIENTED_EDGE('',*,*,#4618,.F.);
#6573=ORIENTED_EDGE('',*,*,#4574,.T.);
#6574=ORIENTED_EDGE('',*,*,#4561,.F.);
#6575=ORIENTED_EDGE('',*,*,#4619,.F.);
#6576=ORIENTED_EDGE('',*,*,#4620,.F.);
#6577=ORIENTED_EDGE('',*,*,#4617,.T.);
#6578=ORIENTED_EDGE('',*,*,#4560,.F.);
#6579=ORIENTED_EDGE('',*,*,#4621,.F.);
#6580=ORIENTED_EDGE('',*,*,#4622,.F.);
#6581=ORIENTED_EDGE('',*,*,#4619,.T.);
#6582=ORIENTED_EDGE('',*,*,#4567,.F.);
#6583=ORIENTED_EDGE('',*,*,#4570,.F.);
#6584=ORIENTED_EDGE('',*,*,#4623,.F.);
#6585=ORIENTED_EDGE('',*,*,#4621,.T.);
#6586=ORIENTED_EDGE('',*,*,#4624,.T.);
#6587=ORIENTED_EDGE('',*,*,#4507,.F.);
#6588=ORIENTED_EDGE('',*,*,#4527,.T.);
#6589=ORIENTED_EDGE('',*,*,#4532,.T.);
#6590=ORIENTED_EDGE('',*,*,#4625,.T.);
#6591=ORIENTED_EDGE('',*,*,#4533,.T.);
#6592=ORIENTED_EDGE('',*,*,#4528,.F.);
#6593=ORIENTED_EDGE('',*,*,#4481,.T.);
#6594=ORIENTED_EDGE('',*,*,#4573,.T.);
#6595=ORIENTED_EDGE('',*,*,#4575,.T.);
#6596=ORIENTED_EDGE('',*,*,#4618,.T.);
#6597=ORIENTED_EDGE('',*,*,#4620,.T.);
#6598=ORIENTED_EDGE('',*,*,#4622,.T.);
#6599=ORIENTED_EDGE('',*,*,#4623,.T.);
#6600=ORIENTED_EDGE('',*,*,#4569,.T.);
#6601=ORIENTED_EDGE('',*,*,#4553,.T.);
#6602=ORIENTED_EDGE('',*,*,#4626,.T.);
#6603=ORIENTED_EDGE('',*,*,#4605,.T.);
#6604=ORIENTED_EDGE('',*,*,#4608,.T.);
#6605=ORIENTED_EDGE('',*,*,#4627,.T.);
#6606=ORIENTED_EDGE('',*,*,#4628,.T.);
#6607=ORIENTED_EDGE('',*,*,#4629,.T.);
#6608=ORIENTED_EDGE('',*,*,#4630,.T.);
#6609=ORIENTED_EDGE('',*,*,#4631,.T.);
#6610=ORIENTED_EDGE('',*,*,#4588,.T.);
#6611=ORIENTED_EDGE('',*,*,#4591,.T.);
#6612=ORIENTED_EDGE('',*,*,#4593,.T.);
#6613=ORIENTED_EDGE('',*,*,#4610,.T.);
#6614=ORIENTED_EDGE('',*,*,#4612,.T.);
#6615=ORIENTED_EDGE('',*,*,#4614,.T.);
#6616=ORIENTED_EDGE('',*,*,#4616,.T.);
#6617=ORIENTED_EDGE('',*,*,#4632,.T.);
#6618=ORIENTED_EDGE('',*,*,#4480,.T.);
#6619=ORIENTED_EDGE('',*,*,#4633,.T.);
#6620=ORIENTED_EDGE('',*,*,#4508,.F.);
#6621=ORIENTED_EDGE('',*,*,#4557,.T.);
#6622=ORIENTED_EDGE('',*,*,#4595,.F.);
#6623=ORIENTED_EDGE('',*,*,#4634,.F.);
#6624=ORIENTED_EDGE('',*,*,#4627,.F.);
#6625=ORIENTED_EDGE('',*,*,#4607,.T.);
#6626=ORIENTED_EDGE('',*,*,#4594,.F.);
#6627=ORIENTED_EDGE('',*,*,#4635,.F.);
#6628=ORIENTED_EDGE('',*,*,#4628,.F.);
#6629=ORIENTED_EDGE('',*,*,#4634,.T.);
#6630=ORIENTED_EDGE('',*,*,#4599,.F.);
#6631=ORIENTED_EDGE('',*,*,#4601,.T.);
#6632=ORIENTED_EDGE('',*,*,#4636,.F.);
#6633=ORIENTED_EDGE('',*,*,#4629,.F.);
#6634=ORIENTED_EDGE('',*,*,#4635,.T.);
#6635=ORIENTED_EDGE('',*,*,#4536,.F.);
#6636=ORIENTED_EDGE('',*,*,#4637,.T.);
#6637=ORIENTED_EDGE('',*,*,#4630,.F.);
#6638=ORIENTED_EDGE('',*,*,#4636,.T.);
#6639=ORIENTED_EDGE('',*,*,#4600,.T.);
#6640=ORIENTED_EDGE('',*,*,#4538,.F.);
#6641=ORIENTED_EDGE('',*,*,#4603,.T.);
#6642=ORIENTED_EDGE('',*,*,#4606,.F.);
#6643=ORIENTED_EDGE('',*,*,#4626,.F.);
#6644=ORIENTED_EDGE('',*,*,#4552,.F.);
#6645=ORIENTED_EDGE('',*,*,#4543,.F.);
#6646=ORIENTED_EDGE('',*,*,#4546,.F.);
#6647=ORIENTED_EDGE('',*,*,#4638,.F.);
#6648=ORIENTED_EDGE('',*,*,#4639,.T.);
#6649=ORIENTED_EDGE('',*,*,#4632,.F.);
#6650=ORIENTED_EDGE('',*,*,#4615,.F.);
#6651=ORIENTED_EDGE('',*,*,#4585,.T.);
#6652=ORIENTED_EDGE('',*,*,#4589,.T.);
#6653=ORIENTED_EDGE('',*,*,#4631,.F.);
#6654=ORIENTED_EDGE('',*,*,#4637,.F.);
#6655=ORIENTED_EDGE('',*,*,#4516,.F.);
#6656=ORIENTED_EDGE('',*,*,#4509,.F.);
#6657=ORIENTED_EDGE('',*,*,#4633,.F.);
#6658=ORIENTED_EDGE('',*,*,#4479,.F.);
#6659=ORIENTED_EDGE('',*,*,#4515,.F.);
#6660=ORIENTED_EDGE('',*,*,#4640,.T.);
#6661=ORIENTED_EDGE('',*,*,#4485,.F.);
#6662=ORIENTED_EDGE('',*,*,#4640,.F.);
#6663=ORIENTED_EDGE('',*,*,#4514,.F.);
#6664=ORIENTED_EDGE('',*,*,#4641,.T.);
#6665=ORIENTED_EDGE('',*,*,#4484,.F.);
#6666=ORIENTED_EDGE('',*,*,#4641,.F.);
#6667=ORIENTED_EDGE('',*,*,#4558,.T.);
#6668=ORIENTED_EDGE('',*,*,#4624,.F.);
#6669=ORIENTED_EDGE('',*,*,#4531,.T.);
#6670=ORIENTED_EDGE('',*,*,#4549,.F.);
#6671=ORIENTED_EDGE('',*,*,#4551,.F.);
#6672=ORIENTED_EDGE('',*,*,#4559,.T.);
#6673=ORIENTED_EDGE('',*,*,#4534,.T.);
#6674=ORIENTED_EDGE('',*,*,#4625,.F.);
#6675=ORIENTED_EDGE('',*,*,#4639,.F.);
#6676=ORIENTED_EDGE('',*,*,#4638,.T.);
#6677=ORIENTED_EDGE('',*,*,#4545,.F.);
#6678=ORIENTED_EDGE('',*,*,#4547,.F.);
#6679=ORIENTED_EDGE('',*,*,#4513,.F.);
#6680=ORIENTED_EDGE('',*,*,#4642,.T.);
#6681=ORIENTED_EDGE('',*,*,#4486,.F.);
#6682=ORIENTED_EDGE('',*,*,#4642,.F.);
#6683=ORIENTED_EDGE('',*,*,#4643,.F.);
#6684=ORIENTED_EDGE('',*,*,#4644,.T.);
#6685=ORIENTED_EDGE('',*,*,#4645,.F.);
#6686=ORIENTED_EDGE('',*,*,#4646,.T.);
#6687=ORIENTED_EDGE('',*,*,#4647,.F.);
#6688=ORIENTED_EDGE('',*,*,#4646,.F.);
#6689=ORIENTED_EDGE('',*,*,#4648,.F.);
#6690=ORIENTED_EDGE('',*,*,#4649,.T.);
#6691=ORIENTED_EDGE('',*,*,#4650,.F.);
#6692=ORIENTED_EDGE('',*,*,#4651,.F.);
#6693=ORIENTED_EDGE('',*,*,#4650,.T.);
#6694=ORIENTED_EDGE('',*,*,#4652,.T.);
#6695=ORIENTED_EDGE('',*,*,#4653,.T.);
#6696=ORIENTED_EDGE('',*,*,#4654,.T.);
#6697=ORIENTED_EDGE('',*,*,#4655,.T.);
#6698=ORIENTED_EDGE('',*,*,#4652,.F.);
#6699=ORIENTED_EDGE('',*,*,#4649,.F.);
#6700=ORIENTED_EDGE('',*,*,#4656,.F.);
#6701=ORIENTED_EDGE('',*,*,#4657,.T.);
#6702=ORIENTED_EDGE('',*,*,#4653,.F.);
#6703=ORIENTED_EDGE('',*,*,#4657,.F.);
#6704=ORIENTED_EDGE('',*,*,#4658,.F.);
#6705=ORIENTED_EDGE('',*,*,#4659,.T.);
#6706=ORIENTED_EDGE('',*,*,#4654,.F.);
#6707=ORIENTED_EDGE('',*,*,#4659,.F.);
#6708=ORIENTED_EDGE('',*,*,#4660,.F.);
#6709=ORIENTED_EDGE('',*,*,#4661,.T.);
#6710=ORIENTED_EDGE('',*,*,#4662,.F.);
#6711=ORIENTED_EDGE('',*,*,#4655,.F.);
#6712=ORIENTED_EDGE('',*,*,#4661,.F.);
#6713=ORIENTED_EDGE('',*,*,#4663,.F.);
#6714=ORIENTED_EDGE('',*,*,#4664,.T.);
#6715=ORIENTED_EDGE('',*,*,#4665,.F.);
#6716=ORIENTED_EDGE('',*,*,#4664,.F.);
#6717=ORIENTED_EDGE('',*,*,#4666,.F.);
#6718=ORIENTED_EDGE('',*,*,#4667,.F.);
#6719=ORIENTED_EDGE('',*,*,#4643,.T.);
#6720=ORIENTED_EDGE('',*,*,#4647,.T.);
#6721=ORIENTED_EDGE('',*,*,#4651,.T.);
#6722=ORIENTED_EDGE('',*,*,#4662,.T.);
#6723=ORIENTED_EDGE('',*,*,#4665,.T.);
#6724=ORIENTED_EDGE('',*,*,#4668,.T.);
#6725=ORIENTED_EDGE('',*,*,#4669,.T.);
#6726=ORIENTED_EDGE('',*,*,#4670,.T.);
#6727=ORIENTED_EDGE('',*,*,#4671,.T.);
#6728=ORIENTED_EDGE('',*,*,#4672,.T.);
#6729=ORIENTED_EDGE('',*,*,#4673,.T.);
#6730=ORIENTED_EDGE('',*,*,#4674,.T.);
#6731=ORIENTED_EDGE('',*,*,#4667,.T.);
#6732=ORIENTED_EDGE('',*,*,#4675,.T.);
#6733=ORIENTED_EDGE('',*,*,#4676,.F.);
#6734=ORIENTED_EDGE('',*,*,#4677,.T.);
#6735=ORIENTED_EDGE('',*,*,#4678,.T.);
#6736=ORIENTED_EDGE('',*,*,#4679,.T.);
#6737=ORIENTED_EDGE('',*,*,#4680,.T.);
#6738=ORIENTED_EDGE('',*,*,#4668,.F.);
#6739=ORIENTED_EDGE('',*,*,#4644,.F.);
#6740=ORIENTED_EDGE('',*,*,#4674,.F.);
#6741=ORIENTED_EDGE('',*,*,#4681,.F.);
#6742=ORIENTED_EDGE('',*,*,#4682,.T.);
#6743=ORIENTED_EDGE('',*,*,#4683,.F.);
#6744=ORIENTED_EDGE('',*,*,#4684,.T.);
#6745=ORIENTED_EDGE('',*,*,#4685,.T.);
#6746=ORIENTED_EDGE('',*,*,#4686,.T.);
#6747=ORIENTED_EDGE('',*,*,#4687,.F.);
#6748=ORIENTED_EDGE('',*,*,#4688,.F.);
#6749=ORIENTED_EDGE('',*,*,#4689,.F.);
#6750=ORIENTED_EDGE('',*,*,#4690,.T.);
#6751=ORIENTED_EDGE('',*,*,#4691,.F.);
#6752=ORIENTED_EDGE('',*,*,#4690,.F.);
#6753=ORIENTED_EDGE('',*,*,#4692,.F.);
#6754=ORIENTED_EDGE('',*,*,#4693,.T.);
#6755=ORIENTED_EDGE('',*,*,#4694,.F.);
#6756=ORIENTED_EDGE('',*,*,#4693,.F.);
#6757=ORIENTED_EDGE('',*,*,#4695,.F.);
#6758=ORIENTED_EDGE('',*,*,#4696,.T.);
#6759=ORIENTED_EDGE('',*,*,#4697,.F.);
#6760=ORIENTED_EDGE('',*,*,#4696,.F.);
#6761=ORIENTED_EDGE('',*,*,#4698,.F.);
#6762=ORIENTED_EDGE('',*,*,#4699,.T.);
#6763=ORIENTED_EDGE('',*,*,#4700,.F.);
#6764=ORIENTED_EDGE('',*,*,#4699,.F.);
#6765=ORIENTED_EDGE('',*,*,#4701,.F.);
#6766=ORIENTED_EDGE('',*,*,#4678,.F.);
#6767=ORIENTED_EDGE('',*,*,#4702,.F.);
#6768=ORIENTED_EDGE('',*,*,#4676,.T.);
#6769=ORIENTED_EDGE('',*,*,#4703,.F.);
#6770=ORIENTED_EDGE('',*,*,#4704,.T.);
#6771=ORIENTED_EDGE('',*,*,#4705,.F.);
#6772=ORIENTED_EDGE('',*,*,#4704,.F.);
#6773=ORIENTED_EDGE('',*,*,#4706,.F.);
#6774=ORIENTED_EDGE('',*,*,#4688,.T.);
#6775=ORIENTED_EDGE('',*,*,#4700,.T.);
#6776=ORIENTED_EDGE('',*,*,#4677,.F.);
#6777=ORIENTED_EDGE('',*,*,#4702,.T.);
#6778=ORIENTED_EDGE('',*,*,#4705,.T.);
#6779=ORIENTED_EDGE('',*,*,#4687,.T.);
#6780=ORIENTED_EDGE('',*,*,#4691,.T.);
#6781=ORIENTED_EDGE('',*,*,#4694,.T.);
#6782=ORIENTED_EDGE('',*,*,#4697,.T.);
#6783=ORIENTED_EDGE('',*,*,#4707,.F.);
#6784=ORIENTED_EDGE('',*,*,#4708,.F.);
#6785=ORIENTED_EDGE('',*,*,#4709,.F.);
#6786=ORIENTED_EDGE('',*,*,#4710,.T.);
#6787=ORIENTED_EDGE('',*,*,#4711,.F.);
#6788=ORIENTED_EDGE('',*,*,#4710,.F.);
#6789=ORIENTED_EDGE('',*,*,#4712,.F.);
#6790=ORIENTED_EDGE('',*,*,#4713,.T.);
#6791=ORIENTED_EDGE('',*,*,#4714,.F.);
#6792=ORIENTED_EDGE('',*,*,#4713,.F.);
#6793=ORIENTED_EDGE('',*,*,#4715,.F.);
#6794=ORIENTED_EDGE('',*,*,#4716,.T.);
#6795=ORIENTED_EDGE('',*,*,#4717,.F.);
#6796=ORIENTED_EDGE('',*,*,#4716,.F.);
#6797=ORIENTED_EDGE('',*,*,#4718,.F.);
#6798=ORIENTED_EDGE('',*,*,#4719,.T.);
#6799=ORIENTED_EDGE('',*,*,#4720,.F.);
#6800=ORIENTED_EDGE('',*,*,#4719,.F.);
#6801=ORIENTED_EDGE('',*,*,#4721,.F.);
#6802=ORIENTED_EDGE('',*,*,#4685,.F.);
#6803=ORIENTED_EDGE('',*,*,#4722,.F.);
#6804=ORIENTED_EDGE('',*,*,#4683,.T.);
#6805=ORIENTED_EDGE('',*,*,#4723,.F.);
#6806=ORIENTED_EDGE('',*,*,#4724,.T.);
#6807=ORIENTED_EDGE('',*,*,#4725,.F.);
#6808=ORIENTED_EDGE('',*,*,#4724,.F.);
#6809=ORIENTED_EDGE('',*,*,#4726,.F.);
#6810=ORIENTED_EDGE('',*,*,#4708,.T.);
#6811=ORIENTED_EDGE('',*,*,#4720,.T.);
#6812=ORIENTED_EDGE('',*,*,#4684,.F.);
#6813=ORIENTED_EDGE('',*,*,#4722,.T.);
#6814=ORIENTED_EDGE('',*,*,#4725,.T.);
#6815=ORIENTED_EDGE('',*,*,#4707,.T.);
#6816=ORIENTED_EDGE('',*,*,#4711,.T.);
#6817=ORIENTED_EDGE('',*,*,#4714,.T.);
#6818=ORIENTED_EDGE('',*,*,#4717,.T.);
#6819=ORIENTED_EDGE('',*,*,#4645,.T.);
#6820=ORIENTED_EDGE('',*,*,#4686,.F.);
#6821=ORIENTED_EDGE('',*,*,#4721,.T.);
#6822=ORIENTED_EDGE('',*,*,#4718,.T.);
#6823=ORIENTED_EDGE('',*,*,#4715,.T.);
#6824=ORIENTED_EDGE('',*,*,#4712,.T.);
#6825=ORIENTED_EDGE('',*,*,#4709,.T.);
#6826=ORIENTED_EDGE('',*,*,#4726,.T.);
#6827=ORIENTED_EDGE('',*,*,#4723,.T.);
#6828=ORIENTED_EDGE('',*,*,#4682,.F.);
#6829=ORIENTED_EDGE('',*,*,#4727,.F.);
#6830=ORIENTED_EDGE('',*,*,#4728,.F.);
#6831=ORIENTED_EDGE('',*,*,#4729,.F.);
#6832=ORIENTED_EDGE('',*,*,#4730,.F.);
#6833=ORIENTED_EDGE('',*,*,#4731,.F.);
#6834=ORIENTED_EDGE('',*,*,#4679,.F.);
#6835=ORIENTED_EDGE('',*,*,#4701,.T.);
#6836=ORIENTED_EDGE('',*,*,#4698,.T.);
#6837=ORIENTED_EDGE('',*,*,#4695,.T.);
#6838=ORIENTED_EDGE('',*,*,#4692,.T.);
#6839=ORIENTED_EDGE('',*,*,#4689,.T.);
#6840=ORIENTED_EDGE('',*,*,#4706,.T.);
#6841=ORIENTED_EDGE('',*,*,#4703,.T.);
#6842=ORIENTED_EDGE('',*,*,#4675,.F.);
#6843=ORIENTED_EDGE('',*,*,#4666,.T.);
#6844=ORIENTED_EDGE('',*,*,#4663,.T.);
#6845=ORIENTED_EDGE('',*,*,#4660,.T.);
#6846=ORIENTED_EDGE('',*,*,#4658,.T.);
#6847=ORIENTED_EDGE('',*,*,#4656,.T.);
#6848=ORIENTED_EDGE('',*,*,#4648,.T.);
#6849=ORIENTED_EDGE('',*,*,#4732,.T.);
#6850=ORIENTED_EDGE('',*,*,#4733,.T.);
#6851=ORIENTED_EDGE('',*,*,#4734,.T.);
#6852=ORIENTED_EDGE('',*,*,#4729,.T.);
#6853=ORIENTED_EDGE('',*,*,#4732,.F.);
#6854=ORIENTED_EDGE('',*,*,#4728,.T.);
#6855=ORIENTED_EDGE('',*,*,#4735,.T.);
#6856=ORIENTED_EDGE('',*,*,#4736,.T.);
#6857=ORIENTED_EDGE('',*,*,#4672,.F.);
#6858=ORIENTED_EDGE('',*,*,#4737,.F.);
#6859=ORIENTED_EDGE('',*,*,#4727,.T.);
#6860=ORIENTED_EDGE('',*,*,#4681,.T.);
#6861=ORIENTED_EDGE('',*,*,#4673,.F.);
#6862=ORIENTED_EDGE('',*,*,#4736,.F.);
#6863=ORIENTED_EDGE('',*,*,#4735,.F.);
#6864=ORIENTED_EDGE('',*,*,#4731,.T.);
#6865=ORIENTED_EDGE('',*,*,#4738,.T.);
#6866=ORIENTED_EDGE('',*,*,#4739,.T.);
#6867=ORIENTED_EDGE('',*,*,#4669,.F.);
#6868=ORIENTED_EDGE('',*,*,#4680,.F.);
#6869=ORIENTED_EDGE('',*,*,#4734,.F.);
#6870=ORIENTED_EDGE('',*,*,#4740,.T.);
#6871=ORIENTED_EDGE('',*,*,#4670,.F.);
#6872=ORIENTED_EDGE('',*,*,#4739,.F.);
#6873=ORIENTED_EDGE('',*,*,#4738,.F.);
#6874=ORIENTED_EDGE('',*,*,#4730,.T.);
#6875=ORIENTED_EDGE('',*,*,#4733,.F.);
#6876=ORIENTED_EDGE('',*,*,#4737,.T.);
#6877=ORIENTED_EDGE('',*,*,#4671,.F.);
#6878=ORIENTED_EDGE('',*,*,#4740,.F.);
#6879=CYLINDRICAL_SURFACE('',#7449,3.);
#6880=CYLINDRICAL_SURFACE('',#7452,3.);
#6881=CYLINDRICAL_SURFACE('',#7454,3.);
#6882=CYLINDRICAL_SURFACE('',#7465,3.);
#6883=CYLINDRICAL_SURFACE('',#7467,3.);
#6884=CYLINDRICAL_SURFACE('',#7469,3.);
#6885=CYLINDRICAL_SURFACE('',#7470,3.);
#6886=CYLINDRICAL_SURFACE('',#7473,3.);
#6887=CYLINDRICAL_SURFACE('',#7477,3.);
#6888=CYLINDRICAL_SURFACE('',#7480,3.);
#6889=CYLINDRICAL_SURFACE('',#7483,3.);
#6890=CYLINDRICAL_SURFACE('',#7486,3.);
#6891=CYLINDRICAL_SURFACE('',#7501,4.);
#6892=CYLINDRICAL_SURFACE('',#7504,4.);
#6893=CYLINDRICAL_SURFACE('',#7507,4.);
#6894=CYLINDRICAL_SURFACE('',#7510,4.);
#6895=CYLINDRICAL_SURFACE('',#7522,0.5);
#6896=CYLINDRICAL_SURFACE('',#7532,1.);
#6897=CYLINDRICAL_SURFACE('',#7534,4.85);
#6898=CYLINDRICAL_SURFACE('',#7536,1.);
#6899=CYLINDRICAL_SURFACE('',#7544,4.);
#6900=CYLINDRICAL_SURFACE('',#7550,4.);
#6901=CYLINDRICAL_SURFACE('',#7577,2.2);
#6902=CYLINDRICAL_SURFACE('',#7578,2.2);
#6903=CYLINDRICAL_SURFACE('',#7591,3.);
#6904=CYLINDRICAL_SURFACE('',#7593,1.);
#6905=CYLINDRICAL_SURFACE('',#7595,1.);
#6906=CYLINDRICAL_SURFACE('',#7597,1.);
#6907=CYLINDRICAL_SURFACE('',#7599,1.);
#6908=CYLINDRICAL_SURFACE('',#7603,0.5);
#6909=CYLINDRICAL_SURFACE('',#7604,0.5);
#6910=CYLINDRICAL_SURFACE('',#7613,0.5);
#6911=CYLINDRICAL_SURFACE('',#7652,1.8);
#6912=CYLINDRICAL_SURFACE('',#7654,1.8);
#6913=CYLINDRICAL_SURFACE('',#7656,1.8);
#6914=CYLINDRICAL_SURFACE('',#7663,1.8);
#6915=CYLINDRICAL_SURFACE('',#7669,3.25);
#6916=CYLINDRICAL_SURFACE('',#7672,1.8);
#6917=CYLINDRICAL_SURFACE('',#7678,3.25);
#6918=CYLINDRICAL_SURFACE('',#7681,1.8);
#6919=CYLINDRICAL_SURFACE('',#7687,3.25);
#6920=CYLINDRICAL_SURFACE('',#7712,4.);
#6921=CYLINDRICAL_SURFACE('',#7713,4.);
#6922=CYLINDRICAL_SURFACE('',#7715,3.);
#6923=CYLINDRICAL_SURFACE('',#7718,3.);
#6924=CYLINDRICAL_SURFACE('',#7720,3.);
#6925=CYLINDRICAL_SURFACE('',#7731,3.);
#6926=CYLINDRICAL_SURFACE('',#7734,3.);
#6927=CYLINDRICAL_SURFACE('',#7736,3.);
#6928=CYLINDRICAL_SURFACE('',#7737,3.);
#6929=CYLINDRICAL_SURFACE('',#7741,3.);
#6930=CYLINDRICAL_SURFACE('',#7743,3.);
#6931=CYLINDRICAL_SURFACE('',#7746,3.);
#6932=CYLINDRICAL_SURFACE('',#7749,3.);
#6933=CYLINDRICAL_SURFACE('',#7752,3.);
#6934=CYLINDRICAL_SURFACE('',#7778,0.5);
#6935=CYLINDRICAL_SURFACE('',#7787,1.);
#6936=CYLINDRICAL_SURFACE('',#7790,4.84999999999999);
#6937=CYLINDRICAL_SURFACE('',#7795,1.);
#6938=CYLINDRICAL_SURFACE('',#7803,4.);
#6939=CYLINDRICAL_SURFACE('',#7809,4.);
#6940=CYLINDRICAL_SURFACE('',#7838,2.2);
#6941=CYLINDRICAL_SURFACE('',#7839,2.2);
#6942=CYLINDRICAL_SURFACE('',#7852,3.);
#6943=CYLINDRICAL_SURFACE('',#7854,1.);
#6944=CYLINDRICAL_SURFACE('',#7856,1.);
#6945=CYLINDRICAL_SURFACE('',#7858,1.);
#6946=CYLINDRICAL_SURFACE('',#7860,1.);
#6947=CYLINDRICAL_SURFACE('',#7864,0.5);
#6948=CYLINDRICAL_SURFACE('',#7865,0.5);
#6949=CYLINDRICAL_SURFACE('',#7874,0.5);
#6950=CYLINDRICAL_SURFACE('',#7908,1.8);
#6951=CYLINDRICAL_SURFACE('',#7911,1.8);
#6952=CYLINDRICAL_SURFACE('',#7914,1.8);
#6953=CYLINDRICAL_SURFACE('',#7924,1.8);
#6954=CYLINDRICAL_SURFACE('',#7930,3.25);
#6955=CYLINDRICAL_SURFACE('',#7933,1.8);
#6956=CYLINDRICAL_SURFACE('',#7939,3.25);
#6957=CYLINDRICAL_SURFACE('',#7940,1.8);
#6958=CYLINDRICAL_SURFACE('',#7946,3.25);
#6959=CYLINDRICAL_SURFACE('',#7973,4.);
#6960=CYLINDRICAL_SURFACE('',#7974,4.);
#6961=CYLINDRICAL_SURFACE('',#7975,4.);
#6962=CYLINDRICAL_SURFACE('',#7976,4.);
#6963=CYLINDRICAL_SURFACE('',#7977,4.);
#6964=CYLINDRICAL_SURFACE('',#7978,4.);
#6965=CYLINDRICAL_SURFACE('',#7981,5.);
#6966=CYLINDRICAL_SURFACE('',#7986,8.);
#6967=CYLINDRICAL_SURFACE('',#7990,5.);
#6968=CYLINDRICAL_SURFACE('',#7995,5.);
#6969=CYLINDRICAL_SURFACE('',#8000,5.);
#6970=CYLINDRICAL_SURFACE('',#8011,1.);
#6971=CYLINDRICAL_SURFACE('',#8014,1.);
#6972=CYLINDRICAL_SURFACE('',#8017,1.);
#6973=CYLINDRICAL_SURFACE('',#8027,3.);
#6974=CYLINDRICAL_SURFACE('',#8029,3.);
#6975=CYLINDRICAL_SURFACE('',#8032,0.5);
#6976=CYLINDRICAL_SURFACE('',#8034,5.);
#6977=CYLINDRICAL_SURFACE('',#8036,2.);
#6978=CYLINDRICAL_SURFACE('',#8040,0.5);
#6979=CYLINDRICAL_SURFACE('',#8048,0.199999999999998);
#6980=CYLINDRICAL_SURFACE('',#8053,0.199999999999975);
#6981=CYLINDRICAL_SURFACE('',#8064,0.199999999999966);
#6982=CYLINDRICAL_SURFACE('',#8067,0.20000000000039);
#6983=CYLINDRICAL_SURFACE('',#8078,0.199999999999999);
#6984=CYLINDRICAL_SURFACE('',#8081,0.200000000000576);
#6985=CYLINDRICAL_SURFACE('',#8083,0.199999999999387);
#6986=CYLINDRICAL_SURFACE('',#8086,0.200000000000121);
#6987=CYLINDRICAL_SURFACE('',#8096,0.199999999998796);
#6988=CYLINDRICAL_SURFACE('',#8098,0.200000000000601);
#6989=CYLINDRICAL_SURFACE('',#8099,0.200000000000079);
#6990=CYLINDRICAL_SURFACE('',#8102,1.65);
#6991=CYLINDRICAL_SURFACE('',#8103,1.65);
#6992=CYLINDRICAL_SURFACE('',#8104,1.65);
#6993=CYLINDRICAL_SURFACE('',#8105,0.0800000000000992);
#6994=CYLINDRICAL_SURFACE('',#8114,0.319999999999725);
#6995=CYLINDRICAL_SURFACE('',#8117,0.0799999999983613);
#6996=CYLINDRICAL_SURFACE('',#8123,0.320000000001136);
#6997=CYLINDRICAL_SURFACE('',#8127,0.320000000000305);
#6998=CYLINDRICAL_SURFACE('',#8131,0.0799999999998784);
#6999=CYLINDRICAL_SURFACE('',#8134,0.0800000000001477);
#7000=CYLINDRICAL_SURFACE('',#8139,0.319999999999998);
#7001=CYLINDRICAL_SURFACE('',#8143,0.320000000000207);
#7002=CYLINDRICAL_SURFACE('',#8147,0.0800000000000453);
#7003=CYLINDRICAL_SURFACE('',#8150,0.0800000000001588);
#7004=ADVANCED_FACE('',(#374),#6879,.T.);
#7005=ADVANCED_FACE('',(#375),#6880,.T.);
#7006=ADVANCED_FACE('',(#376),#6881,.T.);
#7007=ADVANCED_FACE('',(#377),#370,.T.);
#7008=ADVANCED_FACE('',(#378),#371,.T.);
#7009=ADVANCED_FACE('',(#379),#6882,.T.);
#7010=ADVANCED_FACE('',(#380),#6883,.T.);
#7011=ADVANCED_FACE('',(#381),#6884,.T.);
#7012=ADVANCED_FACE('',(#382),#6885,.T.);
#7013=ADVANCED_FACE('',(#383),#6886,.T.);
#7014=ADVANCED_FACE('',(#384),#6887,.T.);
#7015=ADVANCED_FACE('',(#385),#362,.F.);
#7016=ADVANCED_FACE('',(#386),#6888,.T.);
#7017=ADVANCED_FACE('',(#387),#6889,.T.);
#7018=ADVANCED_FACE('',(#388),#6890,.T.);
#7019=ADVANCED_FACE('',(#389),#363,.F.);
#7020=ADVANCED_FACE('',(#390),#336,.F.);
#7021=ADVANCED_FACE('',(#391,#58,#59),#108,.F.);
#7022=ADVANCED_FACE('',(#392),#109,.T.);
#7023=ADVANCED_FACE('',(#393),#6891,.T.);
#7024=ADVANCED_FACE('',(#394),#110,.T.);
#7025=ADVANCED_FACE('',(#395),#6892,.T.);
#7026=ADVANCED_FACE('',(#396),#111,.T.);
#7027=ADVANCED_FACE('',(#397),#6893,.T.);
#7028=ADVANCED_FACE('',(#398),#112,.T.);
#7029=ADVANCED_FACE('',(#399),#6894,.T.);
#7030=ADVANCED_FACE('',(#400),#113,.T.);
#7031=ADVANCED_FACE('',(#401),#114,.F.);
#7032=ADVANCED_FACE('',(#402),#115,.T.);
#7033=ADVANCED_FACE('',(#403),#116,.T.);
#7034=ADVANCED_FACE('',(#404),#117,.T.);
#7035=ADVANCED_FACE('',(#405),#6895,.T.);
#7036=ADVANCED_FACE('',(#406),#118,.T.);
#7037=ADVANCED_FACE('',(#407),#119,.F.);
#7038=ADVANCED_FACE('',(#408,#60),#120,.T.);
#7039=ADVANCED_FACE('',(#409),#121,.T.);
#7040=ADVANCED_FACE('',(#410),#6896,.T.);
#7041=ADVANCED_FACE('',(#411),#6897,.F.);
#7042=ADVANCED_FACE('',(#412),#6898,.T.);
#7043=ADVANCED_FACE('',(#413),#54,.T.);
#7044=ADVANCED_FACE('',(#414,#61,#62),#122,.F.);
#7045=ADVANCED_FACE('',(#415),#6899,.F.);
#7046=ADVANCED_FACE('',(#416),#55,.T.);
#7047=ADVANCED_FACE('',(#417),#6900,.F.);
#7048=ADVANCED_FACE('',(#418,#63,#64),#123,.T.);
#7049=ADVANCED_FACE('',(#419,#65),#124,.T.);
#7050=ADVANCED_FACE('',(#420,#66),#125,.T.);
#7051=ADVANCED_FACE('',(#421,#67),#126,.T.);
#7052=ADVANCED_FACE('',(#422),#127,.T.);
#7053=ADVANCED_FACE('',(#423),#128,.T.);
#7054=ADVANCED_FACE('',(#424),#129,.F.);
#7055=ADVANCED_FACE('',(#425),#130,.T.);
#7056=ADVANCED_FACE('',(#426,#68),#131,.F.);
#7057=ADVANCED_FACE('',(#427),#132,.T.);
#7058=ADVANCED_FACE('',(#428),#6901,.F.);
#7059=ADVANCED_FACE('',(#429),#6902,.F.);
#7060=ADVANCED_FACE('',(#430),#133,.F.);
#7061=ADVANCED_FACE('',(#431),#134,.F.);
#7062=ADVANCED_FACE('',(#432),#135,.T.);
#7063=ADVANCED_FACE('',(#433),#136,.F.);
#7064=ADVANCED_FACE('',(#434),#6903,.T.);
#7065=ADVANCED_FACE('',(#435),#6904,.T.);
#7066=ADVANCED_FACE('',(#436),#6905,.T.);
#7067=ADVANCED_FACE('',(#437),#6906,.T.);
#7068=ADVANCED_FACE('',(#438),#6907,.T.);
#7069=ADVANCED_FACE('',(#439),#364,.T.);
#7070=ADVANCED_FACE('',(#440),#6908,.T.);
#7071=ADVANCED_FACE('',(#441),#6909,.T.);
#7072=ADVANCED_FACE('',(#442),#137,.F.);
#7073=ADVANCED_FACE('',(#443),#337,.T.);
#7074=ADVANCED_FACE('',(#444),#338,.T.);
#7075=ADVANCED_FACE('',(#445),#138,.T.);
#7076=ADVANCED_FACE('',(#446),#139,.F.);
#7077=ADVANCED_FACE('',(#447),#339,.T.);
#7078=ADVANCED_FACE('',(#448),#340,.T.);
#7079=ADVANCED_FACE('',(#449),#140,.T.);
#7080=ADVANCED_FACE('',(#450),#6910,.T.);
#7081=ADVANCED_FACE('',(#451),#141,.F.);
#7082=ADVANCED_FACE('',(#452),#142,.T.);
#7083=ADVANCED_FACE('',(#453),#143,.F.);
#7084=ADVANCED_FACE('',(#454),#144,.F.);
#7085=ADVANCED_FACE('',(#455),#145,.F.);
#7086=ADVANCED_FACE('',(#456),#146,.F.);
#7087=ADVANCED_FACE('',(#457),#147,.F.);
#7088=ADVANCED_FACE('',(#458),#148,.F.);
#7089=ADVANCED_FACE('',(#459),#149,.F.);
#7090=ADVANCED_FACE('',(#460),#150,.F.);
#7091=ADVANCED_FACE('',(#461),#151,.F.);
#7092=ADVANCED_FACE('',(#462),#152,.F.);
#7093=ADVANCED_FACE('',(#463),#153,.F.);
#7094=ADVANCED_FACE('',(#464),#154,.F.);
#7095=ADVANCED_FACE('',(#465),#155,.F.);
#7096=ADVANCED_FACE('',(#466),#156,.F.);
#7097=ADVANCED_FACE('',(#467),#157,.F.);
#7098=ADVANCED_FACE('',(#468),#158,.F.);
#7099=ADVANCED_FACE('',(#469),#159,.F.);
#7100=ADVANCED_FACE('',(#470),#160,.F.);
#7101=ADVANCED_FACE('',(#471),#161,.F.);
#7102=ADVANCED_FACE('',(#472),#162,.F.);
#7103=ADVANCED_FACE('',(#473),#163,.F.);
#7104=ADVANCED_FACE('',(#474),#164,.F.);
#7105=ADVANCED_FACE('',(#475),#165,.F.);
#7106=ADVANCED_FACE('',(#476),#166,.F.);
#7107=ADVANCED_FACE('',(#477),#167,.F.);
#7108=ADVANCED_FACE('',(#478),#168,.F.);
#7109=ADVANCED_FACE('',(#479),#169,.F.);
#7110=ADVANCED_FACE('',(#480),#170,.F.);
#7111=ADVANCED_FACE('',(#481),#171,.F.);
#7112=ADVANCED_FACE('',(#482),#172,.F.);
#7113=ADVANCED_FACE('',(#483),#173,.F.);
#7114=ADVANCED_FACE('',(#484),#174,.F.);
#7115=ADVANCED_FACE('',(#485),#175,.F.);
#7116=ADVANCED_FACE('',(#486),#176,.F.);
#7117=ADVANCED_FACE('',(#487),#177,.F.);
#7118=ADVANCED_FACE('',(#488),#178,.F.);
#7119=ADVANCED_FACE('',(#489),#6911,.F.);
#7120=ADVANCED_FACE('',(#490),#6912,.F.);
#7121=ADVANCED_FACE('',(#491),#6913,.F.);
#7122=ADVANCED_FACE('',(#492,#69,#70,#71),#179,.F.);
#7123=ADVANCED_FACE('',(#493),#6914,.F.);
#7124=ADVANCED_FACE('',(#494,#72),#180,.F.);
#7125=ADVANCED_FACE('',(#495),#6915,.F.);
#7126=ADVANCED_FACE('',(#496),#6916,.F.);
#7127=ADVANCED_FACE('',(#497,#73),#181,.F.);
#7128=ADVANCED_FACE('',(#498),#6917,.F.);
#7129=ADVANCED_FACE('',(#499),#6918,.F.);
#7130=ADVANCED_FACE('',(#500,#74),#182,.F.);
#7131=ADVANCED_FACE('',(#501),#6919,.F.);
#7132=ADVANCED_FACE('',(#502,#75),#183,.F.);
#7133=ADVANCED_FACE('',(#503,#76),#184,.F.);
#7134=ADVANCED_FACE('',(#504,#77),#185,.F.);
#7135=ADVANCED_FACE('',(#505),#186,.F.);
#7136=ADVANCED_FACE('',(#506),#187,.T.);
#7137=ADVANCED_FACE('',(#507),#188,.T.);
#7138=ADVANCED_FACE('',(#508),#189,.F.);
#7139=ADVANCED_FACE('',(#509),#190,.T.);
#7140=ADVANCED_FACE('',(#510),#191,.T.);
#7141=ADVANCED_FACE('',(#511),#192,.F.);
#7142=ADVANCED_FACE('',(#512),#193,.F.);
#7143=ADVANCED_FACE('',(#513,#78),#194,.F.);
#7144=ADVANCED_FACE('',(#514),#195,.F.);
#7145=ADVANCED_FACE('',(#515),#341,.F.);
#7146=ADVANCED_FACE('',(#516),#342,.F.);
#7147=ADVANCED_FACE('',(#517),#343,.F.);
#7148=ADVANCED_FACE('',(#518),#344,.F.);
#7149=ADVANCED_FACE('',(#519),#345,.F.);
#7150=ADVANCED_FACE('',(#520),#346,.F.);
#7151=ADVANCED_FACE('',(#521),#347,.F.);
#7152=ADVANCED_FACE('',(#522),#348,.F.);
#7153=ADVANCED_FACE('',(#523),#6920,.T.);
#7154=ADVANCED_FACE('',(#524),#6921,.T.);
#7155=ADVANCED_FACE('',(#525),#6922,.T.);
#7156=ADVANCED_FACE('',(#526),#6923,.T.);
#7157=ADVANCED_FACE('',(#527),#6924,.T.);
#7158=ADVANCED_FACE('',(#528),#372,.T.);
#7159=ADVANCED_FACE('',(#529),#373,.T.);
#7160=ADVANCED_FACE('',(#530),#6925,.T.);
#7161=ADVANCED_FACE('',(#531),#6926,.T.);
#7162=ADVANCED_FACE('',(#532),#6927,.T.);
#7163=ADVANCED_FACE('',(#533),#6928,.T.);
#7164=ADVANCED_FACE('',(#534),#6929,.T.);
#7165=ADVANCED_FACE('',(#535),#6930,.T.);
#7166=ADVANCED_FACE('',(#536),#365,.F.);
#7167=ADVANCED_FACE('',(#537),#6931,.T.);
#7168=ADVANCED_FACE('',(#538),#6932,.T.);
#7169=ADVANCED_FACE('',(#539),#6933,.T.);
#7170=ADVANCED_FACE('',(#540),#366,.F.);
#7171=ADVANCED_FACE('',(#541),#349,.F.);
#7172=ADVANCED_FACE('',(#542),#196,.T.);
#7173=ADVANCED_FACE('',(#543),#197,.T.);
#7174=ADVANCED_FACE('',(#544),#198,.T.);
#7175=ADVANCED_FACE('',(#545),#199,.T.);
#7176=ADVANCED_FACE('',(#546),#200,.T.);
#7177=ADVANCED_FACE('',(#547),#201,.T.);
#7178=ADVANCED_FACE('',(#548),#202,.T.);
#7179=ADVANCED_FACE('',(#549),#203,.T.);
#7180=ADVANCED_FACE('',(#550),#204,.T.);
#7181=ADVANCED_FACE('',(#551,#79),#205,.F.);
#7182=ADVANCED_FACE('',(#552),#206,.T.);
#7183=ADVANCED_FACE('',(#553),#207,.T.);
#7184=ADVANCED_FACE('',(#554),#6934,.T.);
#7185=ADVANCED_FACE('',(#555),#208,.F.);
#7186=ADVANCED_FACE('',(#556,#80,#81),#209,.T.);
#7187=ADVANCED_FACE('',(#557),#6935,.T.);
#7188=ADVANCED_FACE('',(#558),#6936,.F.);
#7189=ADVANCED_FACE('',(#559),#210,.F.);
#7190=ADVANCED_FACE('',(#560),#6937,.T.);
#7191=ADVANCED_FACE('',(#561),#56,.T.);
#7192=ADVANCED_FACE('',(#562,#82,#83),#211,.T.);
#7193=ADVANCED_FACE('',(#563),#6938,.F.);
#7194=ADVANCED_FACE('',(#564),#57,.T.);
#7195=ADVANCED_FACE('',(#565),#6939,.F.);
#7196=ADVANCED_FACE('',(#566,#84,#85),#212,.T.);
#7197=ADVANCED_FACE('',(#567,#86),#213,.T.);
#7198=ADVANCED_FACE('',(#568,#87),#214,.T.);
#7199=ADVANCED_FACE('',(#569,#88),#215,.T.);
#7200=ADVANCED_FACE('',(#570),#216,.T.);
#7201=ADVANCED_FACE('',(#571),#217,.T.);
#7202=ADVANCED_FACE('',(#572),#218,.F.);
#7203=ADVANCED_FACE('',(#573),#219,.T.);
#7204=ADVANCED_FACE('',(#574,#89),#220,.F.);
#7205=ADVANCED_FACE('',(#575),#221,.T.);
#7206=ADVANCED_FACE('',(#576),#6940,.F.);
#7207=ADVANCED_FACE('',(#577),#6941,.F.);
#7208=ADVANCED_FACE('',(#578),#222,.F.);
#7209=ADVANCED_FACE('',(#579),#223,.F.);
#7210=ADVANCED_FACE('',(#580),#224,.T.);
#7211=ADVANCED_FACE('',(#581),#225,.F.);
#7212=ADVANCED_FACE('',(#582),#6942,.T.);
#7213=ADVANCED_FACE('',(#583),#6943,.T.);
#7214=ADVANCED_FACE('',(#584),#6944,.T.);
#7215=ADVANCED_FACE('',(#585),#6945,.T.);
#7216=ADVANCED_FACE('',(#586),#6946,.T.);
#7217=ADVANCED_FACE('',(#587),#367,.T.);
#7218=ADVANCED_FACE('',(#588),#6947,.T.);
#7219=ADVANCED_FACE('',(#589),#6948,.T.);
#7220=ADVANCED_FACE('',(#590),#226,.F.);
#7221=ADVANCED_FACE('',(#591),#350,.T.);
#7222=ADVANCED_FACE('',(#592),#351,.T.);
#7223=ADVANCED_FACE('',(#593),#227,.T.);
#7224=ADVANCED_FACE('',(#594),#228,.F.);
#7225=ADVANCED_FACE('',(#595),#352,.T.);
#7226=ADVANCED_FACE('',(#596),#353,.T.);
#7227=ADVANCED_FACE('',(#597),#229,.T.);
#7228=ADVANCED_FACE('',(#598),#6949,.T.);
#7229=ADVANCED_FACE('',(#599),#230,.F.);
#7230=ADVANCED_FACE('',(#600),#231,.F.);
#7231=ADVANCED_FACE('',(#601),#232,.T.);
#7232=ADVANCED_FACE('',(#602),#233,.T.);
#7233=ADVANCED_FACE('',(#603),#234,.T.);
#7234=ADVANCED_FACE('',(#604),#235,.T.);
#7235=ADVANCED_FACE('',(#605),#236,.T.);
#7236=ADVANCED_FACE('',(#606),#237,.T.);
#7237=ADVANCED_FACE('',(#607),#238,.T.);
#7238=ADVANCED_FACE('',(#608),#239,.T.);
#7239=ADVANCED_FACE('',(#609),#240,.T.);
#7240=ADVANCED_FACE('',(#610),#241,.T.);
#7241=ADVANCED_FACE('',(#611),#242,.T.);
#7242=ADVANCED_FACE('',(#612),#243,.T.);
#7243=ADVANCED_FACE('',(#613),#244,.T.);
#7244=ADVANCED_FACE('',(#614),#245,.T.);
#7245=ADVANCED_FACE('',(#615),#246,.T.);
#7246=ADVANCED_FACE('',(#616),#247,.T.);
#7247=ADVANCED_FACE('',(#617),#248,.T.);
#7248=ADVANCED_FACE('',(#618),#249,.T.);
#7249=ADVANCED_FACE('',(#619),#250,.T.);
#7250=ADVANCED_FACE('',(#620),#251,.T.);
#7251=ADVANCED_FACE('',(#621),#252,.T.);
#7252=ADVANCED_FACE('',(#622),#253,.T.);
#7253=ADVANCED_FACE('',(#623),#254,.T.);
#7254=ADVANCED_FACE('',(#624),#255,.T.);
#7255=ADVANCED_FACE('',(#625),#256,.T.);
#7256=ADVANCED_FACE('',(#626),#257,.T.);
#7257=ADVANCED_FACE('',(#627),#258,.T.);
#7258=ADVANCED_FACE('',(#628),#259,.T.);
#7259=ADVANCED_FACE('',(#629),#260,.T.);
#7260=ADVANCED_FACE('',(#630),#261,.T.);
#7261=ADVANCED_FACE('',(#631),#262,.T.);
#7262=ADVANCED_FACE('',(#632),#6950,.F.);
#7263=ADVANCED_FACE('',(#633),#6951,.F.);
#7264=ADVANCED_FACE('',(#634),#6952,.F.);
#7265=ADVANCED_FACE('',(#635),#263,.F.);
#7266=ADVANCED_FACE('',(#636),#264,.F.);
#7267=ADVANCED_FACE('',(#637),#265,.F.);
#7268=ADVANCED_FACE('',(#638,#90,#91,#92),#266,.F.);
#7269=ADVANCED_FACE('',(#639),#6953,.F.);
#7270=ADVANCED_FACE('',(#640,#93),#267,.T.);
#7271=ADVANCED_FACE('',(#641),#6954,.F.);
#7272=ADVANCED_FACE('',(#642),#6955,.F.);
#7273=ADVANCED_FACE('',(#643,#94),#268,.T.);
#7274=ADVANCED_FACE('',(#644),#6956,.F.);
#7275=ADVANCED_FACE('',(#645),#6957,.F.);
#7276=ADVANCED_FACE('',(#646,#95),#269,.T.);
#7277=ADVANCED_FACE('',(#647),#6958,.F.);
#7278=ADVANCED_FACE('',(#648,#96),#270,.T.);
#7279=ADVANCED_FACE('',(#649,#97),#271,.T.);
#7280=ADVANCED_FACE('',(#650,#98),#272,.T.);
#7281=ADVANCED_FACE('',(#651),#273,.T.);
#7282=ADVANCED_FACE('',(#652),#274,.F.);
#7283=ADVANCED_FACE('',(#653),#275,.F.);
#7284=ADVANCED_FACE('',(#654),#276,.T.);
#7285=ADVANCED_FACE('',(#655),#277,.F.);
#7286=ADVANCED_FACE('',(#656),#278,.F.);
#7287=ADVANCED_FACE('',(#657),#279,.T.);
#7288=ADVANCED_FACE('',(#658),#280,.T.);
#7289=ADVANCED_FACE('',(#659,#99),#281,.T.);
#7290=ADVANCED_FACE('',(#660),#282,.T.);
#7291=ADVANCED_FACE('',(#661),#354,.F.);
#7292=ADVANCED_FACE('',(#662),#355,.F.);
#7293=ADVANCED_FACE('',(#663),#356,.F.);
#7294=ADVANCED_FACE('',(#664),#357,.F.);
#7295=ADVANCED_FACE('',(#665),#358,.F.);
#7296=ADVANCED_FACE('',(#666),#359,.F.);
#7297=ADVANCED_FACE('',(#667),#360,.F.);
#7298=ADVANCED_FACE('',(#668),#361,.F.);
#7299=ADVANCED_FACE('',(#669),#6959,.T.);
#7300=ADVANCED_FACE('',(#670),#6960,.T.);
#7301=ADVANCED_FACE('',(#671),#6961,.T.);
#7302=ADVANCED_FACE('',(#672),#6962,.T.);
#7303=ADVANCED_FACE('',(#673),#6963,.T.);
#7304=ADVANCED_FACE('',(#674),#6964,.T.);
#7305=ADVANCED_FACE('',(#675),#283,.F.);
#7306=ADVANCED_FACE('',(#676),#6965,.T.);
#7307=ADVANCED_FACE('',(#677),#284,.T.);
#7308=ADVANCED_FACE('',(#678),#6966,.T.);
#7309=ADVANCED_FACE('',(#679),#285,.T.);
#7310=ADVANCED_FACE('',(#680),#6967,.F.);
#7311=ADVANCED_FACE('',(#681),#286,.T.);
#7312=ADVANCED_FACE('',(#682),#6968,.F.);
#7313=ADVANCED_FACE('',(#683),#287,.T.);
#7314=ADVANCED_FACE('',(#684),#6969,.T.);
#7315=ADVANCED_FACE('',(#685,#100,#101,#102,#103),#288,.T.);
#7316=ADVANCED_FACE('',(#686),#6970,.F.);
#7317=ADVANCED_FACE('',(#687),#289,.T.);
#7318=ADVANCED_FACE('',(#688),#6971,.F.);
#7319=ADVANCED_FACE('',(#689),#290,.T.);
#7320=ADVANCED_FACE('',(#690),#6972,.F.);
#7321=ADVANCED_FACE('',(#691),#291,.T.);
#7322=ADVANCED_FACE('',(#692,#104,#105,#106,#107),#292,.F.);
#7323=ADVANCED_FACE('',(#693),#6973,.T.);
#7324=ADVANCED_FACE('',(#694),#293,.T.);
#7325=ADVANCED_FACE('',(#695),#6974,.T.);
#7326=ADVANCED_FACE('',(#696),#294,.T.);
#7327=ADVANCED_FACE('',(#697),#6975,.F.);
#7328=ADVANCED_FACE('',(#698),#295,.T.);
#7329=ADVANCED_FACE('',(#699),#6976,.F.);
#7330=ADVANCED_FACE('',(#700),#296,.T.);
#7331=ADVANCED_FACE('',(#701),#6977,.F.);
#7332=ADVANCED_FACE('',(#702),#297,.T.);
#7333=ADVANCED_FACE('',(#703),#6978,.T.);
#7334=ADVANCED_FACE('',(#704),#27,.T.);
#7335=ADVANCED_FACE('',(#705),#298,.T.);
#7336=ADVANCED_FACE('',(#706),#28,.T.);
#7337=ADVANCED_FACE('',(#707),#299,.T.);
#7338=ADVANCED_FACE('',(#708),#300,.T.);
#7339=ADVANCED_FACE('',(#709),#6979,.F.);
#7340=ADVANCED_FACE('',(#710),#301,.T.);
#7341=ADVANCED_FACE('',(#711),#6980,.F.);
#7342=ADVANCED_FACE('',(#712),#302,.T.);
#7343=ADVANCED_FACE('',(#713),#303,.T.);
#7344=ADVANCED_FACE('',(#714),#304,.T.);
#7345=ADVANCED_FACE('',(#715),#6981,.F.);
#7346=ADVANCED_FACE('',(#716),#305,.T.);
#7347=ADVANCED_FACE('',(#717),#6982,.T.);
#7348=ADVANCED_FACE('',(#718),#306,.T.);
#7349=ADVANCED_FACE('',(#719),#307,.T.);
#7350=ADVANCED_FACE('',(#720),#308,.T.);
#7351=ADVANCED_FACE('',(#721),#368,.F.);
#7352=ADVANCED_FACE('',(#722),#309,.T.);
#7353=ADVANCED_FACE('',(#723),#6983,.T.);
#7354=ADVANCED_FACE('',(#724),#310,.T.);
#7355=ADVANCED_FACE('',(#725),#6984,.F.);
#7356=ADVANCED_FACE('',(#726),#6985,.T.);
#7357=ADVANCED_FACE('',(#727),#311,.T.);
#7358=ADVANCED_FACE('',(#728),#6986,.T.);
#7359=ADVANCED_FACE('',(#729),#312,.T.);
#7360=ADVANCED_FACE('',(#730),#313,.T.);
#7361=ADVANCED_FACE('',(#731),#314,.T.);
#7362=ADVANCED_FACE('',(#732),#315,.T.);
#7363=ADVANCED_FACE('',(#733),#316,.T.);
#7364=ADVANCED_FACE('',(#734),#6987,.T.);
#7365=ADVANCED_FACE('',(#735),#317,.T.);
#7366=ADVANCED_FACE('',(#736),#6988,.F.);
#7367=ADVANCED_FACE('',(#737),#6989,.F.);
#7368=ADVANCED_FACE('',(#738),#318,.T.);
#7369=ADVANCED_FACE('',(#739),#319,.T.);
#7370=ADVANCED_FACE('',(#740),#6990,.F.);
#7371=ADVANCED_FACE('',(#741),#6991,.F.);
#7372=ADVANCED_FACE('',(#742),#29,.T.);
#7373=ADVANCED_FACE('',(#743),#30,.T.);
#7374=ADVANCED_FACE('',(#744),#6992,.F.);
#7375=ADVANCED_FACE('',(#745),#6993,.T.);
#7376=ADVANCED_FACE('',(#746),#320,.F.);
#7377=ADVANCED_FACE('',(#747),#321,.F.);
#7378=ADVANCED_FACE('',(#748),#369,.T.);
#7379=ADVANCED_FACE('',(#749),#322,.F.);
#7380=ADVANCED_FACE('',(#750),#6994,.F.);
#7381=ADVANCED_FACE('',(#751),#323,.F.);
#7382=ADVANCED_FACE('',(#752),#6995,.T.);
#7383=ADVANCED_FACE('',(#753),#324,.T.);
#7384=ADVANCED_FACE('',(#754),#325,.T.);
#7385=ADVANCED_FACE('',(#755),#326,.T.);
#7386=ADVANCED_FACE('',(#756),#6996,.F.);
#7387=ADVANCED_FACE('',(#757),#327,.F.);
#7388=ADVANCED_FACE('',(#758),#6997,.F.);
#7389=ADVANCED_FACE('',(#759),#328,.F.);
#7390=ADVANCED_FACE('',(#760),#6998,.T.);
#7391=ADVANCED_FACE('',(#761),#6999,.T.);
#7392=ADVANCED_FACE('',(#762),#329,.F.);
#7393=ADVANCED_FACE('',(#763),#330,.F.);
#7394=ADVANCED_FACE('',(#764),#7000,.F.);
#7395=ADVANCED_FACE('',(#765),#331,.F.);
#7396=ADVANCED_FACE('',(#766),#7001,.F.);
#7397=ADVANCED_FACE('',(#767),#332,.F.);
#7398=ADVANCED_FACE('',(#768),#7002,.T.);
#7399=ADVANCED_FACE('',(#769),#7003,.T.);
#7400=ADVANCED_FACE('',(#770),#333,.F.);
#7401=ADVANCED_FACE('',(#771),#334,.F.);
#7402=ADVANCED_FACE('',(#772),#335,.F.);
#7403=ADVANCED_FACE('',(#773),#31,.T.);
#7404=ADVANCED_FACE('',(#774),#32,.T.);
#7405=ADVANCED_FACE('',(#775),#33,.T.);
#7406=ADVANCED_FACE('',(#776),#34,.T.);
#7407=ADVANCED_FACE('',(#777),#35,.T.);
#7408=ADVANCED_FACE('',(#778),#36,.T.);
#7409=CLOSED_SHELL('',(#7004,#7005,#7006,#7007,#7008,#7009,#7010,#7011,
#7012,#7013,#7014,#7015,#7016,#7017,#7018,#7019,#7020,#7021,#7022,#7023,
#7024,#7025,#7026,#7027,#7028,#7029,#7030,#7031,#7032,#7033,#7034,#7035,
#7036,#7037,#7038,#7039,#7040,#7041,#7042,#7043,#7044,#7045,#7046,#7047,
#7048,#7049,#7050,#7051,#7052,#7053,#7054,#7055,#7056,#7057,#7058,#7059,
#7060,#7061,#7062,#7063,#7064,#7065,#7066,#7067,#7068,#7069,#7070,#7071,
#7072,#7073,#7074,#7075,#7076,#7077,#7078,#7079,#7080,#7081,#7082,#7083,
#7084,#7085,#7086,#7087,#7088,#7089,#7090,#7091,#7092,#7093,#7094,#7095,
#7096,#7097,#7098,#7099,#7100,#7101,#7102,#7103,#7104,#7105,#7106,#7107,
#7108,#7109,#7110,#7111,#7112,#7113,#7114,#7115,#7116,#7117,#7118,#7119,
#7120,#7121,#7122,#7123,#7124,#7125,#7126,#7127,#7128,#7129,#7130,#7131,
#7132,#7133,#7134,#7135,#7136,#7137,#7138,#7139,#7140,#7141,#7142,#7143,
#7144,#7145,#7146,#7147,#7148,#7149,#7150,#7151,#7152,#7153,#7154));
#7410=CLOSED_SHELL('',(#7155,#7156,#7157,#7158,#7159,#7160,#7161,#7162,
#7163,#7164,#7165,#7166,#7167,#7168,#7169,#7170,#7171,#7172,#7173,#7174,
#7175,#7176,#7177,#7178,#7179,#7180,#7181,#7182,#7183,#7184,#7185,#7186,
#7187,#7188,#7189,#7190,#7191,#7192,#7193,#7194,#7195,#7196,#7197,#7198,
#7199,#7200,#7201,#7202,#7203,#7204,#7205,#7206,#7207,#7208,#7209,#7210,
#7211,#7212,#7213,#7214,#7215,#7216,#7217,#7218,#7219,#7220,#7221,#7222,
#7223,#7224,#7225,#7226,#7227,#7228,#7229,#7230,#7231,#7232,#7233,#7234,
#7235,#7236,#7237,#7238,#7239,#7240,#7241,#7242,#7243,#7244,#7245,#7246,
#7247,#7248,#7249,#7250,#7251,#7252,#7253,#7254,#7255,#7256,#7257,#7258,
#7259,#7260,#7261,#7262,#7263,#7264,#7265,#7266,#7267,#7268,#7269,#7270,
#7271,#7272,#7273,#7274,#7275,#7276,#7277,#7278,#7279,#7280,#7281,#7282,
#7283,#7284,#7285,#7286,#7287,#7288,#7289,#7290,#7291,#7292,#7293,#7294,
#7295,#7296,#7297,#7298,#7299,#7300,#7301,#7302,#7303,#7304,#7305));
#7411=CLOSED_SHELL('',(#7306,#7307,#7308,#7309,#7310,#7311,#7312,#7313,
#7314,#7315,#7316,#7317,#7318,#7319,#7320,#7321,#7322,#7323,#7324,#7325,
#7326,#7327,#7328,#7329,#7330,#7331,#7332,#7333,#7334,#7335,#7336,#7337,
#7338,#7339,#7340,#7341,#7342,#7343,#7344,#7345,#7346,#7347,#7348,#7349,
#7350,#7351,#7352,#7353,#7354,#7355,#7356,#7357,#7358,#7359,#7360,#7361,
#7362,#7363,#7364,#7365,#7366,#7367,#7368,#7369,#7370,#7371,#7372,#7373,
#7374));
#7412=CLOSED_SHELL('',(#7375,#7376,#7377,#7378,#7379,#7380,#7381,#7382,
#7383,#7384,#7385,#7386,#7387,#7388,#7389,#7390,#7391,#7392,#7393,#7394,
#7395,#7396,#7397,#7398,#7399,#7400,#7401,#7402,#7403,#7404,#7405,#7406,
#7407,#7408));
#7413=DERIVED_UNIT_ELEMENT(#7419,1.);
#7414=DERIVED_UNIT_ELEMENT(#13431,-3.);
#7415=DERIVED_UNIT_ELEMENT(#7419,1.);
#7416=DERIVED_UNIT_ELEMENT(#13431,-3.);
#7417=DERIVED_UNIT_ELEMENT(#7419,1.);
#7418=DERIVED_UNIT_ELEMENT(#13431,-3.);
#7419=(
MASS_UNIT()
NAMED_UNIT(*)
SI_UNIT(.KILO.,.GRAM.)
);
#7420=DERIVED_UNIT((#7413,#7414));
#7421=DERIVED_UNIT((#7415,#7416));
#7422=DERIVED_UNIT((#7417,#7418));
#7423=MEASURE_REPRESENTATION_ITEM('density measure',
POSITIVE_RATIO_MEASURE(7850.),#7420);
#7424=MEASURE_REPRESENTATION_ITEM('density measure',
POSITIVE_RATIO_MEASURE(7850.),#7421);
#7425=MEASURE_REPRESENTATION_ITEM('density measure',
POSITIVE_RATIO_MEASURE(7850.),#7422);
#7426=PROPERTY_DEFINITION_REPRESENTATION(#7441,#7432);
#7427=PROPERTY_DEFINITION_REPRESENTATION(#7442,#7433);
#7428=PROPERTY_DEFINITION_REPRESENTATION(#7443,#7434);
#7429=PROPERTY_DEFINITION_REPRESENTATION(#7444,#7435);
#7430=PROPERTY_DEFINITION_REPRESENTATION(#7445,#7436);
#7431=PROPERTY_DEFINITION_REPRESENTATION(#7446,#7437);
#7432=REPRESENTATION('material name',(#7438),#13426);
#7433=REPRESENTATION('density',(#7423),#13426);
#7434=REPRESENTATION('material name',(#7439),#13427);
#7435=REPRESENTATION('density',(#7424),#13427);
#7436=REPRESENTATION('material name',(#7440),#13428);
#7437=REPRESENTATION('density',(#7425),#13428);
#7438=DESCRIPTIVE_REPRESENTATION_ITEM('Steel','Steel');
#7439=DESCRIPTIVE_REPRESENTATION_ITEM('Steel','Steel');
#7440=DESCRIPTIVE_REPRESENTATION_ITEM('Steel','Steel');
#7441=PROPERTY_DEFINITION('material property','material name',#13452);
#7442=PROPERTY_DEFINITION('material property','density of part',#13452);
#7443=PROPERTY_DEFINITION('material property','material name',#13453);
#7444=PROPERTY_DEFINITION('material property','density of part',#13453);
#7445=PROPERTY_DEFINITION('material property','material name',#13454);
#7446=PROPERTY_DEFINITION('material property','density of part',#13454);
#7447=AXIS2_PLACEMENT_3D('',#10275,#8160,#8161);
#7448=AXIS2_PLACEMENT_3D('',#10276,#8162,#8163);
#7449=AXIS2_PLACEMENT_3D('',#10277,#8164,#8165);
#7450=AXIS2_PLACEMENT_3D('',#10280,#8166,#8167);
#7451=AXIS2_PLACEMENT_3D('',#10284,#8169,#8170);
#7452=AXIS2_PLACEMENT_3D('',#10295,#8172,#8173);
#7453=AXIS2_PLACEMENT_3D('',#10311,#8174,#8175);
#7454=AXIS2_PLACEMENT_3D('',#10313,#8177,#8178);
#7455=AXIS2_PLACEMENT_3D('',#10318,#8180,#8181);
#7456=AXIS2_PLACEMENT_3D('',#10321,#8183,#8184);
#7457=AXIS2_PLACEMENT_3D('',#10322,#8185,#8186);
#7458=AXIS2_PLACEMENT_3D('',#10325,#8187,#8188);
#7459=AXIS2_PLACEMENT_3D('',#10327,#8189,#8190);
#7460=AXIS2_PLACEMENT_3D('',#10328,#8191,#8192);
#7461=AXIS2_PLACEMENT_3D('',#10329,#8193,#8194);
#7462=AXIS2_PLACEMENT_3D('',#10332,#8195,#8196);
#7463=AXIS2_PLACEMENT_3D('',#10334,#8197,#8198);
#7464=AXIS2_PLACEMENT_3D('',#10335,#8199,#8200);
#7465=AXIS2_PLACEMENT_3D('',#10336,#8201,#8202);
#7466=AXIS2_PLACEMENT_3D('',#10351,#8205,#8206);
#7467=AXIS2_PLACEMENT_3D('',#10364,#8208,#8209);
#7468=AXIS2_PLACEMENT_3D('',#10368,#8212,#8213);
#7469=AXIS2_PLACEMENT_3D('',#10369,#8214,#8215);
#7470=AXIS2_PLACEMENT_3D('',#10372,#8218,#8219);
#7471=AXIS2_PLACEMENT_3D('',#10375,#8220,#8221);
#7472=AXIS2_PLACEMENT_3D('',#10379,#8224,#8225);
#7473=AXIS2_PLACEMENT_3D('',#10380,#8226,#8227);
#7474=AXIS2_PLACEMENT_3D('',#10383,#8228,#8229);
#7475=AXIS2_PLACEMENT_3D('',#10387,#8231,#8232);
#7476=AXIS2_PLACEMENT_3D('',#10392,#8235,#8236);
#7477=AXIS2_PLACEMENT_3D('',#10394,#8238,#8239);
#7478=AXIS2_PLACEMENT_3D('',#10407,#8241,#8242);
#7479=AXIS2_PLACEMENT_3D('',#10435,#8243,#8244);
#7480=AXIS2_PLACEMENT_3D('',#10436,#8245,#8246);
#7481=AXIS2_PLACEMENT_3D('',#10441,#8248,#8249);
#7482=AXIS2_PLACEMENT_3D('',#10443,#8251,#8252);
#7483=AXIS2_PLACEMENT_3D('',#10444,#8253,#8254);
#7484=AXIS2_PLACEMENT_3D('',#10458,#8256,#8257);
#7485=AXIS2_PLACEMENT_3D('',#10461,#8259,#8260);
#7486=AXIS2_PLACEMENT_3D('',#10462,#8261,#8262);
#7487=AXIS2_PLACEMENT_3D('',#10464,#8263,#8264);
#7488=AXIS2_PLACEMENT_3D('',#10468,#8266,#8267);
#7489=AXIS2_PLACEMENT_3D('',#10469,#8268,#8269);
#7490=AXIS2_PLACEMENT_3D('',#10487,#8270,#8271);
#7491=AXIS2_PLACEMENT_3D('',#10492,#8272,#8273);
#7492=AXIS2_PLACEMENT_3D('',#10495,#8274,#8275);
#7493=AXIS2_PLACEMENT_3D('',#10497,#8277,#8278);
#7494=AXIS2_PLACEMENT_3D('',#10498,#8279,#8280);
#7495=AXIS2_PLACEMENT_3D('',#10499,#8281,#8282);
#7496=AXIS2_PLACEMENT_3D('',#10503,#8284,#8285);
#7497=AXIS2_PLACEMENT_3D('',#10511,#8289,#8290);
#7498=AXIS2_PLACEMENT_3D('',#10515,#8293,#8294);
#7499=AXIS2_PLACEMENT_3D('',#10517,#8295,#8296);
#7500=AXIS2_PLACEMENT_3D('',#10526,#8301,#8302);
#7501=AXIS2_PLACEMENT_3D('',#10532,#8306,#8307);
#7502=AXIS2_PLACEMENT_3D('',#10535,#8309,#8310);
#7503=AXIS2_PLACEMENT_3D('',#10536,#8311,#8312);
#7504=AXIS2_PLACEMENT_3D('',#10540,#8315,#8316);
#7505=AXIS2_PLACEMENT_3D('',#10543,#8318,#8319);
#7506=AXIS2_PLACEMENT_3D('',#10544,#8320,#8321);
#7507=AXIS2_PLACEMENT_3D('',#10552,#8326,#8327);
#7508=AXIS2_PLACEMENT_3D('',#10555,#8329,#8330);
#7509=AXIS2_PLACEMENT_3D('',#10556,#8331,#8332);
#7510=AXIS2_PLACEMENT_3D('',#10560,#8335,#8336);
#7511=AXIS2_PLACEMENT_3D('',#10563,#8338,#8339);
#7512=AXIS2_PLACEMENT_3D('',#10564,#8340,#8341);
#7513=AXIS2_PLACEMENT_3D('',#10572,#8345,#8346);
#7514=AXIS2_PLACEMENT_3D('',#10574,#8347,#8348);
#7515=AXIS2_PLACEMENT_3D('',#10576,#8349,#8350);
#7516=AXIS2_PLACEMENT_3D('',#10578,#8352,#8353);
#7517=AXIS2_PLACEMENT_3D('',#10586,#8358,#8359);
#7518=AXIS2_PLACEMENT_3D('',#10590,#8362,#8363);
#7519=AXIS2_PLACEMENT_3D('',#10592,#8365,#8366);
#7520=AXIS2_PLACEMENT_3D('',#10601,#8370,#8371);
#7521=AXIS2_PLACEMENT_3D('',#10605,#8373,#8374);
#7522=AXIS2_PLACEMENT_3D('',#10609,#8377,#8378);
#7523=AXIS2_PLACEMENT_3D('',#10611,#8379,#8380);
#7524=AXIS2_PLACEMENT_3D('',#10614,#8382,#8383);
#7525=AXIS2_PLACEMENT_3D('',#10615,#8384,#8385);
#7526=AXIS2_PLACEMENT_3D('',#10621,#8390,#8391);
#7527=AXIS2_PLACEMENT_3D('',#10626,#8394,#8395);
#7528=AXIS2_PLACEMENT_3D('',#10627,#8396,#8397);
#7529=AXIS2_PLACEMENT_3D('',#10631,#8399,#8400);
#7530=AXIS2_PLACEMENT_3D('',#10638,#8404,#8405);
#7531=AXIS2_PLACEMENT_3D('',#10665,#8420,#8421);
#7532=AXIS2_PLACEMENT_3D('',#10666,#8422,#8423);
#7533=AXIS2_PLACEMENT_3D('',#10670,#8425,#8426);
#7534=AXIS2_PLACEMENT_3D('',#10672,#8428,#8429);
#7535=AXIS2_PLACEMENT_3D('',#10675,#8431,#8432);
#7536=AXIS2_PLACEMENT_3D('',#10676,#8433,#8434);
#7537=AXIS2_PLACEMENT_3D('',#10679,#8436,#8437);
#7538=AXIS2_PLACEMENT_3D('',#10680,#8438,#8439);
#7539=AXIS2_PLACEMENT_3D('',#10682,#8440,#8441);
#7540=AXIS2_PLACEMENT_3D('',#10684,#8442,#8443);
#7541=AXIS2_PLACEMENT_3D('',#10685,#8444,#8445);
#7542=AXIS2_PLACEMENT_3D('',#10686,#8446,#8447);
#7543=AXIS2_PLACEMENT_3D('',#10694,#8452,#8453);
#7544=AXIS2_PLACEMENT_3D('',#10695,#8454,#8455);
#7545=AXIS2_PLACEMENT_3D('',#10698,#8457,#8458);
#7546=AXIS2_PLACEMENT_3D('',#10699,#8459,#8460);
#7547=AXIS2_PLACEMENT_3D('',#10701,#8461,#8462);
#7548=AXIS2_PLACEMENT_3D('',#10703,#8463,#8464);
#7549=AXIS2_PLACEMENT_3D('',#10704,#8465,#8466);
#7550=AXIS2_PLACEMENT_3D('',#10705,#8467,#8468);
#7551=AXIS2_PLACEMENT_3D('',#10708,#8470,#8471);
#7552=AXIS2_PLACEMENT_3D('',#10709,#8472,#8473);
#7553=AXIS2_PLACEMENT_3D('',#10711,#8474,#8475);
#7554=AXIS2_PLACEMENT_3D('',#10713,#8476,#8477);
#7555=AXIS2_PLACEMENT_3D('',#10714,#8478,#8479);
#7556=AXIS2_PLACEMENT_3D('',#10716,#8480,#8481);
#7557=AXIS2_PLACEMENT_3D('',#10717,#8482,#8483);
#7558=AXIS2_PLACEMENT_3D('',#10719,#8484,#8485);
#7559=AXIS2_PLACEMENT_3D('',#10720,#8486,#8487);
#7560=AXIS2_PLACEMENT_3D('',#10722,#8488,#8489);
#7561=AXIS2_PLACEMENT_3D('',#10725,#8491,#8492);
#7562=AXIS2_PLACEMENT_3D('',#10726,#8493,#8494);
#7563=AXIS2_PLACEMENT_3D('',#10735,#8499,#8500);
#7564=AXIS2_PLACEMENT_3D('',#10744,#8505,#8506);
#7565=AXIS2_PLACEMENT_3D('',#10753,#8511,#8512);
#7566=AXIS2_PLACEMENT_3D('',#10758,#8514,#8515);
#7567=AXIS2_PLACEMENT_3D('',#10765,#8519,#8520);
#7568=AXIS2_PLACEMENT_3D('',#10766,#8521,#8522);
#7569=AXIS2_PLACEMENT_3D('',#10768,#8523,#8524);
#7570=AXIS2_PLACEMENT_3D('',#10769,#8525,#8526);
#7571=AXIS2_PLACEMENT_3D('',#10771,#8527,#8528);
#7572=AXIS2_PLACEMENT_3D('',#10772,#8529,#8530);
#7573=AXIS2_PLACEMENT_3D('',#10776,#8532,#8533);
#7574=AXIS2_PLACEMENT_3D('',#10780,#8536,#8537);
#7575=AXIS2_PLACEMENT_3D('',#10782,#8538,#8539);
#7576=AXIS2_PLACEMENT_3D('',#10784,#8541,#8542);
#7577=AXIS2_PLACEMENT_3D('',#10788,#8545,#8546);
#7578=AXIS2_PLACEMENT_3D('',#10790,#8548,#8549);
#7579=AXIS2_PLACEMENT_3D('',#10792,#8551,#8552);
#7580=AXIS2_PLACEMENT_3D('',#10798,#8556,#8557);
#7581=AXIS2_PLACEMENT_3D('',#10801,#8558,#8559);
#7582=AXIS2_PLACEMENT_3D('',#10805,#8561,#8562);
#7583=AXIS2_PLACEMENT_3D('',#10809,#8564,#8565);
#7584=AXIS2_PLACEMENT_3D('',#10813,#8567,#8568);
#7585=AXIS2_PLACEMENT_3D('',#10815,#8570,#8571);
#7586=AXIS2_PLACEMENT_3D('',#10816,#8572,#8573);
#7587=AXIS2_PLACEMENT_3D('',#10817,#8574,#8575);
#7588=AXIS2_PLACEMENT_3D('',#10818,#8576,#8577);
#7589=AXIS2_PLACEMENT_3D('',#10819,#8578,#8579);
#7590=AXIS2_PLACEMENT_3D('',#10820,#8580,#8581);
#7591=AXIS2_PLACEMENT_3D('',#10821,#8582,#8583);
#7592=AXIS2_PLACEMENT_3D('',#10825,#8585,#8586);
#7593=AXIS2_PLACEMENT_3D('',#10832,#8587,#8588);
#7594=AXIS2_PLACEMENT_3D('',#10833,#8589,#8590);
#7595=AXIS2_PLACEMENT_3D('',#10834,#8591,#8592);
#7596=AXIS2_PLACEMENT_3D('',#10835,#8593,#8594);
#7597=AXIS2_PLACEMENT_3D('',#10836,#8595,#8596);
#7598=AXIS2_PLACEMENT_3D('',#10837,#8597,#8598);
#7599=AXIS2_PLACEMENT_3D('',#10838,#8599,#8600);
#7600=AXIS2_PLACEMENT_3D('',#10839,#8601,#8602);
#7601=AXIS2_PLACEMENT_3D('',#10855,#8603,#8604);
#7602=AXIS2_PLACEMENT_3D('',#10856,#8605,#8606);
#7603=AXIS2_PLACEMENT_3D('',#10857,#8607,#8608);
#7604=AXIS2_PLACEMENT_3D('',#10858,#8609,#8610);
#7605=AXIS2_PLACEMENT_3D('',#10860,#8612,#8613);
#7606=AXIS2_PLACEMENT_3D('',#10863,#8616,#8617);
#7607=AXIS2_PLACEMENT_3D('',#10865,#8619,#8620);
#7608=AXIS2_PLACEMENT_3D('',#10867,#8622,#8623);
#7609=AXIS2_PLACEMENT_3D('',#10869,#8625,#8626);
#7610=AXIS2_PLACEMENT_3D('',#10871,#8628,#8629);
#7611=AXIS2_PLACEMENT_3D('',#10873,#8631,#8632);
#7612=AXIS2_PLACEMENT_3D('',#10875,#8634,#8635);
#7613=AXIS2_PLACEMENT_3D('',#10876,#8636,#8637);
#7614=AXIS2_PLACEMENT_3D('',#10878,#8639,#8640);
#7615=AXIS2_PLACEMENT_3D('',#10880,#8642,#8643);
#7616=AXIS2_PLACEMENT_3D('',#10882,#8645,#8646);
#7617=AXIS2_PLACEMENT_3D('',#10887,#8650,#8651);
#7618=AXIS2_PLACEMENT_3D('',#10893,#8655,#8656);
#7619=AXIS2_PLACEMENT_3D('',#10899,#8660,#8661);
#7620=AXIS2_PLACEMENT_3D('',#10901,#8663,#8664);
#7621=AXIS2_PLACEMENT_3D('',#10905,#8667,#8668);
#7622=AXIS2_PLACEMENT_3D('',#10909,#8671,#8672);
#7623=AXIS2_PLACEMENT_3D('',#10911,#8674,#8675);
#7624=AXIS2_PLACEMENT_3D('',#10917,#8679,#8680);
#7625=AXIS2_PLACEMENT_3D('',#10921,#8683,#8684);
#7626=AXIS2_PLACEMENT_3D('',#10925,#8687,#8688);
#7627=AXIS2_PLACEMENT_3D('',#10929,#8691,#8692);
#7628=AXIS2_PLACEMENT_3D('',#10933,#8695,#8696);
#7629=AXIS2_PLACEMENT_3D('',#10937,#8699,#8700);
#7630=AXIS2_PLACEMENT_3D('',#10941,#8703,#8704);
#7631=AXIS2_PLACEMENT_3D('',#10943,#8706,#8707);
#7632=AXIS2_PLACEMENT_3D('',#10949,#8711,#8712);
#7633=AXIS2_PLACEMENT_3D('',#10953,#8715,#8716);
#7634=AXIS2_PLACEMENT_3D('',#10957,#8719,#8720);
#7635=AXIS2_PLACEMENT_3D('',#10963,#8724,#8725);
#7636=AXIS2_PLACEMENT_3D('',#10967,#8728,#8729);
#7637=AXIS2_PLACEMENT_3D('',#10971,#8732,#8733);
#7638=AXIS2_PLACEMENT_3D('',#10975,#8736,#8737);
#7639=AXIS2_PLACEMENT_3D('',#10979,#8740,#8741);
#7640=AXIS2_PLACEMENT_3D('',#10981,#8743,#8744);
#7641=AXIS2_PLACEMENT_3D('',#10987,#8748,#8749);
#7642=AXIS2_PLACEMENT_3D('',#10991,#8752,#8753);
#7643=AXIS2_PLACEMENT_3D('',#10995,#8756,#8757);
#7644=AXIS2_PLACEMENT_3D('',#10999,#8760,#8761);
#7645=AXIS2_PLACEMENT_3D('',#11003,#8764,#8765);
#7646=AXIS2_PLACEMENT_3D('',#11005,#8767,#8768);
#7647=AXIS2_PLACEMENT_3D('',#11009,#8771,#8772);
#7648=AXIS2_PLACEMENT_3D('',#11013,#8775,#8776);
#7649=AXIS2_PLACEMENT_3D('',#11015,#8778,#8779);
#7650=AXIS2_PLACEMENT_3D('',#11019,#8782,#8783);
#7651=AXIS2_PLACEMENT_3D('',#11023,#8786,#8787);
#7652=AXIS2_PLACEMENT_3D('',#11025,#8789,#8790);
#7653=AXIS2_PLACEMENT_3D('',#11028,#8792,#8793);
#7654=AXIS2_PLACEMENT_3D('',#11029,#8794,#8795);
#7655=AXIS2_PLACEMENT_3D('',#11032,#8797,#8798);
#7656=AXIS2_PLACEMENT_3D('',#11033,#8799,#8800);
#7657=AXIS2_PLACEMENT_3D('',#11036,#8802,#8803);
#7658=AXIS2_PLACEMENT_3D('',#11037,#8804,#8805);
#7659=AXIS2_PLACEMENT_3D('',#11038,#8806,#8807);
#7660=AXIS2_PLACEMENT_3D('',#11040,#8808,#8809);
#7661=AXIS2_PLACEMENT_3D('',#11042,#8810,#8811);
#7662=AXIS2_PLACEMENT_3D('',#11044,#8812,#8813);
#7663=AXIS2_PLACEMENT_3D('',#11045,#8814,#8815);
#7664=AXIS2_PLACEMENT_3D('',#11048,#8816,#8817);
#7665=AXIS2_PLACEMENT_3D('',#11050,#8819,#8820);
#7666=AXIS2_PLACEMENT_3D('',#11051,#8821,#8822);
#7667=AXIS2_PLACEMENT_3D('',#11053,#8823,#8824);
#7668=AXIS2_PLACEMENT_3D('',#11055,#8825,#8826);
#7669=AXIS2_PLACEMENT_3D('',#11056,#8827,#8828);
#7670=AXIS2_PLACEMENT_3D('',#11059,#8829,#8830);
#7671=AXIS2_PLACEMENT_3D('',#11061,#8832,#8833);
#7672=AXIS2_PLACEMENT_3D('',#11062,#8834,#8835);
#7673=AXIS2_PLACEMENT_3D('',#11065,#8836,#8837);
#7674=AXIS2_PLACEMENT_3D('',#11067,#8839,#8840);
#7675=AXIS2_PLACEMENT_3D('',#11068,#8841,#8842);
#7676=AXIS2_PLACEMENT_3D('',#11070,#8843,#8844);
#7677=AXIS2_PLACEMENT_3D('',#11072,#8845,#8846);
#7678=AXIS2_PLACEMENT_3D('',#11073,#8847,#8848);
#7679=AXIS2_PLACEMENT_3D('',#11076,#8849,#8850);
#7680=AXIS2_PLACEMENT_3D('',#11078,#8852,#8853);
#7681=AXIS2_PLACEMENT_3D('',#11079,#8854,#8855);
#7682=AXIS2_PLACEMENT_3D('',#11082,#8856,#8857);
#7683=AXIS2_PLACEMENT_3D('',#11084,#8859,#8860);
#7684=AXIS2_PLACEMENT_3D('',#11085,#8861,#8862);
#7685=AXIS2_PLACEMENT_3D('',#11087,#8863,#8864);
#7686=AXIS2_PLACEMENT_3D('',#11089,#8865,#8866);
#7687=AXIS2_PLACEMENT_3D('',#11090,#8867,#8868);
#7688=AXIS2_PLACEMENT_3D('',#11092,#8870,#8871);
#7689=AXIS2_PLACEMENT_3D('',#11094,#8872,#8873);
#7690=AXIS2_PLACEMENT_3D('',#11095,#8874,#8875);
#7691=AXIS2_PLACEMENT_3D('',#11097,#8876,#8877);
#7692=AXIS2_PLACEMENT_3D('',#11098,#8878,#8879);
#7693=AXIS2_PLACEMENT_3D('',#11100,#8880,#8881);
#7694=AXIS2_PLACEMENT_3D('',#11101,#8882,#8883);
#7695=AXIS2_PLACEMENT_3D('',#11107,#8887,#8888);
#7696=AXIS2_PLACEMENT_3D('',#11111,#8891,#8892);
#7697=AXIS2_PLACEMENT_3D('',#11115,#8895,#8896);
#7698=AXIS2_PLACEMENT_3D('',#11124,#8901,#8902);
#7699=AXIS2_PLACEMENT_3D('',#11130,#8906,#8907);
#7700=AXIS2_PLACEMENT_3D('',#11136,#8911,#8912);
#7701=AXIS2_PLACEMENT_3D('',#11139,#8915,#8916);
#7702=AXIS2_PLACEMENT_3D('',#11141,#8918,#8919);
#7703=AXIS2_PLACEMENT_3D('',#11142,#8920,#8921);
#7704=AXIS2_PLACEMENT_3D('',#11143,#8922,#8923);
#7705=AXIS2_PLACEMENT_3D('',#11145,#8925,#8926);
#7706=AXIS2_PLACEMENT_3D('',#11147,#8928,#8929);
#7707=AXIS2_PLACEMENT_3D('',#11149,#8931,#8932);
#7708=AXIS2_PLACEMENT_3D('',#11151,#8934,#8935);
#7709=AXIS2_PLACEMENT_3D('',#11153,#8937,#8938);
#7710=AXIS2_PLACEMENT_3D('',#11155,#8940,#8941);
#7711=AXIS2_PLACEMENT_3D('',#11157,#8943,#8944);
#7712=AXIS2_PLACEMENT_3D('',#11159,#8946,#8947);
#7713=AXIS2_PLACEMENT_3D('',#11160,#8948,#8949);
#7714=AXIS2_PLACEMENT_3D('',#11161,#8950,#8951);
#7715=AXIS2_PLACEMENT_3D('',#11162,#8952,#8953);
#7716=AXIS2_PLACEMENT_3D('',#11176,#8955,#8956);
#7717=AXIS2_PLACEMENT_3D('',#11179,#8958,#8959);
#7718=AXIS2_PLACEMENT_3D('',#11180,#8960,#8961);
#7719=AXIS2_PLACEMENT_3D('',#11197,#8963,#8964);
#7720=AXIS2_PLACEMENT_3D('',#11198,#8965,#8966);
#7721=AXIS2_PLACEMENT_3D('',#11203,#8968,#8969);
#7722=AXIS2_PLACEMENT_3D('',#11206,#8971,#8972);
#7723=AXIS2_PLACEMENT_3D('',#11207,#8973,#8974);
#7724=AXIS2_PLACEMENT_3D('',#11210,#8975,#8976);
#7725=AXIS2_PLACEMENT_3D('',#11212,#8977,#8978);
#7726=AXIS2_PLACEMENT_3D('',#11213,#8979,#8980);
#7727=AXIS2_PLACEMENT_3D('',#11214,#8981,#8982);
#7728=AXIS2_PLACEMENT_3D('',#11217,#8983,#8984);
#7729=AXIS2_PLACEMENT_3D('',#11219,#8985,#8986);
#7730=AXIS2_PLACEMENT_3D('',#11220,#8987,#8988);
#7731=AXIS2_PLACEMENT_3D('',#11221,#8989,#8990);
#7732=AXIS2_PLACEMENT_3D('',#11224,#8991,#8992);
#7733=AXIS2_PLACEMENT_3D('',#11228,#8995,#8996);
#7734=AXIS2_PLACEMENT_3D('',#11229,#8997,#8998);
#7735=AXIS2_PLACEMENT_3D('',#11243,#9000,#9001);
#7736=AXIS2_PLACEMENT_3D('',#11255,#9004,#9005);
#7737=AXIS2_PLACEMENT_3D('',#11258,#9008,#9009);
#7738=AXIS2_PLACEMENT_3D('',#11261,#9010,#9011);
#7739=AXIS2_PLACEMENT_3D('',#11266,#9014,#9015);
#7740=AXIS2_PLACEMENT_3D('',#11270,#9017,#9018);
#7741=AXIS2_PLACEMENT_3D('',#11272,#9020,#9021);
#7742=AXIS2_PLACEMENT_3D('',#11276,#9024,#9025);
#7743=AXIS2_PLACEMENT_3D('',#11277,#9026,#9027);
#7744=AXIS2_PLACEMENT_3D('',#11285,#9028,#9029);
#7745=AXIS2_PLACEMENT_3D('',#11316,#9031,#9032);
#7746=AXIS2_PLACEMENT_3D('',#11317,#9033,#9034);
#7747=AXIS2_PLACEMENT_3D('',#11319,#9035,#9036);
#7748=AXIS2_PLACEMENT_3D('',#11323,#9038,#9039);
#7749=AXIS2_PLACEMENT_3D('',#11325,#9041,#9042);
#7750=AXIS2_PLACEMENT_3D('',#11328,#9043,#9044);
#7751=AXIS2_PLACEMENT_3D('',#11332,#9046,#9047);
#7752=AXIS2_PLACEMENT_3D('',#11343,#9049,#9050);
#7753=AXIS2_PLACEMENT_3D('',#11346,#9051,#9052);
#7754=AXIS2_PLACEMENT_3D('',#11348,#9053,#9054);
#7755=AXIS2_PLACEMENT_3D('',#11350,#9056,#9057);
#7756=AXIS2_PLACEMENT_3D('',#11365,#9058,#9059);
#7757=AXIS2_PLACEMENT_3D('',#11372,#9060,#9061);
#7758=AXIS2_PLACEMENT_3D('',#11375,#9062,#9063);
#7759=AXIS2_PLACEMENT_3D('',#11376,#9064,#9065);
#7760=AXIS2_PLACEMENT_3D('',#11378,#9067,#9068);
#7761=AXIS2_PLACEMENT_3D('',#11379,#9069,#9070);
#7762=AXIS2_PLACEMENT_3D('',#11389,#9075,#9076);
#7763=AXIS2_PLACEMENT_3D('',#11393,#9079,#9080);
#7764=AXIS2_PLACEMENT_3D('',#11395,#9082,#9083);
#7765=AXIS2_PLACEMENT_3D('',#11397,#9085,#9086);
#7766=AXIS2_PLACEMENT_3D('',#11399,#9088,#9089);
#7767=AXIS2_PLACEMENT_3D('',#11407,#9094,#9095);
#7768=AXIS2_PLACEMENT_3D('',#11411,#9098,#9099);
#7769=AXIS2_PLACEMENT_3D('',#11417,#9103,#9104);
#7770=AXIS2_PLACEMENT_3D('',#11425,#9109,#9110);
#7771=AXIS2_PLACEMENT_3D('',#11429,#9113,#9114);
#7772=AXIS2_PLACEMENT_3D('',#11443,#9122,#9123);
#7773=AXIS2_PLACEMENT_3D('',#11451,#9127,#9128);
#7774=AXIS2_PLACEMENT_3D('',#11465,#9136,#9137);
#7775=AXIS2_PLACEMENT_3D('',#11469,#9140,#9141);
#7776=AXIS2_PLACEMENT_3D('',#11475,#9144,#9145);
#7777=AXIS2_PLACEMENT_3D('',#11479,#9147,#9148);
#7778=AXIS2_PLACEMENT_3D('',#11483,#9151,#9152);
#7779=AXIS2_PLACEMENT_3D('',#11486,#9154,#9155);
#7780=AXIS2_PLACEMENT_3D('',#11487,#9156,#9157);
#7781=AXIS2_PLACEMENT_3D('',#11492,#9160,#9161);
#7782=AXIS2_PLACEMENT_3D('',#11493,#9162,#9163);
#7783=AXIS2_PLACEMENT_3D('',#11497,#9165,#9166);
#7784=AXIS2_PLACEMENT_3D('',#11505,#9170,#9171);
#7785=AXIS2_PLACEMENT_3D('',#11507,#9173,#9174);
#7786=AXIS2_PLACEMENT_3D('',#11517,#9179,#9180);
#7787=AXIS2_PLACEMENT_3D('',#11518,#9181,#9182);
#7788=AXIS2_PLACEMENT_3D('',#11521,#9183,#9184);
#7789=AXIS2_PLACEMENT_3D('',#11525,#9186,#9187);
#7790=AXIS2_PLACEMENT_3D('',#11527,#9189,#9190);
#7791=AXIS2_PLACEMENT_3D('',#11529,#9191,#9192);
#7792=AXIS2_PLACEMENT_3D('',#11532,#9194,#9195);
#7793=AXIS2_PLACEMENT_3D('',#11533,#9196,#9197);
#7794=AXIS2_PLACEMENT_3D('',#11538,#9200,#9201);
#7795=AXIS2_PLACEMENT_3D('',#11542,#9204,#9205);
#7796=AXIS2_PLACEMENT_3D('',#11545,#9207,#9208);
#7797=AXIS2_PLACEMENT_3D('',#11546,#9209,#9210);
#7798=AXIS2_PLACEMENT_3D('',#11548,#9211,#9212);
#7799=AXIS2_PLACEMENT_3D('',#11550,#9213,#9214);
#7800=AXIS2_PLACEMENT_3D('',#11551,#9215,#9216);
#7801=AXIS2_PLACEMENT_3D('',#11552,#9217,#9218);
#7802=AXIS2_PLACEMENT_3D('',#11563,#9224,#9225);
#7803=AXIS2_PLACEMENT_3D('',#11564,#9226,#9227);
#7804=AXIS2_PLACEMENT_3D('',#11567,#9229,#9230);
#7805=AXIS2_PLACEMENT_3D('',#11568,#9231,#9232);
#7806=AXIS2_PLACEMENT_3D('',#11570,#9233,#9234);
#7807=AXIS2_PLACEMENT_3D('',#11572,#9235,#9236);
#7808=AXIS2_PLACEMENT_3D('',#11573,#9237,#9238);
#7809=AXIS2_PLACEMENT_3D('',#11574,#9239,#9240);
#7810=AXIS2_PLACEMENT_3D('',#11577,#9242,#9243);
#7811=AXIS2_PLACEMENT_3D('',#11578,#9244,#9245);
#7812=AXIS2_PLACEMENT_3D('',#11582,#9247,#9248);
#7813=AXIS2_PLACEMENT_3D('',#11585,#9250,#9251);
#7814=AXIS2_PLACEMENT_3D('',#11587,#9252,#9253);
#7815=AXIS2_PLACEMENT_3D('',#11589,#9254,#9255);
#7816=AXIS2_PLACEMENT_3D('',#11590,#9256,#9257);
#7817=AXIS2_PLACEMENT_3D('',#11592,#9258,#9259);
#7818=AXIS2_PLACEMENT_3D('',#11593,#9260,#9261);
#7819=AXIS2_PLACEMENT_3D('',#11595,#9262,#9263);
#7820=AXIS2_PLACEMENT_3D('',#11596,#9264,#9265);
#7821=AXIS2_PLACEMENT_3D('',#11598,#9266,#9267);
#7822=AXIS2_PLACEMENT_3D('',#11601,#9269,#9270);
#7823=AXIS2_PLACEMENT_3D('',#11602,#9271,#9272);
#7824=AXIS2_PLACEMENT_3D('',#11611,#9277,#9278);
#7825=AXIS2_PLACEMENT_3D('',#11620,#9283,#9284);
#7826=AXIS2_PLACEMENT_3D('',#11629,#9289,#9290);
#7827=AXIS2_PLACEMENT_3D('',#11634,#9292,#9293);
#7828=AXIS2_PLACEMENT_3D('',#11641,#9297,#9298);
#7829=AXIS2_PLACEMENT_3D('',#11642,#9299,#9300);
#7830=AXIS2_PLACEMENT_3D('',#11644,#9301,#9302);
#7831=AXIS2_PLACEMENT_3D('',#11645,#9303,#9304);
#7832=AXIS2_PLACEMENT_3D('',#11647,#9305,#9306);
#7833=AXIS2_PLACEMENT_3D('',#11648,#9307,#9308);
#7834=AXIS2_PLACEMENT_3D('',#11652,#9310,#9311);
#7835=AXIS2_PLACEMENT_3D('',#11656,#9314,#9315);
#7836=AXIS2_PLACEMENT_3D('',#11658,#9316,#9317);
#7837=AXIS2_PLACEMENT_3D('',#11660,#9319,#9320);
#7838=AXIS2_PLACEMENT_3D('',#11664,#9323,#9324);
#7839=AXIS2_PLACEMENT_3D('',#11666,#9326,#9327);
#7840=AXIS2_PLACEMENT_3D('',#11668,#9329,#9330);
#7841=AXIS2_PLACEMENT_3D('',#11674,#9334,#9335);
#7842=AXIS2_PLACEMENT_3D('',#11677,#9336,#9337);
#7843=AXIS2_PLACEMENT_3D('',#11681,#9339,#9340);
#7844=AXIS2_PLACEMENT_3D('',#11685,#9342,#9343);
#7845=AXIS2_PLACEMENT_3D('',#11689,#9345,#9346);
#7846=AXIS2_PLACEMENT_3D('',#11691,#9348,#9349);
#7847=AXIS2_PLACEMENT_3D('',#11692,#9350,#9351);
#7848=AXIS2_PLACEMENT_3D('',#11693,#9352,#9353);
#7849=AXIS2_PLACEMENT_3D('',#11694,#9354,#9355);
#7850=AXIS2_PLACEMENT_3D('',#11695,#9356,#9357);
#7851=AXIS2_PLACEMENT_3D('',#11696,#9358,#9359);
#7852=AXIS2_PLACEMENT_3D('',#11697,#9360,#9361);
#7853=AXIS2_PLACEMENT_3D('',#11701,#9363,#9364);
#7854=AXIS2_PLACEMENT_3D('',#11708,#9365,#9366);
#7855=AXIS2_PLACEMENT_3D('',#11709,#9367,#9368);
#7856=AXIS2_PLACEMENT_3D('',#11710,#9369,#9370);
#7857=AXIS2_PLACEMENT_3D('',#11711,#9371,#9372);
#7858=AXIS2_PLACEMENT_3D('',#11712,#9373,#9374);
#7859=AXIS2_PLACEMENT_3D('',#11713,#9375,#9376);
#7860=AXIS2_PLACEMENT_3D('',#11714,#9377,#9378);
#7861=AXIS2_PLACEMENT_3D('',#11715,#9379,#9380);
#7862=AXIS2_PLACEMENT_3D('',#11731,#9381,#9382);
#7863=AXIS2_PLACEMENT_3D('',#11732,#9383,#9384);
#7864=AXIS2_PLACEMENT_3D('',#11733,#9385,#9386);
#7865=AXIS2_PLACEMENT_3D('',#11734,#9387,#9388);
#7866=AXIS2_PLACEMENT_3D('',#11736,#9390,#9391);
#7867=AXIS2_PLACEMENT_3D('',#11739,#9394,#9395);
#7868=AXIS2_PLACEMENT_3D('',#11741,#9397,#9398);
#7869=AXIS2_PLACEMENT_3D('',#11743,#9400,#9401);
#7870=AXIS2_PLACEMENT_3D('',#11745,#9403,#9404);
#7871=AXIS2_PLACEMENT_3D('',#11747,#9406,#9407);
#7872=AXIS2_PLACEMENT_3D('',#11749,#9409,#9410);
#7873=AXIS2_PLACEMENT_3D('',#11751,#9412,#9413);
#7874=AXIS2_PLACEMENT_3D('',#11752,#9414,#9415);
#7875=AXIS2_PLACEMENT_3D('',#11754,#9417,#9418);
#7876=AXIS2_PLACEMENT_3D('',#11756,#9420,#9421);
#7877=AXIS2_PLACEMENT_3D('',#11758,#9423,#9424);
#7878=AXIS2_PLACEMENT_3D('',#11763,#9428,#9429);
#7879=AXIS2_PLACEMENT_3D('',#11769,#9433,#9434);
#7880=AXIS2_PLACEMENT_3D('',#11775,#9438,#9439);
#7881=AXIS2_PLACEMENT_3D('',#11777,#9441,#9442);
#7882=AXIS2_PLACEMENT_3D('',#11781,#9445,#9446);
#7883=AXIS2_PLACEMENT_3D('',#11785,#9449,#9450);
#7884=AXIS2_PLACEMENT_3D('',#11787,#9452,#9453);
#7885=AXIS2_PLACEMENT_3D('',#11793,#9457,#9458);
#7886=AXIS2_PLACEMENT_3D('',#11797,#9461,#9462);
#7887=AXIS2_PLACEMENT_3D('',#11801,#9465,#9466);
#7888=AXIS2_PLACEMENT_3D('',#11807,#9470,#9471);
#7889=AXIS2_PLACEMENT_3D('',#11809,#9473,#9474);
#7890=AXIS2_PLACEMENT_3D('',#11811,#9476,#9477);
#7891=AXIS2_PLACEMENT_3D('',#11817,#9481,#9482);
#7892=AXIS2_PLACEMENT_3D('',#11821,#9485,#9486);
#7893=AXIS2_PLACEMENT_3D('',#11825,#9489,#9490);
#7894=AXIS2_PLACEMENT_3D('',#11831,#9494,#9495);
#7895=AXIS2_PLACEMENT_3D('',#11833,#9497,#9498);
#7896=AXIS2_PLACEMENT_3D('',#11835,#9500,#9501);
#7897=AXIS2_PLACEMENT_3D('',#11841,#9505,#9506);
#7898=AXIS2_PLACEMENT_3D('',#11845,#9509,#9510);
#7899=AXIS2_PLACEMENT_3D('',#11849,#9513,#9514);
#7900=AXIS2_PLACEMENT_3D('',#11853,#9517,#9518);
#7901=AXIS2_PLACEMENT_3D('',#11857,#9521,#9522);
#7902=AXIS2_PLACEMENT_3D('',#11859,#9524,#9525);
#7903=AXIS2_PLACEMENT_3D('',#11863,#9528,#9529);
#7904=AXIS2_PLACEMENT_3D('',#11867,#9532,#9533);
#7905=AXIS2_PLACEMENT_3D('',#11869,#9535,#9536);
#7906=AXIS2_PLACEMENT_3D('',#11873,#9539,#9540);
#7907=AXIS2_PLACEMENT_3D('',#11877,#9543,#9544);
#7908=AXIS2_PLACEMENT_3D('',#11879,#9546,#9547);
#7909=AXIS2_PLACEMENT_3D('',#11881,#9548,#9549);
#7910=AXIS2_PLACEMENT_3D('',#11884,#9551,#9552);
#7911=AXIS2_PLACEMENT_3D('',#11885,#9553,#9554);
#7912=AXIS2_PLACEMENT_3D('',#11887,#9555,#9556);
#7913=AXIS2_PLACEMENT_3D('',#11890,#9558,#9559);
#7914=AXIS2_PLACEMENT_3D('',#11891,#9560,#9561);
#7915=AXIS2_PLACEMENT_3D('',#11893,#9562,#9563);
#7916=AXIS2_PLACEMENT_3D('',#11896,#9565,#9566);
#7917=AXIS2_PLACEMENT_3D('',#11897,#9567,#9568);
#7918=AXIS2_PLACEMENT_3D('',#11903,#9572,#9573);
#7919=AXIS2_PLACEMENT_3D('',#11909,#9577,#9578);
#7920=AXIS2_PLACEMENT_3D('',#11912,#9581,#9582);
#7921=AXIS2_PLACEMENT_3D('',#11913,#9583,#9584);
#7922=AXIS2_PLACEMENT_3D('',#11914,#9585,#9586);
#7923=AXIS2_PLACEMENT_3D('',#11916,#9587,#9588);
#7924=AXIS2_PLACEMENT_3D('',#11918,#9590,#9591);
#7925=AXIS2_PLACEMENT_3D('',#11921,#9592,#9593);
#7926=AXIS2_PLACEMENT_3D('',#11922,#9594,#9595);
#7927=AXIS2_PLACEMENT_3D('',#11924,#9597,#9598);
#7928=AXIS2_PLACEMENT_3D('',#11926,#9599,#9600);
#7929=AXIS2_PLACEMENT_3D('',#11928,#9601,#9602);
#7930=AXIS2_PLACEMENT_3D('',#11929,#9603,#9604);
#7931=AXIS2_PLACEMENT_3D('',#11932,#9605,#9606);
#7932=AXIS2_PLACEMENT_3D('',#11933,#9607,#9608);
#7933=AXIS2_PLACEMENT_3D('',#11935,#9610,#9611);
#7934=AXIS2_PLACEMENT_3D('',#11938,#9612,#9613);
#7935=AXIS2_PLACEMENT_3D('',#11939,#9614,#9615);
#7936=AXIS2_PLACEMENT_3D('',#11941,#9617,#9618);
#7937=AXIS2_PLACEMENT_3D('',#11943,#9619,#9620);
#7938=AXIS2_PLACEMENT_3D('',#11945,#9621,#9622);
#7939=AXIS2_PLACEMENT_3D('',#11946,#9623,#9624);
#7940=AXIS2_PLACEMENT_3D('',#11948,#9626,#9627);
#7941=AXIS2_PLACEMENT_3D('',#11951,#9628,#9629);
#7942=AXIS2_PLACEMENT_3D('',#11952,#9630,#9631);
#7943=AXIS2_PLACEMENT_3D('',#11954,#9633,#9634);
#7944=AXIS2_PLACEMENT_3D('',#11956,#9635,#9636);
#7945=AXIS2_PLACEMENT_3D('',#11958,#9637,#9638);
#7946=AXIS2_PLACEMENT_3D('',#11959,#9639,#9640);
#7947=AXIS2_PLACEMENT_3D('',#11962,#9641,#9642);
#7948=AXIS2_PLACEMENT_3D('',#11963,#9643,#9644);
#7949=AXIS2_PLACEMENT_3D('',#11965,#9646,#9647);
#7950=AXIS2_PLACEMENT_3D('',#11967,#9648,#9649);
#7951=AXIS2_PLACEMENT_3D('',#11968,#9650,#9651);
#7952=AXIS2_PLACEMENT_3D('',#11970,#9652,#9653);
#7953=AXIS2_PLACEMENT_3D('',#11971,#9654,#9655);
#7954=AXIS2_PLACEMENT_3D('',#11973,#9656,#9657);
#7955=AXIS2_PLACEMENT_3D('',#11974,#9658,#9659);
#7956=AXIS2_PLACEMENT_3D('',#11980,#9663,#9664);
#7957=AXIS2_PLACEMENT_3D('',#11984,#9667,#9668);
#7958=AXIS2_PLACEMENT_3D('',#11988,#9671,#9672);
#7959=AXIS2_PLACEMENT_3D('',#11997,#9677,#9678);
#7960=AXIS2_PLACEMENT_3D('',#12003,#9682,#9683);
#7961=AXIS2_PLACEMENT_3D('',#12009,#9687,#9688);
#7962=AXIS2_PLACEMENT_3D('',#12012,#9691,#9692);
#7963=AXIS2_PLACEMENT_3D('',#12014,#9694,#9695);
#7964=AXIS2_PLACEMENT_3D('',#12015,#9696,#9697);
#7965=AXIS2_PLACEMENT_3D('',#12016,#9698,#9699);
#7966=AXIS2_PLACEMENT_3D('',#12018,#9701,#9702);
#7967=AXIS2_PLACEMENT_3D('',#12020,#9704,#9705);
#7968=AXIS2_PLACEMENT_3D('',#12022,#9707,#9708);
#7969=AXIS2_PLACEMENT_3D('',#12024,#9710,#9711);
#7970=AXIS2_PLACEMENT_3D('',#12026,#9713,#9714);
#7971=AXIS2_PLACEMENT_3D('',#12028,#9716,#9717);
#7972=AXIS2_PLACEMENT_3D('',#12030,#9719,#9720);
#7973=AXIS2_PLACEMENT_3D('',#12032,#9722,#9723);
#7974=AXIS2_PLACEMENT_3D('',#12033,#9724,#9725);
#7975=AXIS2_PLACEMENT_3D('',#12034,#9726,#9727);
#7976=AXIS2_PLACEMENT_3D('',#12035,#9728,#9729);
#7977=AXIS2_PLACEMENT_3D('',#12036,#9730,#9731);
#7978=AXIS2_PLACEMENT_3D('',#12038,#9733,#9734);
#7979=AXIS2_PLACEMENT_3D('',#12040,#9736,#9737);
#7980=AXIS2_PLACEMENT_3D('',#12041,#9738,#9739);
#7981=AXIS2_PLACEMENT_3D('',#12042,#9740,#9741);
#7982=AXIS2_PLACEMENT_3D('',#12058,#9743,#9744);
#7983=AXIS2_PLACEMENT_3D('',#12069,#9746,#9747);
#7984=AXIS2_PLACEMENT_3D('',#12071,#9748,#9749);
#7985=AXIS2_PLACEMENT_3D('',#12078,#9753,#9754);
#7986=AXIS2_PLACEMENT_3D('',#12079,#9755,#9756);
#7987=AXIS2_PLACEMENT_3D('',#12090,#9758,#9759);
#7988=AXIS2_PLACEMENT_3D('',#12092,#9761,#9762);
#7989=AXIS2_PLACEMENT_3D('',#12099,#9766,#9767);
#7990=AXIS2_PLACEMENT_3D('',#12100,#9768,#9769);
#7991=AXIS2_PLACEMENT_3D('',#12102,#9770,#9771);
#7992=AXIS2_PLACEMENT_3D('',#12105,#9773,#9774);
#7993=AXIS2_PLACEMENT_3D('',#12106,#9775,#9776);
#7994=AXIS2_PLACEMENT_3D('',#12112,#9779,#9780);
#7995=AXIS2_PLACEMENT_3D('',#12114,#9782,#9783);
#7996=AXIS2_PLACEMENT_3D('',#12117,#9784,#9785);
#7997=AXIS2_PLACEMENT_3D('',#12121,#9787,#9788);
#7998=AXIS2_PLACEMENT_3D('',#12123,#9790,#9791);
#7999=AXIS2_PLACEMENT_3D('',#12127,#9793,#9794);
#8000=AXIS2_PLACEMENT_3D('',#12131,#9797,#9798);
#8001=AXIS2_PLACEMENT_3D('',#12146,#9801,#9802);
#8002=AXIS2_PLACEMENT_3D('',#12148,#9803,#9804);
#8003=AXIS2_PLACEMENT_3D('',#12152,#9806,#9807);
#8004=AXIS2_PLACEMENT_3D('',#12161,#9812,#9813);
#8005=AXIS2_PLACEMENT_3D('',#12163,#9814,#9815);
#8006=AXIS2_PLACEMENT_3D('',#12165,#9816,#9817);
#8007=AXIS2_PLACEMENT_3D('',#12167,#9818,#9819);
#8008=AXIS2_PLACEMENT_3D('',#12172,#9821,#9822);
#8009=AXIS2_PLACEMENT_3D('',#12176,#9824,#9825);
#8010=AXIS2_PLACEMENT_3D('',#12179,#9827,#9828);
#8011=AXIS2_PLACEMENT_3D('',#12180,#9829,#9830);
#8012=AXIS2_PLACEMENT_3D('',#12184,#9832,#9833);
#8013=AXIS2_PLACEMENT_3D('',#12186,#9835,#9836);
#8014=AXIS2_PLACEMENT_3D('',#12190,#9839,#9840);
#8015=AXIS2_PLACEMENT_3D('',#12194,#9842,#9843);
#8016=AXIS2_PLACEMENT_3D('',#12196,#9845,#9846);
#8017=AXIS2_PLACEMENT_3D('',#12198,#9848,#9849);
#8018=AXIS2_PLACEMENT_3D('',#12201,#9851,#9852);
#8019=AXIS2_PLACEMENT_3D('',#12202,#9853,#9854);
#8020=AXIS2_PLACEMENT_3D('',#12204,#9856,#9857);
#8021=AXIS2_PLACEMENT_3D('',#12206,#9858,#9859);
#8022=AXIS2_PLACEMENT_3D('',#12216,#9864,#9865);
#8023=AXIS2_PLACEMENT_3D('',#12219,#9867,#9868);
#8024=AXIS2_PLACEMENT_3D('',#12221,#9869,#9870);
#8025=AXIS2_PLACEMENT_3D('',#12223,#9871,#9872);
#8026=AXIS2_PLACEMENT_3D('',#12225,#9873,#9874);
#8027=AXIS2_PLACEMENT_3D('',#12226,#9875,#9876);
#8028=AXIS2_PLACEMENT_3D('',#12229,#9879,#9880);
#8029=AXIS2_PLACEMENT_3D('',#12231,#9882,#9883);
#8030=AXIS2_PLACEMENT_3D('',#12232,#9884,#9885);
#8031=AXIS2_PLACEMENT_3D('',#12235,#9887,#9888);
#8032=AXIS2_PLACEMENT_3D('',#12237,#9890,#9891);
#8033=AXIS2_PLACEMENT_3D('',#12240,#9894,#9895);
#8034=AXIS2_PLACEMENT_3D('',#12242,#9897,#9898);
#8035=AXIS2_PLACEMENT_3D('',#12244,#9900,#9901);
#8036=AXIS2_PLACEMENT_3D('',#12246,#9903,#9904);
#8037=AXIS2_PLACEMENT_3D('',#12248,#9905,#9906);
#8038=AXIS2_PLACEMENT_3D('',#12250,#9907,#9908);
#8039=AXIS2_PLACEMENT_3D('',#12252,#9910,#9911);
#8040=AXIS2_PLACEMENT_3D('',#12294,#9916,#9917);
#8041=AXIS2_PLACEMENT_3D('',#12443,#9922,#9923);
#8042=AXIS2_PLACEMENT_3D('',#12544,#9924,#9925);
#8043=AXIS2_PLACEMENT_3D('',#12589,#9932,#9933);
#8044=AXIS2_PLACEMENT_3D('',#12592,#9934,#9935);
#8045=AXIS2_PLACEMENT_3D('',#12596,#9937,#9938);
#8046=AXIS2_PLACEMENT_3D('',#12600,#9940,#9941);
#8047=AXIS2_PLACEMENT_3D('',#12604,#9943,#9944);
#8048=AXIS2_PLACEMENT_3D('',#12606,#9946,#9947);
#8049=AXIS2_PLACEMENT_3D('',#12607,#9948,#9949);
#8050=AXIS2_PLACEMENT_3D('',#12609,#9950,#9951);
#8051=AXIS2_PLACEMENT_3D('',#12611,#9953,#9954);
#8052=AXIS2_PLACEMENT_3D('',#12612,#9955,#9956);
#8053=AXIS2_PLACEMENT_3D('',#12613,#9957,#9958);
#8054=AXIS2_PLACEMENT_3D('',#12616,#9960,#9961);
#8055=AXIS2_PLACEMENT_3D('',#12617,#9962,#9963);
#8056=AXIS2_PLACEMENT_3D('',#12621,#9966,#9967);
#8057=AXIS2_PLACEMENT_3D('',#12624,#9968,#9969);
#8058=AXIS2_PLACEMENT_3D('',#12628,#9971,#9972);
#8059=AXIS2_PLACEMENT_3D('',#12632,#9974,#9975);
#8060=AXIS2_PLACEMENT_3D('',#12636,#9977,#9978);
#8061=AXIS2_PLACEMENT_3D('',#12638,#9980,#9981);
#8062=AXIS2_PLACEMENT_3D('',#12640,#9982,#9983);
#8063=AXIS2_PLACEMENT_3D('',#12643,#9985,#9986);
#8064=AXIS2_PLACEMENT_3D('',#12644,#9987,#9988);
#8065=AXIS2_PLACEMENT_3D('',#12648,#9990,#9991);
#8066=AXIS2_PLACEMENT_3D('',#12650,#9993,#9994);
#8067=AXIS2_PLACEMENT_3D('',#12654,#9997,#9998);
#8068=AXIS2_PLACEMENT_3D('',#12657,#10000,#10001);
#8069=AXIS2_PLACEMENT_3D('',#12658,#10002,#10003);
#8070=AXIS2_PLACEMENT_3D('',#12661,#10004,#10005);
#8071=AXIS2_PLACEMENT_3D('',#12665,#10007,#10008);
#8072=AXIS2_PLACEMENT_3D('',#12671,#10012,#10013);
#8073=AXIS2_PLACEMENT_3D('',#12673,#10014,#10015);
#8074=AXIS2_PLACEMENT_3D('',#12677,#10018,#10019);
#8075=AXIS2_PLACEMENT_3D('',#12678,#10020,#10021);
#8076=AXIS2_PLACEMENT_3D('',#12696,#10026,#10027);
#8077=AXIS2_PLACEMENT_3D('',#12697,#10028,#10029);
#8078=AXIS2_PLACEMENT_3D('',#12701,#10032,#10033);
#8079=AXIS2_PLACEMENT_3D('',#12704,#10035,#10036);
#8080=AXIS2_PLACEMENT_3D('',#12705,#10037,#10038);
#8081=AXIS2_PLACEMENT_3D('',#12709,#10041,#10042);
#8082=AXIS2_PLACEMENT_3D('',#12712,#10044,#10045);
#8083=AXIS2_PLACEMENT_3D('',#12713,#10046,#10047);
#8084=AXIS2_PLACEMENT_3D('',#12716,#10049,#10050);
#8085=AXIS2_PLACEMENT_3D('',#12717,#10051,#10052);
#8086=AXIS2_PLACEMENT_3D('',#12721,#10055,#10056);
#8087=AXIS2_PLACEMENT_3D('',#12724,#10058,#10059);
#8088=AXIS2_PLACEMENT_3D('',#12725,#10060,#10061);
#8089=AXIS2_PLACEMENT_3D('',#12727,#10063,#10064);
#8090=AXIS2_PLACEMENT_3D('',#12736,#10065,#10066);
#8091=AXIS2_PLACEMENT_3D('',#12743,#10067,#10068);
#8092=AXIS2_PLACEMENT_3D('',#12744,#10069,#10070);
#8093=AXIS2_PLACEMENT_3D('',#12748,#10072,#10073);
#8094=AXIS2_PLACEMENT_3D('',#12752,#10075,#10076);
#8095=AXIS2_PLACEMENT_3D('',#12756,#10080,#10081);
#8096=AXIS2_PLACEMENT_3D('',#12758,#10083,#10084);
#8097=AXIS2_PLACEMENT_3D('',#12760,#10086,#10087);
#8098=AXIS2_PLACEMENT_3D('',#12762,#10089,#10090);
#8099=AXIS2_PLACEMENT_3D('',#12764,#10092,#10093);
#8100=AXIS2_PLACEMENT_3D('',#12765,#10094,#10095);
#8101=AXIS2_PLACEMENT_3D('',#12802,#10096,#10097);
#8102=AXIS2_PLACEMENT_3D('',#12803,#10098,#10099);
#8103=AXIS2_PLACEMENT_3D('',#12805,#10101,#10102);
#8104=AXIS2_PLACEMENT_3D('',#12961,#10104,#10105);
#8105=AXIS2_PLACEMENT_3D('',#12963,#10107,#10108);
#8106=AXIS2_PLACEMENT_3D('',#12966,#10109,#10110);
#8107=AXIS2_PLACEMENT_3D('',#12970,#10112,#10113);
#8108=AXIS2_PLACEMENT_3D('',#12972,#10115,#10116);
#8109=AXIS2_PLACEMENT_3D('',#12980,#10121,#10122);
#8110=AXIS2_PLACEMENT_3D('',#12984,#10124,#10125);
#8111=AXIS2_PLACEMENT_3D('',#12988,#10127,#10128);
#8112=AXIS2_PLACEMENT_3D('',#13001,#10130,#10131);
#8113=AXIS2_PLACEMENT_3D('',#13003,#10133,#10134);
#8114=AXIS2_PLACEMENT_3D('',#13007,#10137,#10138);
#8115=AXIS2_PLACEMENT_3D('',#13009,#10139,#10140);
#8116=AXIS2_PLACEMENT_3D('',#13011,#10142,#10143);
#8117=AXIS2_PLACEMENT_3D('',#13017,#10147,#10148);
#8118=AXIS2_PLACEMENT_3D('',#13019,#10149,#10150);
#8119=AXIS2_PLACEMENT_3D('',#13021,#10151,#10152);
#8120=AXIS2_PLACEMENT_3D('',#13023,#10154,#10155);
#8121=AXIS2_PLACEMENT_3D('',#13037,#10163,#10164);
#8122=AXIS2_PLACEMENT_3D('',#13056,#10170,#10171);
#8123=AXIS2_PLACEMENT_3D('',#13075,#10177,#10178);
#8124=AXIS2_PLACEMENT_3D('',#13078,#10179,#10180);
#8125=AXIS2_PLACEMENT_3D('',#13082,#10182,#10183);
#8126=AXIS2_PLACEMENT_3D('',#13084,#10185,#10186);
#8127=AXIS2_PLACEMENT_3D('',#13090,#10190,#10191);
#8128=AXIS2_PLACEMENT_3D('',#13092,#10192,#10193);
#8129=AXIS2_PLACEMENT_3D('',#13094,#10194,#10195);
#8130=AXIS2_PLACEMENT_3D('',#13096,#10197,#10198);
#8131=AXIS2_PLACEMENT_3D('',#13102,#10202,#10203);
#8132=AXIS2_PLACEMENT_3D('',#13103,#10204,#10205);
#8133=AXIS2_PLACEMENT_3D('',#13104,#10206,#10207);
#8134=AXIS2_PLACEMENT_3D('',#13105,#10208,#10209);
#8135=AXIS2_PLACEMENT_3D('',#13107,#10210,#10211);
#8136=AXIS2_PLACEMENT_3D('',#13109,#10212,#10213);
#8137=AXIS2_PLACEMENT_3D('',#13111,#10215,#10216);
#8138=AXIS2_PLACEMENT_3D('',#13114,#10219,#10220);
#8139=AXIS2_PLACEMENT_3D('',#13115,#10221,#10222);
#8140=AXIS2_PLACEMENT_3D('',#13118,#10223,#10224);
#8141=AXIS2_PLACEMENT_3D('',#13122,#10226,#10227);
#8142=AXIS2_PLACEMENT_3D('',#13124,#10229,#10230);
#8143=AXIS2_PLACEMENT_3D('',#13130,#10234,#10235);
#8144=AXIS2_PLACEMENT_3D('',#13132,#10236,#10237);
#8145=AXIS2_PLACEMENT_3D('',#13134,#10238,#10239);
#8146=AXIS2_PLACEMENT_3D('',#13136,#10241,#10242);
#8147=AXIS2_PLACEMENT_3D('',#13142,#10246,#10247);
#8148=AXIS2_PLACEMENT_3D('',#13143,#10248,#10249);
#8149=AXIS2_PLACEMENT_3D('',#13144,#10250,#10251);
#8150=AXIS2_PLACEMENT_3D('',#13145,#10252,#10253);
#8151=AXIS2_PLACEMENT_3D('',#13147,#10254,#10255);
#8152=AXIS2_PLACEMENT_3D('',#13149,#10256,#10257);
#8153=AXIS2_PLACEMENT_3D('',#13151,#10259,#10260);
#8154=AXIS2_PLACEMENT_3D('',#13154,#10263,#10264);
#8155=AXIS2_PLACEMENT_3D('',#13155,#10265,#10266);
#8156=AXIS2_PLACEMENT_3D('',#13416,#10267,#10268);
#8157=AXIS2_PLACEMENT_3D('',#13417,#10269,#10270);
#8158=AXIS2_PLACEMENT_3D('',#13418,#10271,#10272);
#8159=AXIS2_PLACEMENT_3D('',#13419,#10273,#10274);
#8160=DIRECTION('axis',(0.,0.,1.));
#8161=DIRECTION('refdir',(1.,0.,0.));
#8162=DIRECTION('axis',(0.,0.,1.));
#8163=DIRECTION('refdir',(1.,0.,0.));
#8164=DIRECTION('center_axis',(1.,3.57786716920214E-18,-1.75740943151406E-15));
#8165=DIRECTION('ref_axis',(1.04672830578918E-15,0.707106781186547,0.707106781186548));
#8166=DIRECTION('center_axis',(-0.777042646069039,-1.72098188174736E-17,
-0.629447953519611));
#8167=DIRECTION('ref_axis',(-0.629447953519611,0.,0.777042646069039));
#8168=DIRECTION('',(-1.,-3.57786716920214E-18,1.75740943151406E-15));
#8169=DIRECTION('center_axis',(1.,4.38256058456118E-30,-1.48029736616688E-15));
#8170=DIRECTION('ref_axis',(0.,1.,2.96059473233375E-15));
#8171=DIRECTION('',(1.,3.57786716920214E-18,-1.75740943151406E-15));
#8172=DIRECTION('center_axis',(1.,3.57786716920214E-18,-1.75740943151406E-15));
#8173=DIRECTION('ref_axis',(1.04672830578918E-15,0.707106781186547,0.707106781186548));
#8174=DIRECTION('center_axis',(1.,0.,-1.48029736616687E-15));
#8175=DIRECTION('ref_axis',(0.,1.,0.));
#8176=DIRECTION('',(1.,3.57786716920214E-18,-1.75740943151406E-15));
#8177=DIRECTION('center_axis',(-0.753749623364464,0.464683497274182,0.464683497274182));
#8178=DIRECTION('ref_axis',(-0.293187437173152,0.395048411945166,-0.870619250248604));
#8179=DIRECTION('',(0.753749623364464,-0.464683497274182,-0.464683497274182));
#8180=DIRECTION('center_axis',(0.,0.,1.));
#8181=DIRECTION('ref_axis',(-0.851235834725007,0.524783339750816,0.));
#8182=DIRECTION('',(-0.753749623364464,0.464683497274182,0.464683497274182));
#8183=DIRECTION('center_axis',(0.826505032089426,-0.239293911910706,-0.50953690313198));
#8184=DIRECTION('ref_axis',(-0.203695552849919,-0.97094717864695,0.125577458274542));
#8185=DIRECTION('center_axis',(0.,0.,1.));
#8186=DIRECTION('ref_axis',(1.,0.,0.));
#8187=DIRECTION('center_axis',(-2.96059473233375E-15,-2.96059473233375E-15,
-1.));
#8188=DIRECTION('ref_axis',(-1.,0.,2.96059473233375E-15));
#8189=DIRECTION('center_axis',(0.,-1.,0.));
#8190=DIRECTION('ref_axis',(-0.524783339750816,0.,-0.851235834725007));
#8191=DIRECTION('center_axis',(-0.851235834725008,0.,0.524783339750815));
#8192=DIRECTION('ref_axis',(0.,-1.,0.));
#8193=DIRECTION('center_axis',(0.,0.,1.));
#8194=DIRECTION('ref_axis',(1.,0.,0.));
#8195=DIRECTION('center_axis',(0.,1.,0.));
#8196=DIRECTION('ref_axis',(-1.,0.,1.8503717077086E-15));
#8197=DIRECTION('center_axis',(-1.8503717077086E-15,0.,-1.));
#8198=DIRECTION('ref_axis',(0.,1.,0.));
#8199=DIRECTION('center_axis',(-0.851235834725007,0.,0.524783339750817));
#8200=DIRECTION('ref_axis',(-0.524783339750817,0.,-0.851235834725007));
#8201=DIRECTION('center_axis',(1.75740943151406E-15,2.29243154487174E-17,
1.));
#8202=DIRECTION('ref_axis',(-0.707106781186547,0.707106781186548,1.04672830578918E-15));
#8203=DIRECTION('',(-1.75740943151406E-15,-2.29243154487174E-17,-1.));
#8204=DIRECTION('',(1.75740943151406E-15,2.29243154487174E-17,1.));
#8205=DIRECTION('center_axis',(-2.96059473233375E-15,0.,-1.));
#8206=DIRECTION('ref_axis',(-1.,0.,2.96059473233375E-15));
#8207=DIRECTION('',(-1.75740943151406E-15,-2.29243154487174E-17,-1.));
#8208=DIRECTION('center_axis',(0.851235834725007,-8.98469007636815E-18,
-0.524783339750816));
#8209=DIRECTION('ref_axis',(-0.371077858191526,0.707106781186548,-0.601914631123043));
#8210=DIRECTION('',(-0.851235834725007,8.98469007636815E-18,0.524783339750816));
#8211=DIRECTION('',(0.851235834725007,-8.98469007636815E-18,-0.524783339750816));
#8212=DIRECTION('center_axis',(2.52993413752758E-18,-0.707106781186548,
0.707106781186547));
#8213=DIRECTION('ref_axis',(-0.916685574069098,0.282566415461576,0.282566415461576));
#8214=DIRECTION('center_axis',(-3.57786716920186E-18,1.,1.59399283026097E-16));
#8215=DIRECTION('ref_axis',(-0.873150427976422,0.,-0.487450848932066));
#8216=DIRECTION('',(3.57786716920186E-18,-1.,-1.59399283026097E-16));
#8217=DIRECTION('',(-3.57786716920186E-18,1.,1.59399283026097E-16));
#8218=DIRECTION('center_axis',(-0.851235834725007,8.98469007636815E-18,
0.524783339750816));
#8219=DIRECTION('ref_axis',(-0.371077858191526,-0.707106781186547,-0.601914631123044));
#8220=DIRECTION('center_axis',(-1.,-3.85185988877447E-33,0.));
#8221=DIRECTION('ref_axis',(-4.37178822355295E-33,3.93775676290715E-16,
-1.));
#8222=DIRECTION('',(-0.851235834725007,8.98469007636815E-18,0.524783339750816));
#8223=DIRECTION('',(0.851235834725007,-8.98469007636815E-18,-0.524783339750816));
#8224=DIRECTION('center_axis',(0.,0.,1.));
#8225=DIRECTION('ref_axis',(-1.,9.71044244551738E-17,3.43315985077351E-17));
#8226=DIRECTION('center_axis',(1.75740943151406E-15,2.29243154487174E-17,
1.));
#8227=DIRECTION('ref_axis',(-0.707106781186547,-0.707106781186547,4.18691322315674E-15));
#8228=DIRECTION('center_axis',(-0.353553390593278,0.707106781186539,0.612372435695802));
#8229=DIRECTION('ref_axis',(0.273861278752593,-0.547722557505169,0.790569415042089));
#8230=DIRECTION('',(1.75740943151406E-15,2.29243154487174E-17,1.));
#8231=DIRECTION('center_axis',(-2.96059473233375E-15,0.,-1.));
#8232=DIRECTION('ref_axis',(0.,-1.,0.));
#8233=DIRECTION('',(-1.75740943151406E-15,-2.29243154487174E-17,-1.));
#8234=DIRECTION('',(1.75740943151406E-15,2.29243154487174E-17,1.));
#8235=DIRECTION('center_axis',(-0.353553390593275,0.707106781186546,-0.612372435695796));
#8236=DIRECTION('ref_axis',(0.273861278752583,-0.547722557505168,-0.790569415042094));
#8237=DIRECTION('',(1.75740943151406E-15,2.29243154487174E-17,1.));
#8238=DIRECTION('center_axis',(1.75740943151406E-15,2.29243154487174E-17,
1.));
#8239=DIRECTION('ref_axis',(-0.707106781186547,0.707106781186548,1.04672830578918E-15));
#8240=DIRECTION('',(1.75740943151406E-15,2.29243154487174E-17,1.));
#8241=DIRECTION('center_axis',(-2.96059473233376E-15,0.,-1.));
#8242=DIRECTION('ref_axis',(-1.,0.,2.96059473233376E-15));
#8243=DIRECTION('center_axis',(-3.57786716920218E-18,1.,-2.29243154487174E-17));
#8244=DIRECTION('ref_axis',(-0.707106781186545,0.,0.70710678118655));
#8245=DIRECTION('center_axis',(1.75740943151406E-15,2.29243154487174E-17,
1.));
#8246=DIRECTION('ref_axis',(-0.707106781186547,-0.707106781186547,4.18691322315674E-15));
#8247=DIRECTION('',(1.75740943151406E-15,2.29243154487174E-17,1.));
#8248=DIRECTION('center_axis',(-2.96059473233376E-15,0.,-1.));
#8249=DIRECTION('ref_axis',(0.,-1.,0.));
#8250=DIRECTION('',(-1.75740943151406E-15,-2.29243154487174E-17,-1.));
#8251=DIRECTION('center_axis',(-0.35355339059328,0.707106781186537,-0.612372435695803));
#8252=DIRECTION('ref_axis',(0.273861278752592,-0.547722557505171,-0.790569415042088));
#8253=DIRECTION('center_axis',(1.,3.57786716920214E-18,-1.75740943151406E-15));
#8254=DIRECTION('ref_axis',(0.,-0.707106781186546,0.707106781186549));
#8255=DIRECTION('',(-1.,-3.57786716920214E-18,1.75740943151406E-15));
#8256=DIRECTION('center_axis',(1.,0.,-1.48029736616688E-15));
#8257=DIRECTION('ref_axis',(1.48029736616688E-15,0.,1.));
#8258=DIRECTION('',(1.,3.57786716920214E-18,-1.75740943151406E-15));
#8259=DIRECTION('center_axis',(-0.777042646069039,-1.72098188174736E-17,
-0.629447953519611));
#8260=DIRECTION('ref_axis',(-0.629447953519611,2.87563545593834E-16,0.777042646069039));
#8261=DIRECTION('center_axis',(1.,3.57786716920214E-18,-1.75740943151406E-15));
#8262=DIRECTION('ref_axis',(0.,-0.707106781186546,0.707106781186549));
#8263=DIRECTION('center_axis',(0.35355339059328,0.707106781186537,0.612372435695803));
#8264=DIRECTION('ref_axis',(0.935414346693483,-0.267261241912425,-0.231455024943147));
#8265=DIRECTION('',(-1.,-3.57786716920214E-18,1.75740943151406E-15));
#8266=DIRECTION('center_axis',(1.,0.,-1.48029736616687E-15));
#8267=DIRECTION('ref_axis',(1.48029736616687E-15,0.,1.));
#8268=DIRECTION('center_axis',(-0.353553390593259,0.707106781186546,0.612372435695805));
#8269=DIRECTION('ref_axis',(-0.935414346693491,-0.267261241912412,-0.23145502494313));
#8270=DIRECTION('center_axis',(3.57786716920218E-18,-1.,2.29243154487174E-17));
#8271=DIRECTION('ref_axis',(-0.707106781186545,0.,0.70710678118655));
#8272=DIRECTION('center_axis',(-3.57786716920218E-18,1.,-2.29243154487174E-17));
#8273=DIRECTION('ref_axis',(1.,3.57786716920214E-18,-1.75740943151406E-15));
#8274=DIRECTION('center_axis',(3.57786716920218E-18,-1.,2.29243154487174E-17));
#8275=DIRECTION('ref_axis',(1.,3.57786716920214E-18,-1.75740943151406E-15));
#8276=DIRECTION('',(-0.707106781186549,0.707106781186546,1.13987058181339E-15));
#8277=DIRECTION('center_axis',(3.57786716920218E-18,-1.,2.29243154487174E-17));
#8278=DIRECTION('ref_axis',(1.,3.57786716920214E-18,-1.75740943151406E-15));
#8279=DIRECTION('center_axis',(3.57786716920218E-18,-1.,2.29243154487174E-17));
#8280=DIRECTION('ref_axis',(1.,3.57786716920214E-18,-1.75740943151406E-15));
#8281=DIRECTION('center_axis',(3.57786716920218E-18,-1.,2.29243154487174E-17));
#8282=DIRECTION('ref_axis',(1.,3.57786716920214E-18,-1.75740943151406E-15));
#8283=DIRECTION('',(0.629447953519611,-1.55610895679734E-17,-0.777042646069039));
#8284=DIRECTION('center_axis',(3.57786716920218E-18,-1.,2.29243154487174E-17));
#8285=DIRECTION('ref_axis',(1.,3.57786716920214E-18,-1.75740943151406E-15));
#8286=DIRECTION('',(1.75740943151406E-15,2.29243154487174E-17,1.));
#8287=DIRECTION('',(1.,3.57786716920214E-18,-1.75740943151406E-15));
#8288=DIRECTION('',(-0.0603985676643488,-2.30985614951697E-17,-0.99817433999482));
#8289=DIRECTION('center_axis',(-3.57786716920218E-18,1.,-2.29243154487174E-17));
#8290=DIRECTION('ref_axis',(0.,0.,-1.));
#8291=DIRECTION('',(-1.,-3.57786716920218E-18,0.));
#8292=DIRECTION('',(1.,3.57786716920218E-18,0.));
#8293=DIRECTION('center_axis',(3.57786716920218E-18,-1.,2.29243154487174E-17));
#8294=DIRECTION('ref_axis',(1.,3.57786716920214E-18,-1.75740943151406E-15));
#8295=DIRECTION('center_axis',(3.57786716920218E-18,-1.,2.29243154487174E-17));
#8296=DIRECTION('ref_axis',(1.,3.57786716920214E-18,-1.75740943151406E-15));
#8297=DIRECTION('',(1.75740943151406E-15,2.29243154487174E-17,1.));
#8298=DIRECTION('',(-1.,-3.57786716920214E-18,1.75740943151406E-15));
#8299=DIRECTION('',(1.75740943151406E-15,2.29243154487174E-17,1.));
#8300=DIRECTION('',(-1.,-3.57786716920214E-18,1.75740943151406E-15));
#8301=DIRECTION('center_axis',(0.777042646069039,1.72098188174736E-17,0.629447953519611));
#8302=DIRECTION('ref_axis',(0.629447953519611,-1.55610895679734E-17,-0.777042646069039));
#8303=DIRECTION('',(-3.57786716920218E-18,1.,-2.29243154487174E-17));
#8304=DIRECTION('',(0.629447953519611,-1.55610895679734E-17,-0.777042646069039));
#8305=DIRECTION('',(-3.57786716920218E-18,1.,-2.29243154487174E-17));
#8306=DIRECTION('center_axis',(3.57786716920218E-18,-1.,2.29243154487174E-17));
#8307=DIRECTION('ref_axis',(1.,3.57786716920214E-18,-1.75740943151406E-15));
#8308=DIRECTION('',(-3.57786716920218E-18,1.,-2.29243154487174E-17));
#8309=DIRECTION('center_axis',(-3.57786716920218E-18,1.,-2.29243154487174E-17));
#8310=DIRECTION('ref_axis',(-1.,-3.57786716920214E-18,1.75740943151406E-15));
#8311=DIRECTION('center_axis',(1.75740943151406E-15,2.29243154487174E-17,
1.));
#8312=DIRECTION('ref_axis',(3.57786716920218E-18,-1.,2.29243154487174E-17));
#8313=DIRECTION('',(-3.57786716920218E-18,1.,-2.29243154487174E-17));
#8314=DIRECTION('',(-1.,-3.57786716920214E-18,1.75740943151406E-15));
#8315=DIRECTION('center_axis',(3.57786716920218E-18,-1.,2.29243154487174E-17));
#8316=DIRECTION('ref_axis',(1.,3.57786716920214E-18,-1.75740943151406E-15));
#8317=DIRECTION('',(-3.57786716920218E-18,1.,-2.29243154487174E-17));
#8318=DIRECTION('center_axis',(-3.57786716920218E-18,1.,-2.29243154487174E-17));
#8319=DIRECTION('ref_axis',(-1.,-3.57786716920214E-18,1.75740943151406E-15));
#8320=DIRECTION('center_axis',(-1.,-3.57786716920214E-18,1.75740943151406E-15));
#8321=DIRECTION('ref_axis',(3.57786716920218E-18,-1.,2.29243154487174E-17));
#8322=DIRECTION('',(-3.57786716920218E-18,1.,-2.29243154487174E-17));
#8323=DIRECTION('',(-1.75740943151406E-15,-2.29243154487174E-17,-1.));
#8324=DIRECTION('',(3.57786716920218E-18,-1.,2.29243154487174E-17));
#8325=DIRECTION('',(-1.75740943151406E-15,-2.29243154487174E-17,-1.));
#8326=DIRECTION('center_axis',(3.57786716920218E-18,-1.,2.29243154487174E-17));
#8327=DIRECTION('ref_axis',(1.,3.57786716920214E-18,-1.75740943151406E-15));
#8328=DIRECTION('',(-3.57786716920218E-18,1.,-2.29243154487174E-17));
#8329=DIRECTION('center_axis',(-3.57786716920218E-18,1.,-2.29243154487174E-17));
#8330=DIRECTION('ref_axis',(-1.,-3.57786716920214E-18,1.75740943151406E-15));
#8331=DIRECTION('center_axis',(1.75740943151406E-15,2.29243154487174E-17,
1.));
#8332=DIRECTION('ref_axis',(3.57786716920218E-18,-1.,2.29243154487174E-17));
#8333=DIRECTION('',(-3.57786716920218E-18,1.,-2.29243154487174E-17));
#8334=DIRECTION('',(-1.,-3.57786716920214E-18,1.75740943151406E-15));
#8335=DIRECTION('center_axis',(3.57786716920218E-18,-1.,2.29243154487174E-17));
#8336=DIRECTION('ref_axis',(1.,3.57786716920214E-18,-1.75740943151406E-15));
#8337=DIRECTION('',(-3.57786716920218E-18,1.,-2.29243154487174E-17));
#8338=DIRECTION('center_axis',(-3.57786716920218E-18,1.,-2.29243154487174E-17));
#8339=DIRECTION('ref_axis',(-1.,-3.57786716920214E-18,1.75740943151406E-15));
#8340=DIRECTION('center_axis',(0.777042646069039,1.72098188174736E-17,0.629447953519611));
#8341=DIRECTION('ref_axis',(0.629447953519611,-1.55610895679734E-17,-0.777042646069039));
#8342=DIRECTION('',(0.629447953519611,-1.55610895679734E-17,-0.777042646069039));
#8343=DIRECTION('',(-3.57786716920218E-18,1.,-2.29243154487174E-17));
#8344=DIRECTION('',(0.629447953519611,-1.55610895679734E-17,-0.777042646069039));
#8345=DIRECTION('center_axis',(-0.777042646069039,-1.72098188174736E-17,
-0.629447953519611));
#8346=DIRECTION('ref_axis',(-0.629447953519611,0.,0.777042646069039));
#8347=DIRECTION('center_axis',(-0.777042646069039,-1.72098188174736E-17,
-0.629447953519611));
#8348=DIRECTION('ref_axis',(0.629447953519611,3.39825884753617E-31,-0.777042646069039));
#8349=DIRECTION('center_axis',(-0.777042646069039,-1.72098188174736E-17,
-0.629447953519611));
#8350=DIRECTION('ref_axis',(0.629447953519611,0.,-0.777042646069039));
#8351=DIRECTION('',(0.629447953519611,-1.55610895679734E-17,-0.777042646069039));
#8352=DIRECTION('center_axis',(0.35355339059328,0.707106781186537,0.612372435695803));
#8353=DIRECTION('ref_axis',(-0.894427190999911,0.447213595499968,1.56162271572967E-15));
#8354=DIRECTION('',(8.36000212184209E-15,0.654653670707991,-0.755928946018443));
#8355=DIRECTION('',(-0.866025403784438,8.36363386446334E-18,0.500000000000001));
#8356=DIRECTION('',(0.654653670707975,-0.654653670707989,0.37796447300921));
#8357=DIRECTION('',(0.866025403784438,-8.36363386446334E-18,-0.500000000000001));
#8358=DIRECTION('center_axis',(-2.52993413752758E-18,0.707106781186548,
-0.707106781186547));
#8359=DIRECTION('ref_axis',(-1.,0.,3.57786716920218E-18));
#8360=DIRECTION('',(2.72367624753289E-33,-0.707106781186547,-0.707106781186548));
#8361=DIRECTION('',(-1.,-3.57786716920218E-18,0.));
#8362=DIRECTION('center_axis',(-0.524783339750816,1.33808776659049E-16,
-0.851235834725007));
#8363=DIRECTION('ref_axis',(-0.851235834725007,0.,0.524783339750816));
#8364=DIRECTION('',(2.92163953848725E-16,1.,-9.86076131526265E-32));
#8365=DIRECTION('center_axis',(0.0327064513945013,0.,-0.999465000906575));
#8366=DIRECTION('ref_axis',(-0.999465000906575,0.,-0.0327064513945013));
#8367=DIRECTION('',(3.85185988877447E-33,-1.,1.2604810385192E-34));
#8368=DIRECTION('',(0.999465000906575,0.,0.0327064513945013));
#8369=DIRECTION('',(0.,-1.,0.));
#8370=DIRECTION('center_axis',(-0.0327064513945013,0.,0.999465000906575));
#8371=DIRECTION('ref_axis',(-0.999465000906575,0.,-0.0327064513945013));
#8372=DIRECTION('',(0.,-1.,0.));
#8373=DIRECTION('center_axis',(-0.0327064513945013,0.,0.999465000906575));
#8374=DIRECTION('ref_axis',(-0.999465000906575,0.,-0.0327064513945013));
#8375=DIRECTION('',(0.,-1.,0.));
#8376=DIRECTION('',(0.999465000906575,4.32572602248595E-18,0.0327064513945013));
#8377=DIRECTION('center_axis',(0.999465000906575,0.,0.0327064513945013));
#8378=DIRECTION('ref_axis',(0.0327064513945013,0.,-0.999465000906575));
#8379=DIRECTION('center_axis',(-1.,-3.85185988877447E-33,0.));
#8380=DIRECTION('ref_axis',(0.,0.,-1.));
#8381=DIRECTION('',(0.999465000906575,0.,0.0327064513945013));
#8382=DIRECTION('center_axis',(0.999866241280946,0.,0.0163554133763934));
#8383=DIRECTION('ref_axis',(-0.0163554133763934,0.,0.999866241280946));
#8384=DIRECTION('center_axis',(1.,3.85185988877447E-33,0.));
#8385=DIRECTION('ref_axis',(3.85185988877447E-33,-1.,-2.92163953848725E-17));
#8386=DIRECTION('',(3.85185988877447E-33,-1.,-2.92163953848725E-17));
#8387=DIRECTION('',(3.85185988877447E-33,-1.,0.));
#8388=DIRECTION('',(0.,0.,-1.));
#8389=DIRECTION('',(0.,0.,-1.));
#8390=DIRECTION('center_axis',(0.,0.,1.));
#8391=DIRECTION('ref_axis',(1.,0.,0.));
#8392=DIRECTION('',(1.,0.,0.));
#8393=DIRECTION('',(0.,-1.,0.));
#8394=DIRECTION('center_axis',(0.,0.,1.));
#8395=DIRECTION('ref_axis',(1.,0.,0.));
#8396=DIRECTION('center_axis',(3.57786716920218E-18,-1.,2.29243154487174E-17));
#8397=DIRECTION('ref_axis',(1.,3.57786716920214E-18,-1.75740943151406E-15));
#8398=DIRECTION('',(1.,3.57786716920218E-18,0.));
#8399=DIRECTION('center_axis',(3.57786716920218E-18,-1.,2.29243154487174E-17));
#8400=DIRECTION('ref_axis',(0.,0.,-1.));
#8401=DIRECTION('',(0.0603985676643488,2.30985614951697E-17,0.99817433999482));
#8402=DIRECTION('',(-1.,-3.57786716920214E-18,1.75740943151406E-15));
#8403=DIRECTION('',(-1.75740943151406E-15,-2.29243154487174E-17,-1.));
#8404=DIRECTION('center_axis',(3.57786716920218E-18,-1.,2.29243154487174E-17));
#8405=DIRECTION('ref_axis',(1.,3.57786716920214E-18,-1.75740943151406E-15));
#8406=DIRECTION('',(-1.75740943151406E-15,-2.29243154487174E-17,-1.));
#8407=DIRECTION('',(-0.86602540378444,-1.45606815842541E-17,-0.499999999999998));
#8408=DIRECTION('',(-0.866025403784438,8.36363386446334E-18,0.500000000000001));
#8409=DIRECTION('',(0.866025403784439,1.45606815842541E-17,0.5));
#8410=DIRECTION('',(0.866025403784438,-8.36363386446332E-18,-0.5));
#8411=DIRECTION('',(-1.75740943151406E-15,-2.29243154487174E-17,-1.));
#8412=DIRECTION('',(-0.866025403784439,-1.45606815842541E-17,-0.5));
#8413=DIRECTION('',(-0.866025403784438,8.36363386446332E-18,0.5));
#8414=DIRECTION('',(0.866025403784438,1.45606815842541E-17,0.500000000000001));
#8415=DIRECTION('',(0.866025403784439,-8.36363386446331E-18,-0.5));
#8416=DIRECTION('',(-1.75740943151406E-15,-2.29243154487174E-17,-1.));
#8417=DIRECTION('',(-0.866025403784438,-1.45606815842541E-17,-0.500000000000001));
#8418=DIRECTION('',(-0.866025403784439,8.36363386446331E-18,0.5));
#8419=DIRECTION('',(1.75740943151406E-15,2.29243154487174E-17,1.));
#8420=DIRECTION('center_axis',(0.,0.,-1.));
#8421=DIRECTION('ref_axis',(-1.,0.,0.));
#8422=DIRECTION('center_axis',(-1.74016148060369E-15,0.,-1.));
#8423=DIRECTION('ref_axis',(0.623609564462326,0.78173595997057,-1.42020206498746E-15));
#8424=DIRECTION('',(-1.74016148060369E-15,0.,-1.));
#8425=DIRECTION('center_axis',(-1.75740943151406E-15,-2.29243154487174E-17,
-1.));
#8426=DIRECTION('ref_axis',(0.623609564462326,0.78173595997057,-1.42020206498746E-15));
#8427=DIRECTION('',(1.74016148060369E-15,2.29243154487174E-17,1.));
#8428=DIRECTION('center_axis',(1.74016148060369E-15,0.,1.));
#8429=DIRECTION('ref_axis',(1.,5.39879243158154E-31,-1.74016148060369E-15));
#8430=DIRECTION('',(1.74016148060369E-15,0.,1.));
#8431=DIRECTION('center_axis',(1.75567470803808E-15,1.59854215448104E-17,
1.));
#8432=DIRECTION('ref_axis',(1.,5.39879243158154E-31,-1.75567470803808E-15));
#8433=DIRECTION('center_axis',(1.74016148060369E-15,0.,1.));
#8434=DIRECTION('ref_axis',(-0.623609564462326,0.78173595997057,1.42020206498746E-15));
#8435=DIRECTION('',(-1.74016148060369E-15,-2.29243154487174E-17,-1.));
#8436=DIRECTION('center_axis',(-1.75740943151406E-15,-2.29243154487174E-17,
-1.));
#8437=DIRECTION('ref_axis',(-0.623609564462326,0.78173595997057,1.42020206498746E-15));
#8438=DIRECTION('center_axis',(1.75740943151406E-15,2.29243154487174E-17,
1.));
#8439=DIRECTION('ref_axis',(1.,0.,-1.4210854715202E-15));
#8440=DIRECTION('center_axis',(-1.75740943151406E-15,-2.29243154487174E-17,
-1.));
#8441=DIRECTION('ref_axis',(0.997183533758957,0.0749999999999934,-1.75207071073658E-15));
#8442=DIRECTION('center_axis',(4.0721764535898E-32,-1.,2.29243154487174E-17));
#8443=DIRECTION('ref_axis',(-1.,0.,1.77635683940025E-15));
#8444=DIRECTION('center_axis',(1.75740943151406E-15,2.29243154487174E-17,
1.));
#8445=DIRECTION('ref_axis',(0.997183533758957,0.0749999999999934,-1.75417907083716E-15));
#8446=DIRECTION('center_axis',(-1.75740943151406E-15,-2.29243154487174E-17,
-1.));
#8447=DIRECTION('ref_axis',(-3.57786716920218E-18,1.,-2.29243154487174E-17));
#8448=DIRECTION('',(-1.,-3.57786716920214E-18,1.75740943151406E-15));
#8449=DIRECTION('',(-3.57786716920218E-18,1.,-2.29243154487174E-17));
#8450=DIRECTION('',(-1.,-3.57786716920214E-18,1.75740943151406E-15));
#8451=DIRECTION('',(-1.,-3.57786716920214E-18,1.75740943151406E-15));
#8452=DIRECTION('center_axis',(1.75740943151406E-15,2.29243154487174E-17,
1.));
#8453=DIRECTION('ref_axis',(1.,-2.86553943108968E-18,-1.75740943151406E-15));
#8454=DIRECTION('center_axis',(-1.97372982155583E-15,0.,-1.));
#8455=DIRECTION('ref_axis',(1.,5.39879243158154E-31,-1.97372982155583E-15));
#8456=DIRECTION('',(-1.97372982155583E-15,0.,-1.));
#8457=DIRECTION('center_axis',(-1.75567470803808E-15,-1.59854215448104E-17,
-1.));
#8458=DIRECTION('ref_axis',(1.,5.39879243158154E-31,-1.75567470803808E-15));
#8459=DIRECTION('center_axis',(-1.75740943151406E-15,-2.29243154487174E-17,
-1.));
#8460=DIRECTION('ref_axis',(-1.,0.,1.4210854715202E-15));
#8461=DIRECTION('center_axis',(-2.22044604925031E-16,-1.,2.29243154487178E-17));
#8462=DIRECTION('ref_axis',(1.,-2.22044604925031E-16,-1.77635683940025E-15));
#8463=DIRECTION('center_axis',(-1.75740943151406E-15,-2.29243154487174E-17,
-1.));
#8464=DIRECTION('ref_axis',(1.,-2.86553943108968E-18,-1.75207071073658E-15));
#8465=DIRECTION('center_axis',(-1.75740943151406E-15,-2.29243154487174E-17,
-1.));
#8466=DIRECTION('ref_axis',(1.,-2.86553943108968E-18,-1.75207071073658E-15));
#8467=DIRECTION('center_axis',(-1.97372982155583E-15,0.,-1.));
#8468=DIRECTION('ref_axis',(1.,5.39879243158154E-31,-1.97372982155583E-15));
#8469=DIRECTION('',(-1.97372982155583E-15,0.,-1.));
#8470=DIRECTION('center_axis',(-1.75567470803808E-15,-1.59854215448104E-17,
-1.));
#8471=DIRECTION('ref_axis',(1.,5.39879243158154E-31,-1.75567470803808E-15));
#8472=DIRECTION('center_axis',(-3.57786716920218E-18,1.,-2.29243154487174E-17));
#8473=DIRECTION('ref_axis',(-1.,-3.57786716920214E-18,1.75740943151406E-15));
#8474=DIRECTION('center_axis',(-3.57786716920218E-18,1.,-2.29243154487174E-17));
#8475=DIRECTION('ref_axis',(-1.,-3.57786716920214E-18,1.75740943151406E-15));
#8476=DIRECTION('center_axis',(-3.57786716920218E-18,1.,-2.29243154487174E-17));
#8477=DIRECTION('ref_axis',(-1.,-3.57786716920214E-18,1.75740943151406E-15));
#8478=DIRECTION('center_axis',(1.75567470803808E-15,1.59854215448104E-17,
1.));
#8479=DIRECTION('ref_axis',(1.,5.39879243158153E-31,-1.75567470803808E-15));
#8480=DIRECTION('center_axis',(1.75567470803808E-15,1.59854215448104E-17,
1.));
#8481=DIRECTION('ref_axis',(-1.,0.,0.));
#8482=DIRECTION('center_axis',(1.75567470803808E-15,1.59854215448104E-17,
1.));
#8483=DIRECTION('ref_axis',(1.,5.39879243158153E-31,-1.75567470803808E-15));
#8484=DIRECTION('center_axis',(1.75567470803808E-15,1.59854215448104E-17,
1.));
#8485=DIRECTION('ref_axis',(-1.,0.,0.));
#8486=DIRECTION('center_axis',(-3.57786716920218E-18,1.,-2.29243154487174E-17));
#8487=DIRECTION('ref_axis',(-1.,-3.57786716920214E-18,1.75740943151406E-15));
#8488=DIRECTION('center_axis',(-3.57786716920218E-18,1.,-2.29243154487174E-17));
#8489=DIRECTION('ref_axis',(-1.,-3.57786716920214E-18,1.75740943151406E-15));
#8490=DIRECTION('',(1.75740943151406E-15,2.29243154487174E-17,1.));
#8491=DIRECTION('center_axis',(-3.57786716920218E-18,1.,-2.29243154487174E-17));
#8492=DIRECTION('ref_axis',(-1.,-3.57786716920214E-18,1.75740943151406E-15));
#8493=DIRECTION('center_axis',(-1.,4.56506177888634E-17,0.));
#8494=DIRECTION('ref_axis',(-4.56506177888634E-17,-1.,0.));
#8495=DIRECTION('',(0.,0.,1.));
#8496=DIRECTION('',(-4.56506177888634E-17,-1.,0.));
#8497=DIRECTION('',(0.,0.,1.));
#8498=DIRECTION('',(-4.56506177888634E-17,-1.,0.));
#8499=DIRECTION('center_axis',(0.,1.,0.));
#8500=DIRECTION('ref_axis',(0.,0.,1.));
#8501=DIRECTION('',(0.,0.,1.));
#8502=DIRECTION('',(-1.,0.,0.));
#8503=DIRECTION('',(0.,0.,1.));
#8504=DIRECTION('',(1.,-4.56506177888634E-17,0.));
#8505=DIRECTION('center_axis',(0.,1.,0.));
#8506=DIRECTION('ref_axis',(0.,0.,1.));
#8507=DIRECTION('',(0.,0.,1.));
#8508=DIRECTION('',(1.,0.,0.));
#8509=DIRECTION('',(0.,0.,1.));
#8510=DIRECTION('',(1.,-4.56506177888634E-17,0.));
#8511=DIRECTION('center_axis',(0.996346649041751,0.,0.0854011413464359));
#8512=DIRECTION('ref_axis',(0.0854011413464359,0.,-0.996346649041751));
#8513=DIRECTION('',(0.,-1.,0.));
#8514=DIRECTION('center_axis',(0.996346649041751,0.,0.0854011413464359));
#8515=DIRECTION('ref_axis',(0.0854011413464359,0.,-0.996346649041751));
#8516=DIRECTION('',(-0.08509140416961,-0.0850914041696099,0.992733048645449));
#8517=DIRECTION('',(0.,-1.,0.));
#8518=DIRECTION('',(-0.08509140416961,0.0850914041696099,0.992733048645449));
#8519=DIRECTION('center_axis',(0.996346649041751,0.,0.0854011413464359));
#8520=DIRECTION('ref_axis',(-0.0854011413464359,0.,0.996346649041751));
#8521=DIRECTION('center_axis',(0.,0.,1.));
#8522=DIRECTION('ref_axis',(1.,0.,0.));
#8523=DIRECTION('center_axis',(0.,0.,-1.));
#8524=DIRECTION('ref_axis',(-1.,0.,0.));
#8525=DIRECTION('center_axis',(0.,0.,-1.));
#8526=DIRECTION('ref_axis',(-1.,0.,0.));
#8527=DIRECTION('center_axis',(0.,0.,-1.));
#8528=DIRECTION('ref_axis',(-1.,0.,0.));
#8529=DIRECTION('center_axis',(0.,0.,-1.));
#8530=DIRECTION('ref_axis',(-1.,0.,0.));
#8531=DIRECTION('',(1.,0.,0.));
#8532=DIRECTION('center_axis',(0.,0.,1.));
#8533=DIRECTION('ref_axis',(1.,0.,0.));
#8534=DIRECTION('',(0.,-1.,0.));
#8535=DIRECTION('',(1.,-4.56506177888634E-17,0.));
#8536=DIRECTION('center_axis',(0.,0.,1.));
#8537=DIRECTION('ref_axis',(1.,0.,0.));
#8538=DIRECTION('center_axis',(0.,0.,1.));
#8539=DIRECTION('ref_axis',(1.,0.,0.));
#8540=DIRECTION('',(1.,-4.56506177888634E-17,0.));
#8541=DIRECTION('center_axis',(0.,1.,0.));
#8542=DIRECTION('ref_axis',(0.,0.,1.));
#8543=DIRECTION('',(-0.0603985676643488,0.,-0.99817433999482));
#8544=DIRECTION('',(1.,0.,0.));
#8545=DIRECTION('center_axis',(0.,0.,-1.));
#8546=DIRECTION('ref_axis',(-1.,0.,0.));
#8547=DIRECTION('',(0.,0.,-1.));
#8548=DIRECTION('center_axis',(0.,0.,-1.));
#8549=DIRECTION('ref_axis',(-1.,0.,0.));
#8550=DIRECTION('',(0.,0.,-1.));
#8551=DIRECTION('center_axis',(-1.,4.56506177888634E-17,0.));
#8552=DIRECTION('ref_axis',(-4.56506177888634E-17,-1.,0.));
#8553=DIRECTION('',(0.,0.,1.));
#8554=DIRECTION('',(4.56506177888634E-17,1.,0.));
#8555=DIRECTION('',(0.,0.,1.));
#8556=DIRECTION('center_axis',(0.,0.,1.));
#8557=DIRECTION('ref_axis',(1.,0.,0.));
#8558=DIRECTION('center_axis',(0.,0.,1.));
#8559=DIRECTION('ref_axis',(1.,0.,0.));
#8560=DIRECTION('',(4.56506177888634E-17,1.,0.));
#8561=DIRECTION('center_axis',(0.,0.,1.));
#8562=DIRECTION('ref_axis',(1.,0.,0.));
#8563=DIRECTION('',(1.,0.,0.));
#8564=DIRECTION('center_axis',(0.,0.,1.));
#8565=DIRECTION('ref_axis',(1.,0.,0.));
#8566=DIRECTION('',(-4.56506177888634E-17,-1.,0.));
#8567=DIRECTION('center_axis',(0.,0.,1.));
#8568=DIRECTION('ref_axis',(1.,0.,0.));
#8569=DIRECTION('',(-1.,0.,0.));
#8570=DIRECTION('center_axis',(4.54838400606198E-17,0.996346649041751,0.0854011413464358));
#8571=DIRECTION('ref_axis',(0.,-0.0854011413464358,0.996346649041751));
#8572=DIRECTION('center_axis',(4.54838400606198E-17,0.996346649041751,0.0854011413464358));
#8573=DIRECTION('ref_axis',(3.89861486233883E-18,0.0854011413464358,-0.996346649041751));
#8574=DIRECTION('center_axis',(4.54838400606198E-17,0.996346649041751,0.0854011413464358));
#8575=DIRECTION('ref_axis',(-3.89861486233883E-18,-0.0854011413464358,0.996346649041751));
#8576=DIRECTION('center_axis',(4.54838400606198E-17,0.996346649041751,-0.0854011413464358));
#8577=DIRECTION('ref_axis',(0.,0.0854011413464358,0.996346649041751));
#8578=DIRECTION('center_axis',(4.54838400606198E-17,0.996346649041751,-0.0854011413464358));
#8579=DIRECTION('ref_axis',(3.89861486233883E-18,0.0854011413464358,0.996346649041751));
#8580=DIRECTION('center_axis',(4.54838400606198E-17,0.996346649041751,-0.0854011413464358));
#8581=DIRECTION('ref_axis',(-3.89861486233883E-18,-0.0854011413464358,-0.996346649041751));
#8582=DIRECTION('center_axis',(0.0603985676643488,0.,0.99817433999482));
#8583=DIRECTION('ref_axis',(0.99817433999482,0.,-0.0603985676643488));
#8584=DIRECTION('',(-0.0603985676643488,0.,-0.99817433999482));
#8585=DIRECTION('center_axis',(-0.0100536548484249,0.,-0.999949460734986));
#8586=DIRECTION('ref_axis',(0.999949460734986,0.,-0.0100536548484249));
#8587=DIRECTION('center_axis',(0.,0.,-1.));
#8588=DIRECTION('ref_axis',(-1.,0.,0.));
#8589=DIRECTION('center_axis',(0.,0.,1.));
#8590=DIRECTION('ref_axis',(1.,0.,0.));
#8591=DIRECTION('center_axis',(0.,0.,1.));
#8592=DIRECTION('ref_axis',(1.,0.,0.));
#8593=DIRECTION('center_axis',(0.,0.,1.));
#8594=DIRECTION('ref_axis',(1.,0.,0.));
#8595=DIRECTION('center_axis',(0.,0.,-1.));
#8596=DIRECTION('ref_axis',(-1.,0.,0.));
#8597=DIRECTION('center_axis',(0.,0.,1.));
#8598=DIRECTION('ref_axis',(1.,0.,0.));
#8599=DIRECTION('center_axis',(0.,0.,1.));
#8600=DIRECTION('ref_axis',(1.,0.,0.));
#8601=DIRECTION('center_axis',(0.,0.,1.));
#8602=DIRECTION('ref_axis',(1.,0.,0.));
#8603=DIRECTION('center_axis',(0.,1.,0.));
#8604=DIRECTION('ref_axis',(0.,0.,1.));
#8605=DIRECTION('center_axis',(-1.,0.,0.));
#8606=DIRECTION('ref_axis',(0.,0.,1.));
#8607=DIRECTION('center_axis',(-1.,0.,0.));
#8608=DIRECTION('ref_axis',(0.,0.,1.));
#8609=DIRECTION('center_axis',(0.,-1.,0.));
#8610=DIRECTION('ref_axis',(0.,0.,-1.));
#8611=DIRECTION('',(0.,-1.,0.));
#8612=DIRECTION('center_axis',(-0.707106781186547,3.22798614038605E-17,
0.707106781186548));
#8613=DIRECTION('ref_axis',(-4.56506177888634E-17,-1.,-1.54074395550979E-32));
#8614=DIRECTION('',(0.707106781186548,0.,0.707106781186547));
#8615=DIRECTION('',(-0.707106781186548,0.,-0.707106781186547));
#8616=DIRECTION('center_axis',(0.,0.,1.));
#8617=DIRECTION('ref_axis',(1.,0.,0.));
#8618=DIRECTION('',(0.,-0.707106781186548,-0.707106781186548));
#8619=DIRECTION('center_axis',(0.,0.,1.));
#8620=DIRECTION('ref_axis',(1.,0.,0.));
#8621=DIRECTION('',(0.,-0.707106781186548,0.707106781186548));
#8622=DIRECTION('center_axis',(0.,0.707106781186548,-0.707106781186548));
#8623=DIRECTION('ref_axis',(1.,0.,0.));
#8624=DIRECTION('',(0.,-0.707106781186548,-0.707106781186548));
#8625=DIRECTION('center_axis',(0.,0.707106781186548,0.707106781186548));
#8626=DIRECTION('ref_axis',(-1.,0.,0.));
#8627=DIRECTION('',(0.,-0.707106781186548,0.707106781186548));
#8628=DIRECTION('center_axis',(0.,0.,1.));
#8629=DIRECTION('ref_axis',(1.,0.,0.));
#8630=DIRECTION('',(0.707106781186548,0.,-0.707106781186547));
#8631=DIRECTION('center_axis',(0.,0.,1.));
#8632=DIRECTION('ref_axis',(1.,0.,0.));
#8633=DIRECTION('',(-0.707106781186548,0.,0.707106781186548));
#8634=DIRECTION('center_axis',(-0.707106781186548,3.22798614038605E-17,
-0.707106781186548));
#8635=DIRECTION('ref_axis',(4.56506177888633E-17,1.,-4.62223186652936E-32));
#8636=DIRECTION('center_axis',(0.,-1.,0.));
#8637=DIRECTION('ref_axis',(0.,0.,-1.));
#8638=DIRECTION('',(0.,-1.,0.));
#8639=DIRECTION('center_axis',(-0.99817433999482,0.,0.0603985676643488));
#8640=DIRECTION('ref_axis',(0.0603985676643488,0.,0.99817433999482));
#8641=DIRECTION('',(-1.38712824234234E-18,1.,-2.29243154487174E-17));
#8642=DIRECTION('center_axis',(-1.75740943151406E-15,-2.29243154487174E-17,
-1.));
#8643=DIRECTION('ref_axis',(-3.57786716920218E-18,1.,-2.29243154487174E-17));
#8644=DIRECTION('',(3.57786716920218E-18,-1.,2.29243154487174E-17));
#8645=DIRECTION('center_axis',(-1.,-3.57786716920214E-18,1.75740943151406E-15));
#8646=DIRECTION('ref_axis',(3.57786716920218E-18,-1.,2.29243154487174E-17));
#8647=DIRECTION('',(-3.57786716920218E-18,1.,-2.29243154487174E-17));
#8648=DIRECTION('',(1.75740943151406E-15,2.29243154487174E-17,1.));
#8649=DIRECTION('',(-3.57786716920218E-18,1.,-2.29243154487174E-17));
#8650=DIRECTION('center_axis',(0.707106781186555,0.70710678118654,-1.25888606525265E-15));
#8651=DIRECTION('ref_axis',(-0.70710678118654,0.707106781186555,1.22646618743692E-15));
#8652=DIRECTION('',(1.75740943151406E-15,2.29243154487174E-17,1.));
#8653=DIRECTION('',(0.654653670707969,-0.654653670707984,-0.377964473009228));
#8654=DIRECTION('',(0.654653670707981,-0.654653670707985,0.377964473009207));
#8655=DIRECTION('center_axis',(-0.353553390593278,0.707106781186539,0.612372435695801));
#8656=DIRECTION('ref_axis',(-0.894427190999911,-0.447213595499968,1.58212684680206E-15));
#8657=DIRECTION('',(-0.654653670707969,-0.654653670707984,0.377964473009228));
#8658=DIRECTION('',(-0.866025403784438,-1.45606815842541E-17,-0.500000000000001));
#8659=DIRECTION('',(8.36000212184209E-15,0.654653670707991,-0.755928946018443));
#8660=DIRECTION('center_axis',(0.353553390593279,0.707106781186537,0.612372435695804));
#8661=DIRECTION('ref_axis',(-0.894427190999911,0.447213595499968,1.56162271572967E-15));
#8662=DIRECTION('',(-0.866025403784439,8.36363386446331E-18,0.5));
#8663=DIRECTION('center_axis',(-0.707106781186555,0.70710678118654,1.22646618743695E-15));
#8664=DIRECTION('ref_axis',(-0.70710678118654,-0.707106781186555,1.25888606525262E-15));
#8665=DIRECTION('',(-0.654653670707971,-0.654653670707984,-0.377964473009226));
#8666=DIRECTION('',(-1.75740943151406E-15,-2.29243154487174E-17,-1.));
#8667=DIRECTION('center_axis',(-0.353553390593273,0.707106781186548,-0.612372435695794));
#8668=DIRECTION('ref_axis',(-0.894427190999917,-0.447213595499956,1.58212684680207E-15));
#8669=DIRECTION('',(-1.32613439541168E-15,-0.654653670707981,-0.755928946018451));
#8670=DIRECTION('',(0.866025403784439,-8.36363386446331E-18,-0.5));
#8671=DIRECTION('center_axis',(0.353553390593278,0.707106781186539,-0.612372435695801));
#8672=DIRECTION('ref_axis',(-0.894427190999911,0.447213595499968,1.56162271572967E-15));
#8673=DIRECTION('',(0.866025403784438,1.45606815842541E-17,0.500000000000001));
#8674=DIRECTION('center_axis',(-0.5,-2.16419731275584E-17,-0.866025403784439));
#8675=DIRECTION('ref_axis',(-0.866025403784439,8.36363386446331E-18,0.5));
#8676=DIRECTION('',(-3.57786716920218E-18,1.,-2.29243154487174E-17));
#8677=DIRECTION('',(-0.866025403784439,8.36363386446331E-18,0.5));
#8678=DIRECTION('',(-3.57786716920218E-18,1.,-2.29243154487174E-17));
#8679=DIRECTION('center_axis',(-1.,-3.57786716920214E-18,1.75740943151406E-15));
#8680=DIRECTION('ref_axis',(1.75740943151406E-15,2.29243154487174E-17,1.));
#8681=DIRECTION('',(1.75740943151406E-15,2.29243154487174E-17,1.));
#8682=DIRECTION('',(-3.57786716920218E-18,1.,-2.29243154487174E-17));
#8683=DIRECTION('center_axis',(-0.500000000000001,1.80641059583563E-17,
0.866025403784438));
#8684=DIRECTION('ref_axis',(0.866025403784438,1.45606815842541E-17,0.500000000000001));
#8685=DIRECTION('',(0.866025403784438,1.45606815842541E-17,0.500000000000001));
#8686=DIRECTION('',(-3.57786716920218E-18,1.,-2.29243154487174E-17));
#8687=DIRECTION('center_axis',(0.707106781186555,0.70710678118654,-1.25888606525265E-15));
#8688=DIRECTION('ref_axis',(-0.70710678118654,0.707106781186555,1.22646618743692E-15));
#8689=DIRECTION('',(1.75740943151406E-15,2.29243154487174E-17,1.));
#8690=DIRECTION('',(0.654653670707969,-0.654653670707984,-0.377964473009228));
#8691=DIRECTION('center_axis',(-0.353553390593259,0.707106781186546,0.612372435695805));
#8692=DIRECTION('ref_axis',(-0.894427190999922,-0.447213595499945,1.58212684680208E-15));
#8693=DIRECTION('',(-0.654653670707964,-0.65465367070798,0.377964473009245));
#8694=DIRECTION('',(-0.866025403784451,-1.45606815842537E-17,-0.499999999999979));
#8695=DIRECTION('center_axis',(-0.707106781186555,0.70710678118654,1.22646618743695E-15));
#8696=DIRECTION('ref_axis',(-0.70710678118654,-0.707106781186555,1.25888606525262E-15));
#8697=DIRECTION('',(-0.654653670707971,-0.654653670707984,-0.377964473009226));
#8698=DIRECTION('',(-1.75740943151406E-15,-2.29243154487174E-17,-1.));
#8699=DIRECTION('center_axis',(-0.35355339059328,0.707106781186537,-0.612372435695803));
#8700=DIRECTION('ref_axis',(-0.894427190999911,-0.447213595499968,1.58212684680206E-15));
#8701=DIRECTION('',(-1.32613439541167E-15,-0.654653670707991,-0.755928946018443));
#8702=DIRECTION('',(0.866025403784438,-8.36363386446334E-18,-0.500000000000001));
#8703=DIRECTION('center_axis',(0.353553390593278,0.707106781186537,-0.612372435695805));
#8704=DIRECTION('ref_axis',(-0.894427190999911,0.447213595499968,1.56162271572967E-15));
#8705=DIRECTION('',(0.86602540378444,1.45606815842541E-17,0.499999999999998));
#8706=DIRECTION('center_axis',(-0.500000000000001,-2.16419731275584E-17,
-0.866025403784438));
#8707=DIRECTION('ref_axis',(-0.866025403784438,8.36363386446334E-18,0.500000000000001));
#8708=DIRECTION('',(-3.57786716920218E-18,1.,-2.29243154487174E-17));
#8709=DIRECTION('',(-0.866025403784438,8.36363386446334E-18,0.500000000000001));
#8710=DIRECTION('',(-3.57786716920218E-18,1.,-2.29243154487174E-17));
#8711=DIRECTION('center_axis',(-1.,-3.57786716920214E-18,1.75740943151406E-15));
#8712=DIRECTION('ref_axis',(1.75740943151406E-15,2.29243154487174E-17,1.));
#8713=DIRECTION('',(1.75740943151406E-15,2.29243154487174E-17,1.));
#8714=DIRECTION('',(-3.57786716920218E-18,1.,-2.29243154487174E-17));
#8715=DIRECTION('center_axis',(-0.499999999999979,1.80641059583566E-17,
0.866025403784451));
#8716=DIRECTION('ref_axis',(0.866025403784451,1.45606815842537E-17,0.499999999999979));
#8717=DIRECTION('',(0.866025403784451,1.45606815842537E-17,0.499999999999979));
#8718=DIRECTION('',(-3.57786716920218E-18,1.,-2.29243154487174E-17));
#8719=DIRECTION('center_axis',(0.707106781186555,0.70710678118654,-1.25888606525265E-15));
#8720=DIRECTION('ref_axis',(-0.70710678118654,0.707106781186555,1.22646618743692E-15));
#8721=DIRECTION('',(1.75740943151406E-15,2.29243154487174E-17,1.));
#8722=DIRECTION('',(-0.654653670707974,0.654653670707989,0.377964473009212));
#8723=DIRECTION('',(0.654653670707971,-0.654653670707984,0.377964473009226));
#8724=DIRECTION('center_axis',(0.353553390593279,0.707106781186537,0.612372435695804));
#8725=DIRECTION('ref_axis',(-0.894427190999911,0.447213595499968,1.56162271572967E-15));
#8726=DIRECTION('',(-8.36000212184209E-15,-0.654653670707991,0.755928946018443));
#8727=DIRECTION('',(-0.866025403784438,8.36363386446332E-18,0.5));
#8728=DIRECTION('center_axis',(-0.353553390593278,0.707106781186539,0.612372435695802));
#8729=DIRECTION('ref_axis',(-0.894427190999911,-0.447213595499967,1.58212684680207E-15));
#8730=DIRECTION('',(-0.654653670707969,-0.654653670707984,0.377964473009228));
#8731=DIRECTION('',(-0.866025403784439,-1.45606815842541E-17,-0.5));
#8732=DIRECTION('center_axis',(0.353553390593279,0.707106781186537,-0.612372435695804));
#8733=DIRECTION('ref_axis',(-0.89442719099991,0.44721359549997,1.56162271572967E-15));
#8734=DIRECTION('',(0.866025403784439,1.45606815842541E-17,0.5));
#8735=DIRECTION('',(-1.10169554404166E-14,-0.654653670707986,-0.755928946018447));
#8736=DIRECTION('center_axis',(-0.707106781186555,0.70710678118654,1.22646618743695E-15));
#8737=DIRECTION('ref_axis',(-0.70710678118654,-0.707106781186555,1.25888606525262E-15));
#8738=DIRECTION('',(-0.654653670707971,-0.654653670707984,-0.377964473009226));
#8739=DIRECTION('',(-1.75740943151406E-15,-2.29243154487174E-17,-1.));
#8740=DIRECTION('center_axis',(-0.353553390593275,0.707106781186546,-0.612372435695796));
#8741=DIRECTION('ref_axis',(-0.894427190999915,-0.447213595499959,1.58212684680207E-15));
#8742=DIRECTION('',(0.866025403784438,-8.36363386446332E-18,-0.5));
#8743=DIRECTION('center_axis',(-0.5,1.80641059583563E-17,0.866025403784439));
#8744=DIRECTION('ref_axis',(0.866025403784439,1.45606815842541E-17,0.5));
#8745=DIRECTION('',(-3.57786716920218E-18,1.,-2.29243154487174E-17));
#8746=DIRECTION('',(0.866025403784439,1.45606815842541E-17,0.5));
#8747=DIRECTION('',(-3.57786716920218E-18,1.,-2.29243154487174E-17));
#8748=DIRECTION('center_axis',(0.5,2.16419731275584E-17,0.866025403784438));
#8749=DIRECTION('ref_axis',(0.866025403784438,-8.36363386446332E-18,-0.5));
#8750=DIRECTION('',(0.866025403784438,-8.36363386446332E-18,-0.5));
#8751=DIRECTION('',(-3.57786716920218E-18,1.,-2.29243154487174E-17));
#8752=DIRECTION('center_axis',(1.,3.57786716920214E-18,-1.75740943151406E-15));
#8753=DIRECTION('ref_axis',(-1.75740943151406E-15,-2.29243154487174E-17,
-1.));
#8754=DIRECTION('',(-1.75740943151406E-15,-2.29243154487174E-17,-1.));
#8755=DIRECTION('',(-3.57786716920218E-18,1.,-2.29243154487174E-17));
#8756=DIRECTION('center_axis',(0.5,2.16419731275584E-17,0.866025403784439));
#8757=DIRECTION('ref_axis',(0.866025403784439,-8.36363386446331E-18,-0.5));
#8758=DIRECTION('',(0.866025403784439,-8.36363386446331E-18,-0.5));
#8759=DIRECTION('',(-3.57786716920218E-18,1.,-2.29243154487174E-17));
#8760=DIRECTION('center_axis',(0.500000000000001,-1.80641059583563E-17,
-0.866025403784438));
#8761=DIRECTION('ref_axis',(-0.866025403784438,-1.45606815842541E-17,-0.500000000000001));
#8762=DIRECTION('',(-3.57786716920218E-18,1.,-2.29243154487174E-17));
#8763=DIRECTION('',(-0.866025403784438,-1.45606815842541E-17,-0.500000000000001));
#8764=DIRECTION('center_axis',(1.,3.57786716920214E-18,-1.75740943151406E-15));
#8765=DIRECTION('ref_axis',(-1.75740943151406E-15,-2.29243154487174E-17,
-1.));
#8766=DIRECTION('',(-1.75740943151406E-15,-2.29243154487174E-17,-1.));
#8767=DIRECTION('center_axis',(0.500000000000001,2.16419731275584E-17,0.866025403784438));
#8768=DIRECTION('ref_axis',(0.866025403784438,-8.36363386446334E-18,-0.500000000000001));
#8769=DIRECTION('',(0.866025403784438,-8.36363386446334E-18,-0.500000000000001));
#8770=DIRECTION('',(-3.57786716920218E-18,1.,-2.29243154487174E-17));
#8771=DIRECTION('center_axis',(0.499999999999998,-1.80641059583563E-17,
-0.86602540378444));
#8772=DIRECTION('ref_axis',(-0.86602540378444,-1.45606815842541E-17,-0.499999999999998));
#8773=DIRECTION('',(-3.57786716920218E-18,1.,-2.29243154487174E-17));
#8774=DIRECTION('',(-0.86602540378444,-1.45606815842541E-17,-0.499999999999998));
#8775=DIRECTION('center_axis',(1.,3.57786716920214E-18,-1.75740943151406E-15));
#8776=DIRECTION('ref_axis',(-1.75740943151406E-15,-2.29243154487174E-17,
-1.));
#8777=DIRECTION('',(-1.75740943151406E-15,-2.29243154487174E-17,-1.));
#8778=DIRECTION('center_axis',(0.5,-1.80641059583563E-17,-0.866025403784439));
#8779=DIRECTION('ref_axis',(-0.866025403784439,-1.45606815842541E-17,-0.5));
#8780=DIRECTION('',(-0.866025403784439,-1.45606815842541E-17,-0.5));
#8781=DIRECTION('',(-3.57786716920218E-18,1.,-2.29243154487174E-17));
#8782=DIRECTION('center_axis',(-1.,-3.57786716920214E-18,1.75740943151406E-15));
#8783=DIRECTION('ref_axis',(1.75740943151406E-15,2.29243154487174E-17,1.));
#8784=DIRECTION('',(-3.57786716920218E-18,1.,-2.29243154487174E-17));
#8785=DIRECTION('',(1.75740943151406E-15,2.29243154487174E-17,1.));
#8786=DIRECTION('center_axis',(-0.5,-2.16419731275584E-17,-0.866025403784438));
#8787=DIRECTION('ref_axis',(-0.866025403784438,8.36363386446332E-18,0.5));
#8788=DIRECTION('',(-0.866025403784438,8.36363386446332E-18,0.5));
#8789=DIRECTION('center_axis',(-3.57786716920218E-18,1.,-2.29243154487174E-17));
#8790=DIRECTION('ref_axis',(-1.,-3.57786716920214E-18,1.75740943151406E-15));
#8791=DIRECTION('',(3.57786716920218E-18,-1.,2.29243154487174E-17));
#8792=DIRECTION('center_axis',(-3.57786716920218E-18,1.,-2.29243154487174E-17));
#8793=DIRECTION('ref_axis',(-1.,-3.57786716920214E-18,1.75740943151406E-15));
#8794=DIRECTION('center_axis',(-3.57786716920218E-18,1.,-2.29243154487174E-17));
#8795=DIRECTION('ref_axis',(-1.,-3.57786716920214E-18,1.75740943151406E-15));
#8796=DIRECTION('',(3.57786716920218E-18,-1.,2.29243154487174E-17));
#8797=DIRECTION('center_axis',(-3.57786716920218E-18,1.,-2.29243154487174E-17));
#8798=DIRECTION('ref_axis',(-1.,-3.57786716920214E-18,1.75740943151406E-15));
#8799=DIRECTION('center_axis',(-3.57786716920218E-18,1.,-2.29243154487174E-17));
#8800=DIRECTION('ref_axis',(-1.,-3.57786716920214E-18,1.75740943151406E-15));
#8801=DIRECTION('',(3.57786716920218E-18,-1.,2.29243154487174E-17));
#8802=DIRECTION('center_axis',(-3.57786716920218E-18,1.,-2.29243154487174E-17));
#8803=DIRECTION('ref_axis',(-1.,-3.57786716920214E-18,1.75740943151406E-15));
#8804=DIRECTION('center_axis',(-3.57786716920218E-18,1.,-2.29243154487174E-17));
#8805=DIRECTION('ref_axis',(-1.,-3.57786716920214E-18,1.75740943151406E-15));
#8806=DIRECTION('center_axis',(-3.57786716920218E-18,1.,-2.29243154487174E-17));
#8807=DIRECTION('ref_axis',(-1.,-3.57786716920214E-18,1.75740943151406E-15));
#8808=DIRECTION('center_axis',(-3.57786716920218E-18,1.,-2.29243154487174E-17));
#8809=DIRECTION('ref_axis',(-1.,-3.57786716920214E-18,1.75740943151406E-15));
#8810=DIRECTION('center_axis',(-3.57786716920218E-18,1.,-2.29243154487174E-17));
#8811=DIRECTION('ref_axis',(-1.,-3.57786716920214E-18,1.75740943151406E-15));
#8812=DIRECTION('center_axis',(-3.57786716920218E-18,1.,-2.29243154487174E-17));
#8813=DIRECTION('ref_axis',(-1.,-3.57786716920214E-18,1.75740943151406E-15));
#8814=DIRECTION('center_axis',(-3.57786716920218E-18,1.,-2.29243154487174E-17));
#8815=DIRECTION('ref_axis',(-1.,-3.57786716920214E-18,1.75740943151406E-15));
#8816=DIRECTION('center_axis',(3.57786716920218E-18,-1.,2.29243154487174E-17));
#8817=DIRECTION('ref_axis',(1.,3.57786716920214E-18,-1.75740943151406E-15));
#8818=DIRECTION('',(3.57786716920218E-18,-1.,2.29243154487174E-17));
#8819=DIRECTION('center_axis',(3.57786716920218E-18,-1.,2.29243154487174E-17));
#8820=DIRECTION('ref_axis',(1.,3.57786716920214E-18,-1.75740943151406E-15));
#8821=DIRECTION('center_axis',(3.57786716920218E-18,-1.,2.29243154487174E-17));
#8822=DIRECTION('ref_axis',(1.,3.57786716920214E-18,-1.75740943151406E-15));
#8823=DIRECTION('center_axis',(-3.57786716920218E-18,1.,-2.29243154487174E-17));
#8824=DIRECTION('ref_axis',(-1.,-3.57786716920214E-18,1.75740943151406E-15));
#8825=DIRECTION('center_axis',(3.57786716920218E-18,-1.,2.29243154487174E-17));
#8826=DIRECTION('ref_axis',(1.,3.57786716920214E-18,-1.75740943151406E-15));
#8827=DIRECTION('center_axis',(-3.57786716920218E-18,1.,-2.29243154487174E-17));
#8828=DIRECTION('ref_axis',(-1.,-3.57786716920214E-18,1.75740943151406E-15));
#8829=DIRECTION('center_axis',(3.57786716920218E-18,-1.,2.29243154487174E-17));
#8830=DIRECTION('ref_axis',(1.,3.57786716920214E-18,-1.75740943151406E-15));
#8831=DIRECTION('',(3.57786716920218E-18,-1.,2.29243154487174E-17));
#8832=DIRECTION('center_axis',(3.57786716920218E-18,-1.,2.29243154487174E-17));
#8833=DIRECTION('ref_axis',(1.,3.57786716920214E-18,-1.75740943151406E-15));
#8834=DIRECTION('center_axis',(-3.57786716920218E-18,1.,-2.29243154487174E-17));
#8835=DIRECTION('ref_axis',(-1.,-3.57786716920214E-18,1.75740943151406E-15));
#8836=DIRECTION('center_axis',(3.57786716920218E-18,-1.,2.29243154487174E-17));
#8837=DIRECTION('ref_axis',(1.,3.57786716920214E-18,-1.75740943151406E-15));
#8838=DIRECTION('',(3.57786716920218E-18,-1.,2.29243154487174E-17));
#8839=DIRECTION('center_axis',(3.57786716920218E-18,-1.,2.29243154487174E-17));
#8840=DIRECTION('ref_axis',(1.,3.57786716920214E-18,-1.75740943151406E-15));
#8841=DIRECTION('center_axis',(3.57786716920218E-18,-1.,2.29243154487174E-17));
#8842=DIRECTION('ref_axis',(1.,3.57786716920214E-18,-1.75740943151406E-15));
#8843=DIRECTION('center_axis',(-3.57786716920218E-18,1.,-2.29243154487174E-17));
#8844=DIRECTION('ref_axis',(-1.,-3.57786716920214E-18,1.75740943151406E-15));
#8845=DIRECTION('center_axis',(3.57786716920218E-18,-1.,2.29243154487174E-17));
#8846=DIRECTION('ref_axis',(1.,3.57786716920214E-18,-1.75740943151406E-15));
#8847=DIRECTION('center_axis',(-3.57786716920218E-18,1.,-2.29243154487174E-17));
#8848=DIRECTION('ref_axis',(-1.,-3.57786716920214E-18,1.75740943151406E-15));
#8849=DIRECTION('center_axis',(3.57786716920218E-18,-1.,2.29243154487174E-17));
#8850=DIRECTION('ref_axis',(1.,3.57786716920214E-18,-1.75740943151406E-15));
#8851=DIRECTION('',(3.57786716920218E-18,-1.,2.29243154487174E-17));
#8852=DIRECTION('center_axis',(3.57786716920218E-18,-1.,2.29243154487174E-17));
#8853=DIRECTION('ref_axis',(1.,3.57786716920214E-18,-1.75740943151406E-15));
#8854=DIRECTION('center_axis',(-3.57786716920218E-18,1.,-2.29243154487174E-17));
#8855=DIRECTION('ref_axis',(-1.,-3.57786716920214E-18,1.75740943151406E-15));
#8856=DIRECTION('center_axis',(3.57786716920218E-18,-1.,2.29243154487174E-17));
#8857=DIRECTION('ref_axis',(1.,3.57786716920214E-18,-1.75740943151406E-15));
#8858=DIRECTION('',(3.57786716920218E-18,-1.,2.29243154487174E-17));
#8859=DIRECTION('center_axis',(3.57786716920218E-18,-1.,2.29243154487174E-17));
#8860=DIRECTION('ref_axis',(1.,3.57786716920214E-18,-1.75740943151406E-15));
#8861=DIRECTION('center_axis',(3.57786716920218E-18,-1.,2.29243154487174E-17));
#8862=DIRECTION('ref_axis',(1.,3.57786716920214E-18,-1.75740943151406E-15));
#8863=DIRECTION('center_axis',(-3.57786716920218E-18,1.,-2.29243154487174E-17));
#8864=DIRECTION('ref_axis',(-1.,-3.57786716920214E-18,1.75740943151406E-15));
#8865=DIRECTION('center_axis',(3.57786716920218E-18,-1.,2.29243154487174E-17));
#8866=DIRECTION('ref_axis',(1.,3.57786716920214E-18,-1.75740943151406E-15));
#8867=DIRECTION('center_axis',(-3.57786716920218E-18,1.,-2.29243154487174E-17));
#8868=DIRECTION('ref_axis',(-1.,-3.57786716920214E-18,1.75740943151406E-15));
#8869=DIRECTION('',(3.57786716920218E-18,-1.,2.29243154487174E-17));
#8870=DIRECTION('center_axis',(-3.57786716920218E-18,1.,-2.29243154487174E-17));
#8871=DIRECTION('ref_axis',(1.,3.57786716920214E-18,-1.75740943151406E-15));
#8872=DIRECTION('center_axis',(-3.57786716920218E-18,1.,-2.29243154487174E-17));
#8873=DIRECTION('ref_axis',(-1.,-3.57786716920214E-18,1.75740943151406E-15));
#8874=DIRECTION('center_axis',(-3.57786716920218E-18,1.,-2.29243154487174E-17));
#8875=DIRECTION('ref_axis',(1.,3.57786716920214E-18,-1.75740943151406E-15));
#8876=DIRECTION('center_axis',(-3.57786716920218E-18,1.,-2.29243154487174E-17));
#8877=DIRECTION('ref_axis',(-1.,-3.57786716920214E-18,1.75740943151406E-15));
#8878=DIRECTION('center_axis',(-3.57786716920218E-18,1.,-2.29243154487174E-17));
#8879=DIRECTION('ref_axis',(1.,3.57786716920214E-18,-1.75740943151406E-15));
#8880=DIRECTION('center_axis',(-3.57786716920218E-18,1.,-2.29243154487174E-17));
#8881=DIRECTION('ref_axis',(-1.,-3.57786716920214E-18,1.75740943151406E-15));
#8882=DIRECTION('center_axis',(-1.75740943151406E-15,-2.29243154487174E-17,
-1.));
#8883=DIRECTION('ref_axis',(-3.57786716920218E-18,1.,-2.29243154487174E-17));
#8884=DIRECTION('',(-3.57786716920218E-18,1.,-2.29243154487174E-17));
#8885=DIRECTION('',(-1.,-3.57786716920214E-18,1.75740943151406E-15));
#8886=DIRECTION('',(-3.57786716920218E-18,1.,-2.29243154487174E-17));
#8887=DIRECTION('center_axis',(-1.,-3.57786716920214E-18,1.75740943151406E-15));
#8888=DIRECTION('ref_axis',(3.57786716920218E-18,-1.,2.29243154487174E-17));
#8889=DIRECTION('',(1.75740943151406E-15,2.29243154487174E-17,1.));
#8890=DIRECTION('',(-3.57786716920218E-18,1.,-2.29243154487174E-17));
#8891=DIRECTION('center_axis',(-1.75740943151406E-15,-2.29243154487174E-17,
-1.));
#8892=DIRECTION('ref_axis',(-3.57786716920218E-18,1.,-2.29243154487174E-17));
#8893=DIRECTION('',(-1.,-3.57786716920214E-18,1.75740943151406E-15));
#8894=DIRECTION('',(-3.57786716920218E-18,1.,-2.29243154487174E-17));
#8895=DIRECTION('center_axis',(-1.,-3.57786716920214E-18,1.75740943151406E-15));
#8896=DIRECTION('ref_axis',(3.57786716920218E-18,-1.,2.29243154487174E-17));
#8897=DIRECTION('',(1.75740943151406E-15,2.29243154487174E-17,1.));
#8898=DIRECTION('',(-3.57786716920218E-18,1.,-2.29243154487174E-17));
#8899=DIRECTION('',(1.75740943151406E-15,2.29243154487174E-17,1.));
#8900=DIRECTION('',(-3.57786716920218E-18,1.,-2.29243154487174E-17));
#8901=DIRECTION('center_axis',(-1.75740943151406E-15,-2.29243154487174E-17,
-1.));
#8902=DIRECTION('ref_axis',(-3.57786716920218E-18,1.,-2.29243154487174E-17));
#8903=DIRECTION('',(-1.,-3.57786716920214E-18,1.75740943151406E-15));
#8904=DIRECTION('',(-1.,-3.57786716920214E-18,1.75740943151406E-15));
#8905=DIRECTION('',(-3.57786716920218E-18,1.,-2.29243154487174E-17));
#8906=DIRECTION('center_axis',(-1.,-3.57786716920214E-18,1.75740943151406E-15));
#8907=DIRECTION('ref_axis',(3.57786716920218E-18,-1.,2.29243154487174E-17));
#8908=DIRECTION('',(1.75740943151406E-15,2.29243154487174E-17,1.));
#8909=DIRECTION('',(1.75740943151406E-15,2.29243154487174E-17,1.));
#8910=DIRECTION('',(-3.57786716920218E-18,1.,-2.29243154487174E-17));
#8911=DIRECTION('center_axis',(-1.75740943151406E-15,-2.29243154487174E-17,
-1.));
#8912=DIRECTION('ref_axis',(-3.57786716920218E-18,1.,-2.29243154487174E-17));
#8913=DIRECTION('',(-1.,-3.57786716920214E-18,1.75740943151406E-15));
#8914=DIRECTION('',(-1.,-3.57786716920214E-18,1.75740943151406E-15));
#8915=DIRECTION('center_axis',(-1.,-3.57786716920214E-18,1.75740943151406E-15));
#8916=DIRECTION('ref_axis',(3.57786716920218E-18,-1.,2.29243154487174E-17));
#8917=DIRECTION('',(1.75740943151406E-15,2.29243154487174E-17,1.));
#8918=DIRECTION('center_axis',(3.57786716920218E-18,-1.,2.29243154487174E-17));
#8919=DIRECTION('ref_axis',(1.,3.57786716920214E-18,-1.75740943151406E-15));
#8920=DIRECTION('center_axis',(3.57786716920218E-18,-1.,2.29243154487174E-17));
#8921=DIRECTION('ref_axis',(1.,3.57786716920214E-18,-1.75740943151406E-15));
#8922=DIRECTION('center_axis',(3.57786716920218E-18,-1.,2.29243154487174E-17));
#8923=DIRECTION('ref_axis',(-1.,-3.57786716920214E-18,1.75740943151406E-15));
#8924=DIRECTION('',(0.707106781186547,-0.707106781186548,-1.31306179306049E-15));
#8925=DIRECTION('center_axis',(3.57786716920218E-18,-1.,2.29243154487174E-17));
#8926=DIRECTION('ref_axis',(-1.,-3.57786716920214E-18,1.75740943151406E-15));
#8927=DIRECTION('',(0.707106781186547,-0.707106781186548,-1.31306179306049E-15));
#8928=DIRECTION('center_axis',(3.57786716920218E-18,-1.,2.29243154487174E-17));
#8929=DIRECTION('ref_axis',(-1.,-3.57786716920214E-18,1.75740943151406E-15));
#8930=DIRECTION('',(0.707106781186547,-0.707106781186548,-1.31306179306049E-15));
#8931=DIRECTION('center_axis',(-3.57786716920218E-18,1.,-2.29243154487174E-17));
#8932=DIRECTION('ref_axis',(1.,3.57786716920214E-18,-1.75740943151406E-15));
#8933=DIRECTION('',(-0.707106781186549,0.707106781186546,1.13987058181339E-15));
#8934=DIRECTION('center_axis',(-3.57786716920218E-18,1.,-2.29243154487174E-17));
#8935=DIRECTION('ref_axis',(1.,3.57786716920214E-18,-1.75740943151406E-15));
#8936=DIRECTION('',(-0.707106781186549,0.707106781186546,1.13987058181339E-15));
#8937=DIRECTION('center_axis',(-3.57786716920218E-18,1.,-2.29243154487174E-17));
#8938=DIRECTION('ref_axis',(1.,3.57786716920214E-18,-1.75740943151406E-15));
#8939=DIRECTION('',(-0.707106781186549,0.707106781186546,1.13987058181339E-15));
#8940=DIRECTION('center_axis',(-3.57786716920218E-18,1.,-2.29243154487174E-17));
#8941=DIRECTION('ref_axis',(1.,3.57786716920214E-18,-1.75740943151406E-15));
#8942=DIRECTION('',(-0.707106781186549,0.707106781186546,1.13987058181339E-15));
#8943=DIRECTION('center_axis',(-3.57786716920218E-18,1.,-2.29243154487174E-17));
#8944=DIRECTION('ref_axis',(1.,3.57786716920214E-18,-1.75740943151406E-15));
#8945=DIRECTION('',(-0.707106781186549,0.707106781186546,1.13987058181339E-15));
#8946=DIRECTION('center_axis',(-3.57786716920218E-18,1.,-2.29243154487174E-17));
#8947=DIRECTION('ref_axis',(-1.,-3.57786716920214E-18,1.75740943151406E-15));
#8948=DIRECTION('center_axis',(-3.57786716920218E-18,1.,-2.29243154487174E-17));
#8949=DIRECTION('ref_axis',(-1.,-3.57786716920214E-18,1.75740943151406E-15));
#8950=DIRECTION('axis',(0.,0.,1.));
#8951=DIRECTION('refdir',(1.,0.,0.));
#8952=DIRECTION('center_axis',(1.,3.57786716920214E-18,1.75740943151406E-15));
#8953=DIRECTION('ref_axis',(1.04672830578918E-15,0.707106781186546,-0.707106781186549));
#8954=DIRECTION('',(-1.,-3.57786716920214E-18,-1.75740943151406E-15));
#8955=DIRECTION('center_axis',(1.,4.38256058456118E-30,1.48029736616688E-15));
#8956=DIRECTION('ref_axis',(1.48029736616688E-15,0.,-1.));
#8957=DIRECTION('',(1.,3.57786716920214E-18,1.75740943151406E-15));
#8958=DIRECTION('center_axis',(-0.777042646069039,-1.72098188174736E-17,
0.629447953519611));
#8959=DIRECTION('ref_axis',(-0.629447953519611,-1.43781772796917E-16,-0.777042646069039));
#8960=DIRECTION('center_axis',(1.,3.57786716920214E-18,1.75740943151406E-15));
#8961=DIRECTION('ref_axis',(1.04672830578918E-15,0.707106781186546,-0.707106781186549));
#8962=DIRECTION('',(-1.,-3.57786716920214E-18,-1.75740943151406E-15));
#8963=DIRECTION('center_axis',(1.,0.,1.48029736616687E-15));
#8964=DIRECTION('ref_axis',(1.48029736616687E-15,-7.40148683083434E-16,
-1.));
#8965=DIRECTION('center_axis',(-0.753749623364464,-0.46468349727418,-0.464683497274183));
#8966=DIRECTION('ref_axis',(-0.293187437173153,-0.395048411945166,0.870619250248604));
#8967=DIRECTION('',(0.753749623364464,0.46468349727418,0.464683497274183));
#8968=DIRECTION('center_axis',(3.51481886302811E-15,2.51511100314413E-32,
-1.));
#8969=DIRECTION('ref_axis',(-0.851235834725008,-0.524783339750814,-3.04277470818873E-15));
#8970=DIRECTION('',(-0.753749623364464,-0.46468349727418,-0.464683497274183));
#8971=DIRECTION('center_axis',(0.826505032089426,0.239293911910704,0.50953690313198));
#8972=DIRECTION('ref_axis',(-0.20369555284992,0.97094717864695,-0.125577458274538));
#8973=DIRECTION('center_axis',(0.,0.,1.));
#8974=DIRECTION('ref_axis',(1.,0.,0.));
#8975=DIRECTION('center_axis',(-0.851235834725006,1.84270871086133E-15,
-0.524783339750818));
#8976=DIRECTION('ref_axis',(-0.524783339750817,-7.40148683083437E-16,0.851235834725006));
#8977=DIRECTION('center_axis',(3.21779259473446E-30,-1.,-1.7389979436722E-15));
#8978=DIRECTION('ref_axis',(-1.,0.,-1.85037170770859E-15));
#8979=DIRECTION('center_axis',(-2.96059473233375E-15,0.,1.));
#8980=DIRECTION('ref_axis',(0.,-1.,0.));
#8981=DIRECTION('center_axis',(0.,0.,1.));
#8982=DIRECTION('ref_axis',(1.,0.,0.));
#8983=DIRECTION('center_axis',(1.48029736616687E-15,1.,9.12597148700099E-16));
#8984=DIRECTION('ref_axis',(-0.524783339750817,0.,0.851235834725006));
#8985=DIRECTION('center_axis',(-0.851235834725008,0.,-0.524783339750815));
#8986=DIRECTION('ref_axis',(0.,1.,0.));
#8987=DIRECTION('center_axis',(-1.48029736616688E-15,0.,1.));
#8988=DIRECTION('ref_axis',(-1.,0.,-1.48029736616688E-15));
#8989=DIRECTION('center_axis',(-0.851235834725007,8.98469007636817E-18,
-0.524783339750817));
#8990=DIRECTION('ref_axis',(-0.371077858191526,0.707106781186548,0.601914631123043));
#8991=DIRECTION('center_axis',(-1.,4.60306591819556E-16,-3.5325278056255E-15));
#8992=DIRECTION('ref_axis',(-3.564050572435E-15,7.87551352581432E-16,1.));
#8993=DIRECTION('',(-0.851235834725007,8.98469007636817E-18,-0.524783339750817));
#8994=DIRECTION('',(0.851235834725007,-8.98469007636817E-18,0.524783339750817));
#8995=DIRECTION('center_axis',(3.51481886302811E-15,2.51511100314413E-32,
-1.));
#8996=DIRECTION('ref_axis',(-1.,-9.71044244551733E-17,-3.57048624480443E-15));
#8997=DIRECTION('center_axis',(1.75740943151406E-15,2.29243154487174E-17,
-1.));
#8998=DIRECTION('ref_axis',(-0.707106781186547,0.707106781186548,-1.04672830578918E-15));
#8999=DIRECTION('',(1.75740943151406E-15,2.29243154487174E-17,-1.));
#9000=DIRECTION('center_axis',(-2.96059473233375E-15,0.,1.));
#9001=DIRECTION('ref_axis',(0.,1.,0.));
#9002=DIRECTION('',(-1.75740943151406E-15,-2.29243154487174E-17,1.));
#9003=DIRECTION('',(1.75740943151406E-15,2.29243154487174E-17,-1.));
#9004=DIRECTION('center_axis',(-3.5778671692032E-18,1.,6.0150720217489E-16));
#9005=DIRECTION('ref_axis',(-0.873150427976422,-3.17878508975299E-16,0.487450848932065));
#9006=DIRECTION('',(3.5778671692032E-18,-1.,-6.0150720217489E-16));
#9007=DIRECTION('',(-3.57786716920325E-18,1.,6.0150720217489E-16));
#9008=DIRECTION('center_axis',(1.75740943151406E-15,2.29243154487174E-17,
-1.));
#9009=DIRECTION('ref_axis',(-0.707106781186547,-0.707106781186547,-4.18691322315674E-15));
#9010=DIRECTION('center_axis',(-0.353553390593275,0.707106781186546,0.612372435695796));
#9011=DIRECTION('ref_axis',(0.273861278752583,-0.547722557505168,0.790569415042094));
#9012=DIRECTION('',(-1.75740943151406E-15,-2.29243154487174E-17,1.));
#9013=DIRECTION('',(1.75740943151406E-15,2.29243154487174E-17,-1.));
#9014=DIRECTION('center_axis',(-2.96059473233375E-15,0.,1.));
#9015=DIRECTION('ref_axis',(-1.,0.,-2.96059473233375E-15));
#9016=DIRECTION('',(-1.75740943151406E-15,-2.29243154487174E-17,1.));
#9017=DIRECTION('center_axis',(-0.353553390593278,0.707106781186539,-0.612372435695802));
#9018=DIRECTION('ref_axis',(0.273861278752593,-0.547722557505169,-0.790569415042089));
#9019=DIRECTION('',(-1.75740943151406E-15,-2.29243154487174E-17,1.));
#9020=DIRECTION('center_axis',(0.851235834725007,-8.98469007636817E-18,
0.524783339750817));
#9021=DIRECTION('ref_axis',(-0.371077858191527,-0.707106781186548,0.601914631123043));
#9022=DIRECTION('',(-0.851235834725007,8.98469007636817E-18,-0.524783339750817));
#9023=DIRECTION('',(0.851235834725007,-8.98469007636817E-18,0.524783339750817));
#9024=DIRECTION('center_axis',(2.48282231855204E-15,0.707106781186548,-0.707106781186547));
#9025=DIRECTION('ref_axis',(-0.916685574069098,-0.282566415461575,-0.282566415461578));
#9026=DIRECTION('center_axis',(1.75740943151406E-15,2.29243154487174E-17,
-1.));
#9027=DIRECTION('ref_axis',(-0.707106781186547,0.707106781186548,-1.04672830578918E-15));
#9028=DIRECTION('center_axis',(-2.96059473233376E-15,0.,1.));
#9029=DIRECTION('ref_axis',(0.,1.,0.));
#9030=DIRECTION('',(-1.75740943151406E-15,-2.29243154487174E-17,1.));
#9031=DIRECTION('center_axis',(-3.57786716920218E-18,1.,2.29243154487174E-17));
#9032=DIRECTION('ref_axis',(-0.707106781186545,0.,-0.70710678118655));
#9033=DIRECTION('center_axis',(1.75740943151406E-15,2.29243154487174E-17,
-1.));
#9034=DIRECTION('ref_axis',(-0.707106781186547,-0.707106781186547,-4.18691322315674E-15));
#9035=DIRECTION('center_axis',(-0.35355339059328,0.707106781186537,0.612372435695803));
#9036=DIRECTION('ref_axis',(0.273861278752592,-0.547722557505171,0.790569415042088));
#9037=DIRECTION('',(1.75740943151406E-15,2.29243154487174E-17,-1.));
#9038=DIRECTION('center_axis',(-2.96059473233376E-15,0.,1.));
#9039=DIRECTION('ref_axis',(-1.,0.,-2.96059473233376E-15));
#9040=DIRECTION('',(-1.75740943151406E-15,-2.29243154487174E-17,1.));
#9041=DIRECTION('center_axis',(1.,3.57786716920214E-18,1.75740943151406E-15));
#9042=DIRECTION('ref_axis',(0.,-0.707106781186546,-0.707106781186549));
#9043=DIRECTION('center_axis',(-0.777042646069039,-1.72098188174736E-17,
0.629447953519611));
#9044=DIRECTION('ref_axis',(-0.629447953519611,2.87563545593834E-16,-0.777042646069039));
#9045=DIRECTION('',(-1.,-3.57786716920214E-18,-1.75740943151406E-15));
#9046=DIRECTION('center_axis',(1.,0.,1.48029736616688E-15));
#9047=DIRECTION('ref_axis',(0.,-1.,0.));
#9048=DIRECTION('',(1.,3.57786716920214E-18,1.75740943151406E-15));
#9049=DIRECTION('center_axis',(1.,3.57786716920214E-18,1.75740943151406E-15));
#9050=DIRECTION('ref_axis',(0.,-0.707106781186546,-0.707106781186549));
#9051=DIRECTION('center_axis',(-0.353553390593259,0.707106781186546,-0.612372435695805));
#9052=DIRECTION('ref_axis',(-0.935414346693491,-0.267261241912412,0.23145502494313));
#9053=DIRECTION('center_axis',(1.,0.,1.48029736616687E-15));
#9054=DIRECTION('ref_axis',(0.,-1.,0.));
#9055=DIRECTION('',(1.,3.57786716920214E-18,1.75740943151406E-15));
#9056=DIRECTION('center_axis',(0.35355339059328,0.707106781186537,-0.612372435695803));
#9057=DIRECTION('ref_axis',(0.935414346693483,-0.267261241912425,0.231455024943147));
#9058=DIRECTION('center_axis',(3.57786716920218E-18,-1.,-2.29243154487174E-17));
#9059=DIRECTION('ref_axis',(-0.707106781186545,0.,-0.70710678118655));
#9060=DIRECTION('center_axis',(-3.57786716920218E-18,1.,2.29243154487174E-17));
#9061=DIRECTION('ref_axis',(1.,3.57786716920214E-18,1.75740943151406E-15));
#9062=DIRECTION('center_axis',(-3.57786716920218E-18,1.,2.29243154487174E-17));
#9063=DIRECTION('ref_axis',(1.,3.57786716920214E-18,1.75740943151406E-15));
#9064=DIRECTION('center_axis',(-3.57786716920218E-18,1.,2.29243154487174E-17));
#9065=DIRECTION('ref_axis',(1.,3.57786716920214E-18,1.75740943151406E-15));
#9066=DIRECTION('',(-0.707106781186549,0.707106781186546,-1.13987058181339E-15));
#9067=DIRECTION('center_axis',(-3.57786716920218E-18,1.,2.29243154487174E-17));
#9068=DIRECTION('ref_axis',(1.,3.57786716920214E-18,1.75740943151406E-15));
#9069=DIRECTION('center_axis',(1.,-4.60306591819556E-16,3.5325278056255E-15));
#9070=DIRECTION('ref_axis',(4.60306591819556E-16,1.,1.72563323017096E-30));
#9071=DIRECTION('',(-4.60306591819556E-16,-1.,-1.643045401735E-30));
#9072=DIRECTION('',(-2.17238845358735E-15,0.707106781186547,0.707106781186548));
#9073=DIRECTION('',(4.60306591819556E-16,1.,1.78193261502261E-31));
#9074=DIRECTION('',(-3.5325278056255E-15,2.10116830180493E-31,1.));
#9075=DIRECTION('center_axis',(-1.,4.60306591819556E-16,-3.5325278056255E-15));
#9076=DIRECTION('ref_axis',(-3.52827363999677E-15,2.80554112854093E-31,
1.));
#9077=DIRECTION('',(4.60306591819556E-16,1.,-1.12896887213021E-17));
#9078=DIRECTION('',(-3.5325278056255E-15,0.,1.));
#9079=DIRECTION('center_axis',(-0.524783339750817,-5.13902090418685E-16,
0.851235834725007));
#9080=DIRECTION('ref_axis',(0.851235834725007,0.,0.524783339750817));
#9081=DIRECTION('',(-9.42080386654325E-16,1.,-3.28609080347E-30));
#9082=DIRECTION('center_axis',(-3.51481886302811E-15,-2.51511100314413E-32,
1.));
#9083=DIRECTION('ref_axis',(1.,0.,3.51481886302811E-15));
#9084=DIRECTION('',(-1.,-3.5778671692021E-18,-3.51481886302811E-15));
#9085=DIRECTION('center_axis',(-2.48282231855204E-15,-0.707106781186548,
0.707106781186547));
#9086=DIRECTION('ref_axis',(1.,0.,3.51124099585891E-15));
#9087=DIRECTION('',(1.,3.5778671692021E-18,3.51481886302811E-15));
#9088=DIRECTION('center_axis',(0.353553390593275,-0.707106781186546,-0.612372435695796));
#9089=DIRECTION('ref_axis',(-0.894427190999915,-0.447213595499959,-1.58212684680207E-15));
#9090=DIRECTION('',(-0.654653670707971,-0.654653670707984,0.377964473009226));
#9091=DIRECTION('',(0.866025403784438,-8.36363386446332E-18,0.5));
#9092=DIRECTION('',(-1.10169554404166E-14,-0.654653670707986,0.755928946018447));
#9093=DIRECTION('',(-0.866025403784438,8.36363386446332E-18,-0.5));
#9094=DIRECTION('center_axis',(0.707106781186555,-0.70710678118654,1.22646618743695E-15));
#9095=DIRECTION('ref_axis',(-0.70710678118654,-0.707106781186555,-1.25888606525262E-15));
#9096=DIRECTION('',(-0.654653670707969,-0.654653670707984,-0.377964473009228));
#9097=DIRECTION('',(-1.75740943151406E-15,-2.29243154487174E-17,1.));
#9098=DIRECTION('center_axis',(0.353553390593278,-0.707106781186539,0.612372435695802));
#9099=DIRECTION('ref_axis',(-0.894427190999911,-0.447213595499967,-1.58212684680207E-15));
#9100=DIRECTION('',(0.866025403784439,1.45606815842541E-17,-0.5));
#9101=DIRECTION('',(-8.36000212184209E-15,-0.654653670707991,-0.755928946018443));
#9102=DIRECTION('',(-0.866025403784439,-1.45606815842541E-17,0.5));
#9103=DIRECTION('center_axis',(0.35355339059328,-0.707106781186537,-0.612372435695803));
#9104=DIRECTION('ref_axis',(-0.894427190999911,-0.447213595499968,-1.58212684680206E-15));
#9105=DIRECTION('',(-0.654653670707971,-0.654653670707984,0.377964473009226));
#9106=DIRECTION('',(0.866025403784438,-8.36363386446334E-18,0.500000000000001));
#9107=DIRECTION('',(-1.32613439541167E-15,-0.654653670707991,0.755928946018443));
#9108=DIRECTION('',(-0.866025403784438,8.36363386446334E-18,-0.500000000000001));
#9109=DIRECTION('center_axis',(0.707106781186555,-0.70710678118654,1.22646618743695E-15));
#9110=DIRECTION('ref_axis',(-0.70710678118654,-0.707106781186555,-1.25888606525262E-15));
#9111=DIRECTION('',(-0.654653670707964,-0.65465367070798,-0.377964473009245));
#9112=DIRECTION('',(-1.75740943151406E-15,-2.29243154487174E-17,1.));
#9113=DIRECTION('center_axis',(-3.57786716920218E-18,1.,2.29243154487174E-17));
#9114=DIRECTION('ref_axis',(1.,3.57786716920214E-18,1.75740943151406E-15));
#9115=DIRECTION('',(-0.866025403784439,-1.45606815842541E-17,0.5));
#9116=DIRECTION('',(-1.75740943151406E-15,-2.29243154487174E-17,1.));
#9117=DIRECTION('',(0.866025403784438,-8.36363386446332E-18,0.5));
#9118=DIRECTION('',(-0.86602540378444,-1.45606815842541E-17,0.499999999999998));
#9119=DIRECTION('',(-1.75740943151406E-15,-2.29243154487174E-17,1.));
#9120=DIRECTION('',(0.866025403784438,-8.36363386446334E-18,0.500000000000001));
#9121=DIRECTION('',(0.629447953519611,-1.55610895679734E-17,0.777042646069039));
#9122=DIRECTION('center_axis',(-3.57786716920218E-18,1.,2.29243154487174E-17));
#9123=DIRECTION('ref_axis',(1.,3.57786716920214E-18,1.75740943151406E-15));
#9124=DIRECTION('',(-1.75740943151406E-15,-2.29243154487174E-17,1.));
#9125=DIRECTION('',(-1.,-3.57786716920214E-18,-1.75740943151406E-15));
#9126=DIRECTION('',(-0.0603985676643489,3.00630566468663E-17,0.99817433999482));
#9127=DIRECTION('center_axis',(-1.18886812745533E-16,-1.,2.29243154487172E-17));
#9128=DIRECTION('ref_axis',(-6.57862440197086E-17,-1.23259516440783E-31,
1.));
#9129=DIRECTION('',(-1.,1.18886812745533E-16,-6.57862440197087E-17));
#9130=DIRECTION('',(0.866025403784438,1.45606815842541E-17,-0.500000000000001));
#9131=DIRECTION('',(1.75740943151406E-15,2.29243154487174E-17,-1.));
#9132=DIRECTION('',(-0.866025403784439,8.36363386446331E-18,-0.5));
#9133=DIRECTION('',(-0.866025403784438,-1.45606815842541E-17,0.500000000000001));
#9134=DIRECTION('',(-1.75740943151406E-15,-2.29243154487174E-17,1.));
#9135=DIRECTION('',(0.866025403784439,-8.36363386446331E-18,0.5));
#9136=DIRECTION('center_axis',(0.353553390593259,-0.707106781186546,0.612372435695805));
#9137=DIRECTION('ref_axis',(-0.894427190999922,-0.447213595499945,-1.58212684680208E-15));
#9138=DIRECTION('',(8.36000212184209E-15,0.654653670707991,0.755928946018443));
#9139=DIRECTION('',(-0.866025403784451,-1.45606815842537E-17,0.499999999999979));
#9140=DIRECTION('center_axis',(0.0327064513945012,-3.77134642384371E-18,
0.999465000906575));
#9141=DIRECTION('ref_axis',(-0.999465000906575,1.15247255394984E-16,0.0327064513945012));
#9142=DIRECTION('',(0.999465000906575,-1.15247255394984E-16,-0.0327064513945012));
#9143=DIRECTION('',(1.15308945576331E-16,1.,1.26217744835362E-31));
#9144=DIRECTION('center_axis',(-0.0327064513945012,3.77134642384371E-18,
-0.999465000906575));
#9145=DIRECTION('ref_axis',(-0.999465000906575,1.15247255394984E-16,0.0327064513945012));
#9146=DIRECTION('',(1.15308945576331E-16,1.,1.26217744835362E-31));
#9147=DIRECTION('center_axis',(-0.0327064513945012,3.77134642384371E-18,
-0.999465000906575));
#9148=DIRECTION('ref_axis',(-0.999465000906575,1.15247255394984E-16,0.0327064513945012));
#9149=DIRECTION('',(1.15308945576331E-16,1.,1.26217744835362E-31));
#9150=DIRECTION('',(0.999465000906575,-1.1957298141747E-16,-0.0327064513945012));
#9151=DIRECTION('center_axis',(0.999465000906575,-1.15247255394984E-16,
-0.0327064513945012));
#9152=DIRECTION('ref_axis',(0.0327064513945012,-3.77134642384358E-18,0.999465000906575));
#9153=DIRECTION('',(0.999465000906575,-1.15247255394984E-16,-0.0327064513945012));
#9154=DIRECTION('center_axis',(0.999866241280946,-1.15293521999475E-16,
-0.0163554133763933));
#9155=DIRECTION('ref_axis',(-0.0163554133763933,1.88592547089711E-18,-0.999866241280946));
#9156=DIRECTION('center_axis',(6.57862440197087E-17,1.4791141972894E-31,
-1.));
#9157=DIRECTION('ref_axis',(1.,-1.15308945576331E-16,6.57862440197091E-17));
#9158=DIRECTION('',(1.,-1.15308945576331E-16,6.57862440197091E-17));
#9159=DIRECTION('',(1.15308945576331E-16,1.,1.26217744835362E-31));
#9160=DIRECTION('center_axis',(6.57862440197087E-17,1.4791141972894E-31,
-1.));
#9161=DIRECTION('ref_axis',(1.,-1.15308945576331E-16,6.57862440197088E-17));
#9162=DIRECTION('center_axis',(-3.57786716920218E-18,1.,2.29243154487174E-17));
#9163=DIRECTION('ref_axis',(1.,3.57786716920214E-18,1.75740943151406E-15));
#9164=DIRECTION('',(1.,-1.18886812745533E-16,6.57862440197087E-17));
#9165=DIRECTION('center_axis',(1.18886812745533E-16,1.,-2.29243154487172E-17));
#9166=DIRECTION('ref_axis',(-6.57862440197086E-17,-1.23259516440783E-31,
1.));
#9167=DIRECTION('',(0.0603985676643489,-3.00630566468663E-17,-0.99817433999482));
#9168=DIRECTION('',(1.,3.57786716920214E-18,1.75740943151406E-15));
#9169=DIRECTION('',(1.75740943151406E-15,2.29243154487174E-17,-1.));
#9170=DIRECTION('center_axis',(-3.57786716920218E-18,1.,2.29243154487174E-17));
#9171=DIRECTION('ref_axis',(1.,3.57786716920214E-18,1.75740943151406E-15));
#9172=DIRECTION('',(0.629447953519611,-1.55610895679734E-17,0.777042646069039));
#9173=DIRECTION('center_axis',(-3.57786716920218E-18,1.,2.29243154487174E-17));
#9174=DIRECTION('ref_axis',(1.,3.57786716920214E-18,1.75740943151406E-15));
#9175=DIRECTION('',(1.75740943151406E-15,2.29243154487174E-17,-1.));
#9176=DIRECTION('',(-1.,-3.57786716920214E-18,-1.75740943151406E-15));
#9177=DIRECTION('',(1.75740943151406E-15,2.29243154487174E-17,-1.));
#9178=DIRECTION('',(-1.,-3.57786716920214E-18,-1.75740943151406E-15));
#9179=DIRECTION('center_axis',(-3.57786716920218E-18,1.,2.29243154487174E-17));
#9180=DIRECTION('ref_axis',(1.,3.57786716920214E-18,1.75740943151406E-15));
#9181=DIRECTION('center_axis',(-1.75647549448435E-15,0.,1.));
#9182=DIRECTION('ref_axis',(0.623609564462326,-0.78173595997057,1.42020206498746E-15));
#9183=DIRECTION('center_axis',(-0.777042646069039,-1.72098188174736E-17,
0.629447953519611));
#9184=DIRECTION('ref_axis',(0.629447953519611,0.,0.777042646069039));
#9185=DIRECTION('',(-1.75647549448435E-15,0.,1.));
#9186=DIRECTION('center_axis',(-1.75740943151406E-15,-2.29243154487174E-17,
1.));
#9187=DIRECTION('ref_axis',(0.623609564462326,-0.78173595997057,1.42020206498746E-15));
#9188=DIRECTION('',(1.75647549448435E-15,2.29243154487174E-17,-1.));
#9189=DIRECTION('center_axis',(1.75647549448435E-15,0.,-1.));
#9190=DIRECTION('ref_axis',(-1.,-7.15573433840375E-18,-1.75647549448435E-15));
#9191=DIRECTION('center_axis',(-0.777042646069039,-1.72098188174736E-17,
0.629447953519611));
#9192=DIRECTION('ref_axis',(-0.629447953519611,-4.50416233523826E-18,-0.777042646069039));
#9193=DIRECTION('',(1.75647549448435E-15,0.,-1.));
#9194=DIRECTION('center_axis',(1.75914415499003E-15,1.59854215448104E-17,
-1.));
#9195=DIRECTION('ref_axis',(-1.,-7.15573433840375E-18,-1.75914415499003E-15));
#9196=DIRECTION('center_axis',(-0.777042646069039,-1.72098188174736E-17,
0.629447953519611));
#9197=DIRECTION('ref_axis',(0.629447953519611,-1.55610895679734E-17,0.777042646069039));
#9198=DIRECTION('',(-3.57786716920218E-18,1.,2.29243154487174E-17));
#9199=DIRECTION('',(0.629447953519611,-1.55610895679734E-17,0.777042646069039));
#9200=DIRECTION('center_axis',(-0.777042646069039,-1.72098188174736E-17,
0.629447953519611));
#9201=DIRECTION('ref_axis',(-0.629447953519611,4.36767256750412E-17,-0.777042646069039));
#9202=DIRECTION('',(0.629447953519611,-1.55610895679734E-17,0.777042646069039));
#9203=DIRECTION('',(-3.57786716920218E-18,1.,2.29243154487174E-17));
#9204=DIRECTION('center_axis',(1.75647549448435E-15,0.,-1.));
#9205=DIRECTION('ref_axis',(-0.623609564462325,-0.78173595997057,-1.42020206498746E-15));
#9206=DIRECTION('',(-1.75647549448435E-15,-2.29243154487174E-17,1.));
#9207=DIRECTION('center_axis',(-1.75740943151406E-15,-2.29243154487174E-17,
1.));
#9208=DIRECTION('ref_axis',(-0.623609564462325,-0.78173595997057,-1.42020206498746E-15));
#9209=DIRECTION('center_axis',(1.75740943151406E-15,2.29243154487174E-17,
-1.));
#9210=DIRECTION('ref_axis',(-1.,0.,-1.4210854715202E-15));
#9211=DIRECTION('center_axis',(-1.75740943151406E-15,-2.29243154487174E-17,
1.));
#9212=DIRECTION('ref_axis',(0.997183533758957,-0.0749999999999917,1.75207071073657E-15));
#9213=DIRECTION('center_axis',(4.0721764535898E-32,-1.,-2.29243154487174E-17));
#9214=DIRECTION('ref_axis',(1.,0.,1.77635683940025E-15));
#9215=DIRECTION('center_axis',(1.75740943151406E-15,2.29243154487174E-17,
-1.));
#9216=DIRECTION('ref_axis',(0.997183533758957,-0.0749999999999917,1.75074042351985E-15));
#9217=DIRECTION('center_axis',(1.75740943151406E-15,2.29243154487174E-17,
-1.));
#9218=DIRECTION('ref_axis',(-3.57786716920218E-18,1.,2.29243154487174E-17));
#9219=DIRECTION('',(-1.,-3.57786716920214E-18,-1.75740943151406E-15));
#9220=DIRECTION('',(-3.57786716920218E-18,1.,2.29243154487174E-17));
#9221=DIRECTION('',(-1.,-3.57786716920214E-18,-1.75740943151406E-15));
#9222=DIRECTION('',(3.57786716920218E-18,-1.,-2.29243154487174E-17));
#9223=DIRECTION('',(-1.,-3.57786716920214E-18,-1.75740943151406E-15));
#9224=DIRECTION('center_axis',(1.75740943151406E-15,2.29243154487174E-17,
-1.));
#9225=DIRECTION('ref_axis',(-1.,-2.86553943108968E-18,-1.75740943151406E-15));
#9226=DIRECTION('center_axis',(-1.72701359386135E-15,0.,1.));
#9227=DIRECTION('ref_axis',(-1.,-7.15573433840375E-18,-1.72701359386135E-15));
#9228=DIRECTION('',(-1.72701359386135E-15,0.,1.));
#9229=DIRECTION('center_axis',(-1.75914415499003E-15,-1.59854215448104E-17,
1.));
#9230=DIRECTION('ref_axis',(-1.,-7.15573433840375E-18,-1.75914415499003E-15));
#9231=DIRECTION('center_axis',(-1.75740943151406E-15,-2.29243154487174E-17,
1.));
#9232=DIRECTION('ref_axis',(1.,0.,1.4210854715202E-15));
#9233=DIRECTION('center_axis',(2.22044604925031E-16,-1.,-2.2924315448717E-17));
#9234=DIRECTION('ref_axis',(-1.,-2.22044604925031E-16,-1.77635683940025E-15));
#9235=DIRECTION('center_axis',(-1.75740943151406E-15,-2.29243154487174E-17,
1.));
#9236=DIRECTION('ref_axis',(-1.,-2.86553943108968E-18,-1.75207071073657E-15));
#9237=DIRECTION('center_axis',(-1.75740943151406E-15,-2.29243154487174E-17,
1.));
#9238=DIRECTION('ref_axis',(-1.,-2.86553943108968E-18,-1.75207071073657E-15));
#9239=DIRECTION('center_axis',(-1.72701359386135E-15,0.,1.));
#9240=DIRECTION('ref_axis',(-1.,-7.15573433840375E-18,-1.72701359386135E-15));
#9241=DIRECTION('',(-1.72701359386135E-15,0.,1.));
#9242=DIRECTION('center_axis',(-1.75914415499003E-15,-1.59854215448104E-17,
1.));
#9243=DIRECTION('ref_axis',(-1.,-7.15573433840375E-18,-1.75914415499003E-15));
#9244=DIRECTION('center_axis',(3.57786716920218E-18,-1.,-2.29243154487174E-17));
#9245=DIRECTION('ref_axis',(-1.,-3.57786716920214E-18,-1.75740943151406E-15));
#9246=DIRECTION('',(-1.75740943151406E-15,-2.29243154487174E-17,1.));
#9247=DIRECTION('center_axis',(3.57786716920218E-18,-1.,-2.29243154487174E-17));
#9248=DIRECTION('ref_axis',(-1.,-3.57786716920214E-18,-1.75740943151406E-15));
#9249=DIRECTION('',(-1.,-3.57786716920214E-18,-1.75740943151406E-15));
#9250=DIRECTION('center_axis',(3.57786716920218E-18,-1.,-2.29243154487174E-17));
#9251=DIRECTION('ref_axis',(-1.,-3.57786716920214E-18,-1.75740943151406E-15));
#9252=DIRECTION('center_axis',(3.57786716920218E-18,-1.,-2.29243154487174E-17));
#9253=DIRECTION('ref_axis',(-1.,-3.57786716920214E-18,-1.75740943151406E-15));
#9254=DIRECTION('center_axis',(3.57786716920218E-18,-1.,-2.29243154487174E-17));
#9255=DIRECTION('ref_axis',(-1.,-3.57786716920214E-18,-1.75740943151406E-15));
#9256=DIRECTION('center_axis',(1.75914415499003E-15,1.59854215448104E-17,
-1.));
#9257=DIRECTION('ref_axis',(-1.,-7.15573433840375E-18,-1.75914415499003E-15));
#9258=DIRECTION('center_axis',(1.75914415499003E-15,1.59854215448104E-17,
-1.));
#9259=DIRECTION('ref_axis',(-1.,1.15308945576331E-16,-6.5786244019709E-17));
#9260=DIRECTION('center_axis',(1.75914415499003E-15,1.59854215448104E-17,
-1.));
#9261=DIRECTION('ref_axis',(-1.,-7.15573433840375E-18,-1.75914415499003E-15));
#9262=DIRECTION('center_axis',(1.75914415499003E-15,1.59854215448104E-17,
-1.));
#9263=DIRECTION('ref_axis',(-1.,1.15308945576331E-16,-6.5786244019709E-17));
#9264=DIRECTION('center_axis',(3.57786716920218E-18,-1.,-2.29243154487174E-17));
#9265=DIRECTION('ref_axis',(-1.,-3.57786716920214E-18,-1.75740943151406E-15));
#9266=DIRECTION('center_axis',(3.57786716920218E-18,-1.,-2.29243154487174E-17));
#9267=DIRECTION('ref_axis',(-1.,-3.57786716920214E-18,-1.75740943151406E-15));
#9268=DIRECTION('',(1.75740943151406E-15,2.29243154487174E-17,-1.));
#9269=DIRECTION('center_axis',(3.57786716920218E-18,-1.,-2.29243154487174E-17));
#9270=DIRECTION('ref_axis',(-1.,-3.57786716920214E-18,-1.75740943151406E-15));
#9271=DIRECTION('center_axis',(-1.,6.96583277874676E-17,-6.57862440197087E-17));
#9272=DIRECTION('ref_axis',(6.96583277874676E-17,1.,6.31088724176809E-32));
#9273=DIRECTION('',(6.5786244019709E-17,2.52435489670724E-31,-1.));
#9274=DIRECTION('',(6.96583277874676E-17,1.,6.31088724176809E-32));
#9275=DIRECTION('',(6.5786244019709E-17,2.52435489670724E-31,-1.));
#9276=DIRECTION('',(6.96583277874676E-17,1.,6.31088724176809E-32));
#9277=DIRECTION('center_axis',(-1.15308945576331E-16,-1.,-1.97215226305253E-31));
#9278=DIRECTION('ref_axis',(6.57862440197091E-17,2.52435489670724E-31,-1.));
#9279=DIRECTION('',(6.5786244019709E-17,2.52435489670724E-31,-1.));
#9280=DIRECTION('',(-1.,1.15308945576331E-16,-6.57862440197091E-17));
#9281=DIRECTION('',(6.5786244019709E-17,2.52435489670724E-31,-1.));
#9282=DIRECTION('',(1.,-6.96583277874676E-17,6.57862440197091E-17));
#9283=DIRECTION('center_axis',(-1.15308945576331E-16,-1.,-1.97215226305253E-31));
#9284=DIRECTION('ref_axis',(6.57862440197091E-17,2.52435489670724E-31,-1.));
#9285=DIRECTION('',(6.5786244019709E-17,2.52435489670724E-31,-1.));
#9286=DIRECTION('',(1.,-1.15308945576331E-16,6.57862440197091E-17));
#9287=DIRECTION('',(6.5786244019709E-17,2.52435489670724E-31,-1.));
#9288=DIRECTION('',(1.,-6.96583277874676E-17,6.57862440197091E-17));
#9289=DIRECTION('center_axis',(0.996346649041751,-1.14887681529515E-16,
-0.0854011413464358));
#9290=DIRECTION('ref_axis',(0.0854011413464358,-9.84751555967282E-18,0.996346649041751));
#9291=DIRECTION('',(1.15308945576331E-16,1.,1.26217744835362E-31));
#9292=DIRECTION('center_axis',(0.996346649041751,-1.14887681529515E-16,
-0.0854011413464358));
#9293=DIRECTION('ref_axis',(0.0854011413464358,-9.84751555967288E-18,0.996346649041751));
#9294=DIRECTION('',(-0.0850914041696099,0.0850914041696099,-0.992733048645449));
#9295=DIRECTION('',(1.15308945576331E-16,1.,1.26217744835362E-31));
#9296=DIRECTION('',(-0.08509140416961,-0.0850914041696099,-0.992733048645449));
#9297=DIRECTION('center_axis',(0.996346649041751,-1.14887681529515E-16,
-0.0854011413464358));
#9298=DIRECTION('ref_axis',(-0.0854011413464358,9.84751555967288E-18,-0.996346649041751));
#9299=DIRECTION('center_axis',(6.57862440197087E-17,1.4791141972894E-31,
-1.));
#9300=DIRECTION('ref_axis',(1.,-1.15308945576331E-16,6.57862440197091E-17));
#9301=DIRECTION('center_axis',(-6.57862440197087E-17,-1.4791141972894E-31,
1.));
#9302=DIRECTION('ref_axis',(-1.,1.15308945576331E-16,-6.5786244019709E-17));
#9303=DIRECTION('center_axis',(-6.57862440197087E-17,-1.4791141972894E-31,
1.));
#9304=DIRECTION('ref_axis',(-1.,1.15308945576331E-16,-6.5786244019709E-17));
#9305=DIRECTION('center_axis',(-6.57862440197087E-17,-1.4791141972894E-31,
1.));
#9306=DIRECTION('ref_axis',(-1.,1.15308945576331E-16,-6.5786244019709E-17));
#9307=DIRECTION('center_axis',(-6.57862440197087E-17,-1.4791141972894E-31,
1.));
#9308=DIRECTION('ref_axis',(-1.,1.15308945576331E-16,-6.5786244019709E-17));
#9309=DIRECTION('',(1.,-1.15308945576331E-16,6.57862440197091E-17));
#9310=DIRECTION('center_axis',(6.57862440197087E-17,1.4791141972894E-31,
-1.));
#9311=DIRECTION('ref_axis',(1.,-1.15308945576331E-16,6.57862440197089E-17));
#9312=DIRECTION('',(1.15308945576331E-16,1.,1.26217744835362E-31));
#9313=DIRECTION('',(1.,-6.96583277874676E-17,6.57862440197091E-17));
#9314=DIRECTION('center_axis',(6.57862440197087E-17,1.4791141972894E-31,
-1.));
#9315=DIRECTION('ref_axis',(1.,-1.15308945576331E-16,6.57862440197086E-17));
#9316=DIRECTION('center_axis',(6.57862440197087E-17,1.4791141972894E-31,
-1.));
#9317=DIRECTION('ref_axis',(1.,-1.15308945576331E-16,6.57862440197086E-17));
#9318=DIRECTION('',(1.,-6.96583277874676E-17,6.57862440197091E-17));
#9319=DIRECTION('center_axis',(-1.15308945576331E-16,-1.,-1.97215226305253E-31));
#9320=DIRECTION('ref_axis',(6.57862440197091E-17,2.52435489670724E-31,-1.));
#9321=DIRECTION('',(-0.0603985676643489,6.96449515169655E-18,0.99817433999482));
#9322=DIRECTION('',(1.,-1.15308945576331E-16,6.57862440197091E-17));
#9323=DIRECTION('center_axis',(-6.57862440197087E-17,-1.4791141972894E-31,
1.));
#9324=DIRECTION('ref_axis',(-1.,1.15308945576331E-16,-6.5786244019709E-17));
#9325=DIRECTION('',(-6.57862440197087E-17,-1.4791141972894E-31,1.));
#9326=DIRECTION('center_axis',(-6.57862440197087E-17,-1.4791141972894E-31,
1.));
#9327=DIRECTION('ref_axis',(-1.,1.15308945576331E-16,-6.5786244019709E-17));
#9328=DIRECTION('',(-6.57862440197087E-17,-1.4791141972894E-31,1.));
#9329=DIRECTION('center_axis',(-1.,6.96583277874676E-17,-6.57862440197087E-17));
#9330=DIRECTION('ref_axis',(6.96583277874676E-17,1.,6.31088724176809E-32));
#9331=DIRECTION('',(6.5786244019709E-17,2.52435489670724E-31,-1.));
#9332=DIRECTION('',(-6.96583277874676E-17,-1.,-6.31088724176809E-32));
#9333=DIRECTION('',(6.5786244019709E-17,2.52435489670724E-31,-1.));
#9334=DIRECTION('center_axis',(6.57862440197087E-17,1.4791141972894E-31,
-1.));
#9335=DIRECTION('ref_axis',(1.,-1.15308945576331E-16,6.57862440197091E-17));
#9336=DIRECTION('center_axis',(6.57862440197087E-17,1.4791141972894E-31,
-1.));
#9337=DIRECTION('ref_axis',(1.,-1.15308945576331E-16,6.57862440197088E-17));
#9338=DIRECTION('',(-6.96583277874676E-17,-1.,-6.31088724176809E-32));
#9339=DIRECTION('center_axis',(6.57862440197087E-17,1.4791141972894E-31,
-1.));
#9340=DIRECTION('ref_axis',(1.,-1.15308945576331E-16,6.57862440197088E-17));
#9341=DIRECTION('',(1.,-1.15308945576331E-16,6.57862440197091E-17));
#9342=DIRECTION('center_axis',(6.57862440197087E-17,1.4791141972894E-31,
-1.));
#9343=DIRECTION('ref_axis',(1.,-1.15308945576331E-16,6.57862440197088E-17));
#9344=DIRECTION('',(6.96583277874676E-17,1.,6.31088724176809E-32));
#9345=DIRECTION('center_axis',(6.57862440197087E-17,1.4791141972894E-31,
-1.));
#9346=DIRECTION('ref_axis',(1.,-1.15308945576331E-16,6.57862440197088E-17));
#9347=DIRECTION('',(-1.,1.15308945576331E-16,-6.57862440197091E-17));
#9348=DIRECTION('center_axis',(-6.3785621144717E-17,-0.996346649041751,
-0.0854011413464358));
#9349=DIRECTION('ref_axis',(7.53934193417524E-17,0.0854011413464358,-0.996346649041751));
#9350=DIRECTION('center_axis',(-6.3785621144717E-17,-0.996346649041751,
-0.0854011413464358));
#9351=DIRECTION('ref_axis',(-7.14948044794139E-17,-0.0854011413464358,0.996346649041751));
#9352=DIRECTION('center_axis',(-6.3785621144717E-17,-0.996346649041751,
-0.0854011413464358));
#9353=DIRECTION('ref_axis',(7.14948044794139E-17,0.0854011413464358,-0.996346649041751));
#9354=DIRECTION('center_axis',(-7.50220617930735E-17,-0.996346649041751,
0.0854011413464358));
#9355=DIRECTION('ref_axis',(5.56983882224064E-17,-0.0854011413464358,-0.996346649041751));
#9356=DIRECTION('center_axis',(-7.50220617930735E-17,-0.996346649041751,
0.0854011413464358));
#9357=DIRECTION('ref_axis',(5.9597003084746E-17,-0.0854011413464358,-0.996346649041751));
#9358=DIRECTION('center_axis',(-7.50220617930735E-17,-0.996346649041751,
0.0854011413464358));
#9359=DIRECTION('ref_axis',(-5.9597003084746E-17,0.0854011413464358,0.996346649041751));
#9360=DIRECTION('center_axis',(0.0603985676643489,-6.96449515169662E-18,
-0.99817433999482));
#9361=DIRECTION('ref_axis',(0.99817433999482,-1.15098430646153E-16,0.0603985676643489));
#9362=DIRECTION('',(-0.0603985676643489,6.96449515169655E-18,0.99817433999482));
#9363=DIRECTION('center_axis',(-0.010053654848425,1.15927633976008E-18,
0.999949460734986));
#9364=DIRECTION('ref_axis',(0.999949460734986,-1.15303117946972E-16,0.010053654848425));
#9365=DIRECTION('center_axis',(-6.57862440197087E-17,-1.4791141972894E-31,
1.));
#9366=DIRECTION('ref_axis',(-1.,1.15308945576331E-16,-6.57862440197086E-17));
#9367=DIRECTION('center_axis',(6.57862440197087E-17,1.4791141972894E-31,
-1.));
#9368=DIRECTION('ref_axis',(1.,-1.15308945576331E-16,6.57862440197086E-17));
#9369=DIRECTION('center_axis',(6.57862440197087E-17,1.4791141972894E-31,
-1.));
#9370=DIRECTION('ref_axis',(1.,-1.15308945576331E-16,6.57862440197086E-17));
#9371=DIRECTION('center_axis',(6.57862440197087E-17,1.4791141972894E-31,
-1.));
#9372=DIRECTION('ref_axis',(1.,-1.15308945576331E-16,6.57862440197086E-17));
#9373=DIRECTION('center_axis',(-6.57862440197087E-17,-1.4791141972894E-31,
1.));
#9374=DIRECTION('ref_axis',(-1.,1.15308945576331E-16,-6.57862440197086E-17));
#9375=DIRECTION('center_axis',(6.57862440197087E-17,1.4791141972894E-31,
-1.));
#9376=DIRECTION('ref_axis',(1.,-1.15308945576331E-16,6.57862440197086E-17));
#9377=DIRECTION('center_axis',(6.57862440197087E-17,1.4791141972894E-31,
-1.));
#9378=DIRECTION('ref_axis',(1.,-1.15308945576331E-16,6.57862440197086E-17));
#9379=DIRECTION('center_axis',(6.57862440197087E-17,1.4791141972894E-31,
-1.));
#9380=DIRECTION('ref_axis',(1.,-1.15308945576331E-16,6.57862440197086E-17));
#9381=DIRECTION('center_axis',(-1.15308945576331E-16,-1.,-1.97215226305253E-31));
#9382=DIRECTION('ref_axis',(6.57862440197086E-17,1.23259516440783E-31,-1.));
#9383=DIRECTION('center_axis',(-1.,1.15308945576331E-16,-6.57862440197087E-17));
#9384=DIRECTION('ref_axis',(6.57862440197086E-17,1.23259516440783E-31,-1.));
#9385=DIRECTION('center_axis',(-1.,1.15308945576331E-16,-6.57862440197087E-17));
#9386=DIRECTION('ref_axis',(6.57862440197086E-17,1.23259516440783E-31,-1.));
#9387=DIRECTION('center_axis',(1.15308945576331E-16,1.,1.97215226305253E-31));
#9388=DIRECTION('ref_axis',(-6.57862440197086E-17,-1.23259516440783E-31,
1.));
#9389=DIRECTION('',(1.15308945576331E-16,1.,1.26217744835362E-31));
#9390=DIRECTION('center_axis',(-0.707106781186547,4.92558759446338E-17,
-0.707106781186548));
#9391=DIRECTION('ref_axis',(6.96583277874676E-17,1.,6.31088724176809E-32));
#9392=DIRECTION('',(0.707106781186548,-8.15357373484942E-17,-0.707106781186547));
#9393=DIRECTION('',(-0.707106781186548,8.15357373484942E-17,0.707106781186547));
#9394=DIRECTION('center_axis',(6.57862440197087E-17,1.4791141972894E-31,
-1.));
#9395=DIRECTION('ref_axis',(1.,-1.15308945576331E-16,6.57862440197088E-17));
#9396=DIRECTION('',(3.50178380933653E-17,0.707106781186548,0.707106781186547));
#9397=DIRECTION('center_axis',(6.57862440197087E-17,1.4791141972894E-31,
-1.));
#9398=DIRECTION('ref_axis',(1.,-1.15308945576331E-16,6.57862440197088E-17));
#9399=DIRECTION('',(1.28053636603623E-16,0.707106781186547,-0.707106781186548));
#9400=DIRECTION('center_axis',(-1.28053636603623E-16,-0.707106781186548,
0.707106781186548));
#9401=DIRECTION('ref_axis',(1.,-1.15308945576331E-16,6.57862440197091E-17));
#9402=DIRECTION('',(3.50178380933653E-17,0.707106781186548,0.707106781186547));
#9403=DIRECTION('center_axis',(-3.50178380933654E-17,-0.707106781186548,
-0.707106781186548));
#9404=DIRECTION('ref_axis',(-1.,1.15308945576331E-16,-6.57862440197091E-17));
#9405=DIRECTION('',(1.28053636603623E-16,0.707106781186547,-0.707106781186548));
#9406=DIRECTION('center_axis',(6.57862440197087E-17,1.4791141972894E-31,
-1.));
#9407=DIRECTION('ref_axis',(1.,-1.15308945576331E-16,6.57862440197088E-17));
#9408=DIRECTION('',(0.707106781186548,-8.15357373484944E-17,0.707106781186547));
#9409=DIRECTION('center_axis',(6.57862440197087E-17,1.4791141972894E-31,
-1.));
#9410=DIRECTION('ref_axis',(1.,-1.15308945576331E-16,6.57862440197088E-17));
#9411=DIRECTION('',(-0.707106781186548,8.15357373484943E-17,-0.707106781186548));
#9412=DIRECTION('center_axis',(-0.707106781186548,4.92558759446337E-17,
0.707106781186548));
#9413=DIRECTION('ref_axis',(-6.96583277874677E-17,-1.,0.));
#9414=DIRECTION('center_axis',(1.15308945576331E-16,1.,1.97215226305253E-31));
#9415=DIRECTION('ref_axis',(-6.57862440197086E-17,-1.23259516440783E-31,
1.));
#9416=DIRECTION('',(1.15308945576331E-16,1.,1.26217744835362E-31));
#9417=DIRECTION('center_axis',(-0.99817433999482,1.15098430646153E-16,-0.0603985676643489));
#9418=DIRECTION('ref_axis',(0.0603985676643489,-6.96449515169654E-18,-0.99817433999482));
#9419=DIRECTION('',(-1.13921817333989E-16,-1.,-2.29243154487176E-17));
#9420=DIRECTION('center_axis',(1.75740943151406E-15,2.29243154487174E-17,
-1.));
#9421=DIRECTION('ref_axis',(-3.57786716920218E-18,1.,2.29243154487174E-17));
#9422=DIRECTION('',(3.57786716920218E-18,-1.,-2.29243154487174E-17));
#9423=DIRECTION('center_axis',(1.,3.57786716920214E-18,1.75740943151406E-15));
#9424=DIRECTION('ref_axis',(3.57786716920218E-18,-1.,-2.29243154487174E-17));
#9425=DIRECTION('',(-3.57786716920218E-18,1.,2.29243154487174E-17));
#9426=DIRECTION('',(1.75740943151406E-15,2.29243154487174E-17,-1.));
#9427=DIRECTION('',(-3.57786716920218E-18,1.,2.29243154487174E-17));
#9428=DIRECTION('center_axis',(-0.707106781186555,-0.70710678118654,-1.25888606525265E-15));
#9429=DIRECTION('ref_axis',(-0.70710678118654,0.707106781186555,-1.22646618743692E-15));
#9430=DIRECTION('',(1.75740943151406E-15,2.29243154487174E-17,-1.));
#9431=DIRECTION('',(0.654653670707981,-0.654653670707985,-0.377964473009207));
#9432=DIRECTION('',(0.654653670707969,-0.654653670707984,0.377964473009228));
#9433=DIRECTION('center_axis',(0.353553390593278,-0.707106781186539,0.612372435695801));
#9434=DIRECTION('ref_axis',(-0.894427190999911,-0.447213595499968,-1.58212684680206E-15));
#9435=DIRECTION('',(8.36000212184209E-15,0.654653670707991,0.755928946018443));
#9436=DIRECTION('',(-0.866025403784438,-1.45606815842541E-17,0.500000000000001));
#9437=DIRECTION('',(-0.654653670707969,-0.654653670707984,-0.377964473009228));
#9438=DIRECTION('center_axis',(-0.353553390593279,-0.707106781186537,0.612372435695804));
#9439=DIRECTION('ref_axis',(-0.894427190999911,0.447213595499968,-1.56162271572967E-15));
#9440=DIRECTION('',(-0.866025403784439,8.36363386446331E-18,-0.5));
#9441=DIRECTION('center_axis',(0.707106781186555,-0.70710678118654,1.22646618743695E-15));
#9442=DIRECTION('ref_axis',(-0.70710678118654,-0.707106781186555,-1.25888606525262E-15));
#9443=DIRECTION('',(-1.75740943151406E-15,-2.29243154487174E-17,1.));
#9444=DIRECTION('',(-0.654653670707971,-0.654653670707984,0.377964473009226));
#9445=DIRECTION('center_axis',(0.353553390593273,-0.707106781186548,-0.612372435695794));
#9446=DIRECTION('ref_axis',(-0.894427190999917,-0.447213595499956,-1.58212684680207E-15));
#9447=DIRECTION('',(0.866025403784439,-8.36363386446331E-18,0.5));
#9448=DIRECTION('',(-1.32613439541168E-15,-0.654653670707981,0.755928946018451));
#9449=DIRECTION('center_axis',(-0.353553390593278,-0.707106781186539,-0.612372435695801));
#9450=DIRECTION('ref_axis',(-0.894427190999911,0.447213595499968,-1.56162271572967E-15));
#9451=DIRECTION('',(0.866025403784438,1.45606815842541E-17,-0.500000000000001));
#9452=DIRECTION('center_axis',(0.5,2.16419731275584E-17,-0.866025403784439));
#9453=DIRECTION('ref_axis',(-0.866025403784439,8.36363386446331E-18,-0.5));
#9454=DIRECTION('',(-3.57786716920218E-18,1.,2.29243154487174E-17));
#9455=DIRECTION('',(-0.866025403784439,8.36363386446331E-18,-0.5));
#9456=DIRECTION('',(-3.57786716920218E-18,1.,2.29243154487174E-17));
#9457=DIRECTION('center_axis',(1.,3.57786716920214E-18,1.75740943151406E-15));
#9458=DIRECTION('ref_axis',(1.75740943151406E-15,2.29243154487174E-17,-1.));
#9459=DIRECTION('',(-3.57786716920218E-18,1.,2.29243154487174E-17));
#9460=DIRECTION('',(1.75740943151406E-15,2.29243154487174E-17,-1.));
#9461=DIRECTION('center_axis',(0.500000000000001,-1.80641059583563E-17,
0.866025403784438));
#9462=DIRECTION('ref_axis',(0.866025403784438,1.45606815842541E-17,-0.500000000000001));
#9463=DIRECTION('',(-3.57786716920218E-18,1.,2.29243154487174E-17));
#9464=DIRECTION('',(0.866025403784438,1.45606815842541E-17,-0.500000000000001));
#9465=DIRECTION('center_axis',(-0.707106781186555,-0.70710678118654,-1.25888606525265E-15));
#9466=DIRECTION('ref_axis',(-0.70710678118654,0.707106781186555,-1.22646618743692E-15));
#9467=DIRECTION('',(1.75740943151406E-15,2.29243154487174E-17,-1.));
#9468=DIRECTION('',(0.654653670707975,-0.654653670707989,-0.37796447300921));
#9469=DIRECTION('',(0.654653670707969,-0.654653670707984,0.377964473009228));
#9470=DIRECTION('center_axis',(-0.35355339059328,-0.707106781186537,0.612372435695803));
#9471=DIRECTION('ref_axis',(-0.894427190999911,0.447213595499968,-1.56162271572967E-15));
#9472=DIRECTION('',(-0.866025403784438,8.36363386446334E-18,-0.500000000000001));
#9473=DIRECTION('center_axis',(-0.353553390593278,-0.707106781186537,-0.612372435695805));
#9474=DIRECTION('ref_axis',(-0.894427190999911,0.447213595499968,-1.56162271572967E-15));
#9475=DIRECTION('',(0.86602540378444,1.45606815842541E-17,-0.499999999999998));
#9476=DIRECTION('center_axis',(0.500000000000001,2.16419731275584E-17,-0.866025403784438));
#9477=DIRECTION('ref_axis',(-0.866025403784438,8.36363386446334E-18,-0.500000000000001));
#9478=DIRECTION('',(-3.57786716920218E-18,1.,2.29243154487174E-17));
#9479=DIRECTION('',(-0.866025403784438,8.36363386446334E-18,-0.500000000000001));
#9480=DIRECTION('',(-3.57786716920218E-18,1.,2.29243154487174E-17));
#9481=DIRECTION('center_axis',(1.,3.57786716920214E-18,1.75740943151406E-15));
#9482=DIRECTION('ref_axis',(1.75740943151406E-15,2.29243154487174E-17,-1.));
#9483=DIRECTION('',(-3.57786716920218E-18,1.,2.29243154487174E-17));
#9484=DIRECTION('',(1.75740943151406E-15,2.29243154487174E-17,-1.));
#9485=DIRECTION('center_axis',(0.499999999999979,-1.80641059583566E-17,
0.866025403784451));
#9486=DIRECTION('ref_axis',(0.866025403784451,1.45606815842537E-17,-0.499999999999979));
#9487=DIRECTION('',(-3.57786716920218E-18,1.,2.29243154487174E-17));
#9488=DIRECTION('',(0.866025403784451,1.45606815842537E-17,-0.499999999999979));
#9489=DIRECTION('center_axis',(-0.707106781186555,-0.70710678118654,-1.25888606525265E-15));
#9490=DIRECTION('ref_axis',(-0.70710678118654,0.707106781186555,-1.22646618743692E-15));
#9491=DIRECTION('',(1.75740943151406E-15,2.29243154487174E-17,-1.));
#9492=DIRECTION('',(0.654653670707971,-0.654653670707984,-0.377964473009226));
#9493=DIRECTION('',(-0.654653670707974,0.654653670707989,-0.377964473009212));
#9494=DIRECTION('center_axis',(-0.353553390593279,-0.707106781186537,0.612372435695804));
#9495=DIRECTION('ref_axis',(-0.894427190999911,0.447213595499968,-1.56162271572967E-15));
#9496=DIRECTION('',(-0.866025403784438,8.36363386446332E-18,-0.5));
#9497=DIRECTION('center_axis',(-0.353553390593279,-0.707106781186537,-0.612372435695804));
#9498=DIRECTION('ref_axis',(-0.89442719099991,0.44721359549997,-1.56162271572967E-15));
#9499=DIRECTION('',(0.866025403784439,1.45606815842541E-17,-0.5));
#9500=DIRECTION('center_axis',(0.5,-1.80641059583563E-17,0.866025403784439));
#9501=DIRECTION('ref_axis',(0.866025403784439,1.45606815842541E-17,-0.5));
#9502=DIRECTION('',(-3.57786716920218E-18,1.,2.29243154487174E-17));
#9503=DIRECTION('',(0.866025403784439,1.45606815842541E-17,-0.5));
#9504=DIRECTION('',(-3.57786716920218E-18,1.,2.29243154487174E-17));
#9505=DIRECTION('center_axis',(-0.5,-2.16419731275584E-17,0.866025403784438));
#9506=DIRECTION('ref_axis',(0.866025403784438,-8.36363386446332E-18,0.5));
#9507=DIRECTION('',(-3.57786716920218E-18,1.,2.29243154487174E-17));
#9508=DIRECTION('',(0.866025403784438,-8.36363386446332E-18,0.5));
#9509=DIRECTION('center_axis',(-1.,-3.57786716920214E-18,-1.75740943151406E-15));
#9510=DIRECTION('ref_axis',(-1.75740943151406E-15,-2.29243154487174E-17,
1.));
#9511=DIRECTION('',(-3.57786716920218E-18,1.,2.29243154487174E-17));
#9512=DIRECTION('',(-1.75740943151406E-15,-2.29243154487174E-17,1.));
#9513=DIRECTION('center_axis',(-0.5,-2.16419731275584E-17,0.866025403784439));
#9514=DIRECTION('ref_axis',(0.866025403784439,-8.36363386446331E-18,0.5));
#9515=DIRECTION('',(-3.57786716920218E-18,1.,2.29243154487174E-17));
#9516=DIRECTION('',(0.866025403784439,-8.36363386446331E-18,0.5));
#9517=DIRECTION('center_axis',(-0.500000000000001,1.80641059583563E-17,
-0.866025403784438));
#9518=DIRECTION('ref_axis',(-0.866025403784438,-1.45606815842541E-17,0.500000000000001));
#9519=DIRECTION('',(-0.866025403784438,-1.45606815842541E-17,0.500000000000001));
#9520=DIRECTION('',(-3.57786716920218E-18,1.,2.29243154487174E-17));
#9521=DIRECTION('center_axis',(-1.,-3.57786716920214E-18,-1.75740943151406E-15));
#9522=DIRECTION('ref_axis',(-1.75740943151406E-15,-2.29243154487174E-17,
1.));
#9523=DIRECTION('',(-1.75740943151406E-15,-2.29243154487174E-17,1.));
#9524=DIRECTION('center_axis',(-0.500000000000001,-2.16419731275584E-17,
0.866025403784438));
#9525=DIRECTION('ref_axis',(0.866025403784438,-8.36363386446334E-18,0.500000000000001));
#9526=DIRECTION('',(-3.57786716920218E-18,1.,2.29243154487174E-17));
#9527=DIRECTION('',(0.866025403784438,-8.36363386446334E-18,0.500000000000001));
#9528=DIRECTION('center_axis',(-0.499999999999998,1.80641059583563E-17,
-0.86602540378444));
#9529=DIRECTION('ref_axis',(-0.86602540378444,-1.45606815842541E-17,0.499999999999998));
#9530=DIRECTION('',(-0.86602540378444,-1.45606815842541E-17,0.499999999999998));
#9531=DIRECTION('',(-3.57786716920218E-18,1.,2.29243154487174E-17));
#9532=DIRECTION('center_axis',(-1.,-3.57786716920214E-18,-1.75740943151406E-15));
#9533=DIRECTION('ref_axis',(-1.75740943151406E-15,-2.29243154487174E-17,
1.));
#9534=DIRECTION('',(-1.75740943151406E-15,-2.29243154487174E-17,1.));
#9535=DIRECTION('center_axis',(-0.5,1.80641059583563E-17,-0.866025403784439));
#9536=DIRECTION('ref_axis',(-0.866025403784439,-1.45606815842541E-17,0.5));
#9537=DIRECTION('',(-3.57786716920218E-18,1.,2.29243154487174E-17));
#9538=DIRECTION('',(-0.866025403784439,-1.45606815842541E-17,0.5));
#9539=DIRECTION('center_axis',(1.,3.57786716920214E-18,1.75740943151406E-15));
#9540=DIRECTION('ref_axis',(1.75740943151406E-15,2.29243154487174E-17,-1.));
#9541=DIRECTION('',(1.75740943151406E-15,2.29243154487174E-17,-1.));
#9542=DIRECTION('',(-3.57786716920218E-18,1.,2.29243154487174E-17));
#9543=DIRECTION('center_axis',(0.5,2.16419731275584E-17,-0.866025403784438));
#9544=DIRECTION('ref_axis',(-0.866025403784438,8.36363386446332E-18,-0.5));
#9545=DIRECTION('',(-0.866025403784438,8.36363386446332E-18,-0.5));
#9546=DIRECTION('center_axis',(3.57786716920218E-18,-1.,-2.29243154487174E-17));
#9547=DIRECTION('ref_axis',(-1.,-3.57786716920214E-18,-1.75740943151406E-15));
#9548=DIRECTION('center_axis',(3.57786716920218E-18,-1.,-2.29243154487174E-17));
#9549=DIRECTION('ref_axis',(-1.,-3.57786716920214E-18,-1.75740943151406E-15));
#9550=DIRECTION('',(3.57786716920218E-18,-1.,-2.29243154487174E-17));
#9551=DIRECTION('center_axis',(3.57786716920218E-18,-1.,-2.29243154487174E-17));
#9552=DIRECTION('ref_axis',(-1.,-3.57786716920214E-18,-1.75740943151406E-15));
#9553=DIRECTION('center_axis',(3.57786716920218E-18,-1.,-2.29243154487174E-17));
#9554=DIRECTION('ref_axis',(-1.,-3.57786716920214E-18,-1.75740943151406E-15));
#9555=DIRECTION('center_axis',(3.57786716920218E-18,-1.,-2.29243154487174E-17));
#9556=DIRECTION('ref_axis',(-1.,-3.57786716920214E-18,-1.75740943151406E-15));
#9557=DIRECTION('',(3.57786716920218E-18,-1.,-2.29243154487174E-17));
#9558=DIRECTION('center_axis',(3.57786716920218E-18,-1.,-2.29243154487174E-17));
#9559=DIRECTION('ref_axis',(-1.,-3.57786716920214E-18,-1.75740943151406E-15));
#9560=DIRECTION('center_axis',(3.57786716920218E-18,-1.,-2.29243154487174E-17));
#9561=DIRECTION('ref_axis',(-1.,-3.57786716920214E-18,-1.75740943151406E-15));
#9562=DIRECTION('center_axis',(3.57786716920218E-18,-1.,-2.29243154487174E-17));
#9563=DIRECTION('ref_axis',(-1.,-3.57786716920214E-18,-1.75740943151406E-15));
#9564=DIRECTION('',(3.57786716920218E-18,-1.,-2.29243154487174E-17));
#9565=DIRECTION('center_axis',(3.57786716920218E-18,-1.,-2.29243154487174E-17));
#9566=DIRECTION('ref_axis',(-1.,-3.57786716920214E-18,-1.75740943151406E-15));
#9567=DIRECTION('center_axis',(-1.75740943151406E-15,-2.29243154487174E-17,
1.));
#9568=DIRECTION('ref_axis',(3.57786716920218E-18,-1.,-2.29243154487174E-17));
#9569=DIRECTION('',(-3.57786716920218E-18,1.,2.29243154487174E-17));
#9570=DIRECTION('',(-1.,-3.57786716920214E-18,-1.75740943151406E-15));
#9571=DIRECTION('',(-3.57786716920218E-18,1.,2.29243154487174E-17));
#9572=DIRECTION('center_axis',(-0.777042646069039,-1.72098188174736E-17,
0.629447953519611));
#9573=DIRECTION('ref_axis',(0.629447953519611,-1.55610895679734E-17,0.777042646069039));
#9574=DIRECTION('',(-3.57786716920218E-18,1.,2.29243154487174E-17));
#9575=DIRECTION('',(0.629447953519611,-1.55610895679734E-17,0.777042646069039));
#9576=DIRECTION('',(-3.57786716920218E-18,1.,2.29243154487174E-17));
#9577=DIRECTION('center_axis',(-1.75740943151406E-15,-2.29243154487174E-17,
1.));
#9578=DIRECTION('ref_axis',(3.57786716920218E-18,-1.,-2.29243154487174E-17));
#9579=DIRECTION('',(-3.57786716920218E-18,1.,2.29243154487174E-17));
#9580=DIRECTION('',(-3.57786716920218E-18,1.,2.29243154487174E-17));
#9581=DIRECTION('center_axis',(3.57786716920218E-18,-1.,-2.29243154487174E-17));
#9582=DIRECTION('ref_axis',(-1.,-3.57786716920214E-18,-1.75740943151406E-15));
#9583=DIRECTION('center_axis',(3.57786716920218E-18,-1.,-2.29243154487174E-17));
#9584=DIRECTION('ref_axis',(-1.,-3.57786716920214E-18,-1.75740943151406E-15));
#9585=DIRECTION('center_axis',(3.57786716920218E-18,-1.,-2.29243154487174E-17));
#9586=DIRECTION('ref_axis',(-1.,-3.57786716920214E-18,-1.75740943151406E-15));
#9587=DIRECTION('center_axis',(3.57786716920218E-18,-1.,-2.29243154487174E-17));
#9588=DIRECTION('ref_axis',(-1.,-3.57786716920214E-18,-1.75740943151406E-15));
#9589=DIRECTION('',(-1.75740943151406E-15,-2.29243154487174E-17,1.));
#9590=DIRECTION('center_axis',(3.57786716920218E-18,-1.,-2.29243154487174E-17));
#9591=DIRECTION('ref_axis',(-1.,-3.57786716920214E-18,-1.75740943151406E-15));
#9592=DIRECTION('center_axis',(-3.57786716920218E-18,1.,2.29243154487174E-17));
#9593=DIRECTION('ref_axis',(1.,3.57786716920214E-18,1.75740943151406E-15));
#9594=DIRECTION('center_axis',(-3.57786716920218E-18,1.,2.29243154487174E-17));
#9595=DIRECTION('ref_axis',(1.,3.57786716920214E-18,1.75740943151406E-15));
#9596=DIRECTION('',(3.57786716920218E-18,-1.,-2.29243154487174E-17));
#9597=DIRECTION('center_axis',(-3.57786716920218E-18,1.,2.29243154487174E-17));
#9598=DIRECTION('ref_axis',(1.,3.57786716920214E-18,1.75740943151406E-15));
#9599=DIRECTION('center_axis',(3.57786716920218E-18,-1.,-2.29243154487174E-17));
#9600=DIRECTION('ref_axis',(-1.,-3.57786716920214E-18,-1.75740943151406E-15));
#9601=DIRECTION('center_axis',(-3.57786716920218E-18,1.,2.29243154487174E-17));
#9602=DIRECTION('ref_axis',(1.,3.57786716920214E-18,1.75740943151406E-15));
#9603=DIRECTION('center_axis',(3.57786716920218E-18,-1.,-2.29243154487174E-17));
#9604=DIRECTION('ref_axis',(-1.,-3.57786716920214E-18,-1.75740943151406E-15));
#9605=DIRECTION('center_axis',(-3.57786716920218E-18,1.,2.29243154487174E-17));
#9606=DIRECTION('ref_axis',(1.,3.57786716920214E-18,1.75740943151406E-15));
#9607=DIRECTION('center_axis',(-3.57786716920218E-18,1.,2.29243154487174E-17));
#9608=DIRECTION('ref_axis',(1.,3.57786716920214E-18,1.75740943151406E-15));
#9609=DIRECTION('',(3.57786716920218E-18,-1.,-2.29243154487174E-17));
#9610=DIRECTION('center_axis',(3.57786716920218E-18,-1.,-2.29243154487174E-17));
#9611=DIRECTION('ref_axis',(-1.,-3.57786716920214E-18,-1.75740943151406E-15));
#9612=DIRECTION('center_axis',(-3.57786716920218E-18,1.,2.29243154487174E-17));
#9613=DIRECTION('ref_axis',(1.,3.57786716920214E-18,1.75740943151406E-15));
#9614=DIRECTION('center_axis',(-3.57786716920218E-18,1.,2.29243154487174E-17));
#9615=DIRECTION('ref_axis',(1.,3.57786716920214E-18,1.75740943151406E-15));
#9616=DIRECTION('',(3.57786716920218E-18,-1.,-2.29243154487174E-17));
#9617=DIRECTION('center_axis',(-3.57786716920218E-18,1.,2.29243154487174E-17));
#9618=DIRECTION('ref_axis',(1.,3.57786716920214E-18,1.75740943151406E-15));
#9619=DIRECTION('center_axis',(3.57786716920218E-18,-1.,-2.29243154487174E-17));
#9620=DIRECTION('ref_axis',(-1.,-3.57786716920214E-18,-1.75740943151406E-15));
#9621=DIRECTION('center_axis',(-3.57786716920218E-18,1.,2.29243154487174E-17));
#9622=DIRECTION('ref_axis',(1.,3.57786716920214E-18,1.75740943151406E-15));
#9623=DIRECTION('center_axis',(3.57786716920218E-18,-1.,-2.29243154487174E-17));
#9624=DIRECTION('ref_axis',(-1.,-3.57786716920214E-18,-1.75740943151406E-15));
#9625=DIRECTION('',(3.57786716920218E-18,-1.,-2.29243154487174E-17));
#9626=DIRECTION('center_axis',(3.57786716920218E-18,-1.,-2.29243154487174E-17));
#9627=DIRECTION('ref_axis',(-1.,-3.57786716920214E-18,-1.75740943151406E-15));
#9628=DIRECTION('center_axis',(-3.57786716920218E-18,1.,2.29243154487174E-17));
#9629=DIRECTION('ref_axis',(1.,3.57786716920214E-18,1.75740943151406E-15));
#9630=DIRECTION('center_axis',(-3.57786716920218E-18,1.,2.29243154487174E-17));
#9631=DIRECTION('ref_axis',(1.,3.57786716920214E-18,1.75740943151406E-15));
#9632=DIRECTION('',(3.57786716920218E-18,-1.,-2.29243154487174E-17));
#9633=DIRECTION('center_axis',(-3.57786716920218E-18,1.,2.29243154487174E-17));
#9634=DIRECTION('ref_axis',(1.,3.57786716920214E-18,1.75740943151406E-15));
#9635=DIRECTION('center_axis',(3.57786716920218E-18,-1.,-2.29243154487174E-17));
#9636=DIRECTION('ref_axis',(-1.,-3.57786716920214E-18,-1.75740943151406E-15));
#9637=DIRECTION('center_axis',(-3.57786716920218E-18,1.,2.29243154487174E-17));
#9638=DIRECTION('ref_axis',(1.,3.57786716920214E-18,1.75740943151406E-15));
#9639=DIRECTION('center_axis',(3.57786716920218E-18,-1.,-2.29243154487174E-17));
#9640=DIRECTION('ref_axis',(-1.,-3.57786716920214E-18,-1.75740943151406E-15));
#9641=DIRECTION('center_axis',(-3.57786716920218E-18,1.,2.29243154487174E-17));
#9642=DIRECTION('ref_axis',(1.,3.57786716920214E-18,1.75740943151406E-15));
#9643=DIRECTION('center_axis',(-3.57786716920218E-18,1.,2.29243154487174E-17));
#9644=DIRECTION('ref_axis',(1.,3.57786716920214E-18,1.75740943151406E-15));
#9645=DIRECTION('',(3.57786716920218E-18,-1.,-2.29243154487174E-17));
#9646=DIRECTION('center_axis',(3.57786716920218E-18,-1.,-2.29243154487174E-17));
#9647=DIRECTION('ref_axis',(1.,3.57786716920214E-18,1.75740943151406E-15));
#9648=DIRECTION('center_axis',(3.57786716920218E-18,-1.,-2.29243154487174E-17));
#9649=DIRECTION('ref_axis',(-1.,-3.57786716920214E-18,-1.75740943151406E-15));
#9650=DIRECTION('center_axis',(3.57786716920218E-18,-1.,-2.29243154487174E-17));
#9651=DIRECTION('ref_axis',(1.,3.57786716920214E-18,1.75740943151406E-15));
#9652=DIRECTION('center_axis',(3.57786716920218E-18,-1.,-2.29243154487174E-17));
#9653=DIRECTION('ref_axis',(-1.,-3.57786716920214E-18,-1.75740943151406E-15));
#9654=DIRECTION('center_axis',(3.57786716920218E-18,-1.,-2.29243154487174E-17));
#9655=DIRECTION('ref_axis',(1.,3.57786716920214E-18,1.75740943151406E-15));
#9656=DIRECTION('center_axis',(3.57786716920218E-18,-1.,-2.29243154487174E-17));
#9657=DIRECTION('ref_axis',(-1.,-3.57786716920214E-18,-1.75740943151406E-15));
#9658=DIRECTION('center_axis',(1.75740943151406E-15,2.29243154487174E-17,
-1.));
#9659=DIRECTION('ref_axis',(-3.57786716920218E-18,1.,2.29243154487174E-17));
#9660=DIRECTION('',(-3.57786716920218E-18,1.,2.29243154487174E-17));
#9661=DIRECTION('',(-1.,-3.57786716920214E-18,-1.75740943151406E-15));
#9662=DIRECTION('',(-3.57786716920218E-18,1.,2.29243154487174E-17));
#9663=DIRECTION('center_axis',(1.,3.57786716920214E-18,1.75740943151406E-15));
#9664=DIRECTION('ref_axis',(3.57786716920218E-18,-1.,-2.29243154487174E-17));
#9665=DIRECTION('',(-3.57786716920218E-18,1.,2.29243154487174E-17));
#9666=DIRECTION('',(1.75740943151406E-15,2.29243154487174E-17,-1.));
#9667=DIRECTION('center_axis',(1.75740943151406E-15,2.29243154487174E-17,
-1.));
#9668=DIRECTION('ref_axis',(-3.57786716920218E-18,1.,2.29243154487174E-17));
#9669=DIRECTION('',(-3.57786716920218E-18,1.,2.29243154487174E-17));
#9670=DIRECTION('',(-1.,-3.57786716920214E-18,-1.75740943151406E-15));
#9671=DIRECTION('center_axis',(1.,3.57786716920214E-18,1.75740943151406E-15));
#9672=DIRECTION('ref_axis',(3.57786716920218E-18,-1.,-2.29243154487174E-17));
#9673=DIRECTION('',(1.75740943151406E-15,2.29243154487174E-17,-1.));
#9674=DIRECTION('',(-3.57786716920218E-18,1.,2.29243154487174E-17));
#9675=DIRECTION('',(1.75740943151406E-15,2.29243154487174E-17,-1.));
#9676=DIRECTION('',(-3.57786716920218E-18,1.,2.29243154487174E-17));
#9677=DIRECTION('center_axis',(1.75740943151406E-15,2.29243154487174E-17,
-1.));
#9678=DIRECTION('ref_axis',(-3.57786716920218E-18,1.,2.29243154487174E-17));
#9679=DIRECTION('',(-1.,-3.57786716920214E-18,-1.75740943151406E-15));
#9680=DIRECTION('',(-3.57786716920218E-18,1.,2.29243154487174E-17));
#9681=DIRECTION('',(-1.,-3.57786716920214E-18,-1.75740943151406E-15));
#9682=DIRECTION('center_axis',(1.,3.57786716920214E-18,1.75740943151406E-15));
#9683=DIRECTION('ref_axis',(3.57786716920218E-18,-1.,-2.29243154487174E-17));
#9684=DIRECTION('',(1.75740943151406E-15,2.29243154487174E-17,-1.));
#9685=DIRECTION('',(-3.57786716920218E-18,1.,2.29243154487174E-17));
#9686=DIRECTION('',(1.75740943151406E-15,2.29243154487174E-17,-1.));
#9687=DIRECTION('center_axis',(1.75740943151406E-15,2.29243154487174E-17,
-1.));
#9688=DIRECTION('ref_axis',(-3.57786716920218E-18,1.,2.29243154487174E-17));
#9689=DIRECTION('',(-1.,-3.57786716920214E-18,-1.75740943151406E-15));
#9690=DIRECTION('',(-1.,-3.57786716920214E-18,-1.75740943151406E-15));
#9691=DIRECTION('center_axis',(1.,3.57786716920214E-18,1.75740943151406E-15));
#9692=DIRECTION('ref_axis',(3.57786716920218E-18,-1.,-2.29243154487174E-17));
#9693=DIRECTION('',(1.75740943151406E-15,2.29243154487174E-17,-1.));
#9694=DIRECTION('center_axis',(-3.57786716920218E-18,1.,2.29243154487174E-17));
#9695=DIRECTION('ref_axis',(1.,3.57786716920214E-18,1.75740943151406E-15));
#9696=DIRECTION('center_axis',(-3.57786716920218E-18,1.,2.29243154487174E-17));
#9697=DIRECTION('ref_axis',(1.,3.57786716920214E-18,1.75740943151406E-15));
#9698=DIRECTION('center_axis',(3.57786716920218E-18,-1.,-2.29243154487174E-17));
#9699=DIRECTION('ref_axis',(-1.,-3.57786716920214E-18,-1.75740943151406E-15));
#9700=DIRECTION('',(0.707106781186547,-0.707106781186548,1.31306179306049E-15));
#9701=DIRECTION('center_axis',(3.57786716920218E-18,-1.,-2.29243154487174E-17));
#9702=DIRECTION('ref_axis',(-1.,-3.57786716920214E-18,-1.75740943151406E-15));
#9703=DIRECTION('',(0.707106781186547,-0.707106781186548,1.31306179306049E-15));
#9704=DIRECTION('center_axis',(3.57786716920218E-18,-1.,-2.29243154487174E-17));
#9705=DIRECTION('ref_axis',(-1.,-3.57786716920214E-18,-1.75740943151406E-15));
#9706=DIRECTION('',(0.707106781186547,-0.707106781186548,1.31306179306049E-15));
#9707=DIRECTION('center_axis',(-3.57786716920218E-18,1.,2.29243154487174E-17));
#9708=DIRECTION('ref_axis',(1.,3.57786716920214E-18,1.75740943151406E-15));
#9709=DIRECTION('',(-0.707106781186549,0.707106781186546,-1.13987058181339E-15));
#9710=DIRECTION('center_axis',(-3.57786716920218E-18,1.,2.29243154487174E-17));
#9711=DIRECTION('ref_axis',(1.,3.57786716920214E-18,1.75740943151406E-15));
#9712=DIRECTION('',(-0.707106781186549,0.707106781186546,-1.13987058181339E-15));
#9713=DIRECTION('center_axis',(-3.57786716920218E-18,1.,2.29243154487174E-17));
#9714=DIRECTION('ref_axis',(1.,3.57786716920214E-18,1.75740943151406E-15));
#9715=DIRECTION('',(-0.707106781186549,0.707106781186546,-1.13987058181339E-15));
#9716=DIRECTION('center_axis',(-3.57786716920218E-18,1.,2.29243154487174E-17));
#9717=DIRECTION('ref_axis',(1.,3.57786716920214E-18,1.75740943151406E-15));
#9718=DIRECTION('',(-0.707106781186549,0.707106781186546,-1.13987058181339E-15));
#9719=DIRECTION('center_axis',(-3.57786716920218E-18,1.,2.29243154487174E-17));
#9720=DIRECTION('ref_axis',(1.,3.57786716920214E-18,1.75740943151406E-15));
#9721=DIRECTION('',(-0.707106781186549,0.707106781186546,-1.13987058181339E-15));
#9722=DIRECTION('center_axis',(3.57786716920218E-18,-1.,-2.29243154487174E-17));
#9723=DIRECTION('ref_axis',(-1.,-3.57786716920214E-18,-1.75740943151406E-15));
#9724=DIRECTION('center_axis',(3.57786716920218E-18,-1.,-2.29243154487174E-17));
#9725=DIRECTION('ref_axis',(-1.,-3.57786716920214E-18,-1.75740943151406E-15));
#9726=DIRECTION('center_axis',(-3.57786716920218E-18,1.,2.29243154487174E-17));
#9727=DIRECTION('ref_axis',(1.,3.57786716920214E-18,1.75740943151406E-15));
#9728=DIRECTION('center_axis',(-3.57786716920218E-18,1.,2.29243154487174E-17));
#9729=DIRECTION('ref_axis',(1.,3.57786716920214E-18,1.75740943151406E-15));
#9730=DIRECTION('center_axis',(-3.57786716920218E-18,1.,2.29243154487174E-17));
#9731=DIRECTION('ref_axis',(1.,3.57786716920214E-18,1.75740943151406E-15));
#9732=DIRECTION('',(-3.57786716920218E-18,1.,2.29243154487174E-17));
#9733=DIRECTION('center_axis',(-3.57786716920218E-18,1.,2.29243154487174E-17));
#9734=DIRECTION('ref_axis',(1.,3.57786716920214E-18,1.75740943151406E-15));
#9735=DIRECTION('',(-3.57786716920218E-18,1.,2.29243154487174E-17));
#9736=DIRECTION('center_axis',(1.,3.57786716920214E-18,1.75740943151406E-15));
#9737=DIRECTION('ref_axis',(3.57786716920218E-18,-1.,-2.29243154487174E-17));
#9738=DIRECTION('axis',(0.,0.,1.));
#9739=DIRECTION('refdir',(1.,0.,0.));
#9740=DIRECTION('center_axis',(1.,8.88178419700126E-15,0.));
#9741=DIRECTION('ref_axis',(-3.84542957580576E-15,0.382683432365089,-0.923879532511287));
#9742=DIRECTION('',(-1.,-8.88178419700126E-15,0.));
#9743=DIRECTION('center_axis',(1.,-8.68870193184905E-16,0.));
#9744=DIRECTION('ref_axis',(-3.84542957580576E-15,0.382683432365089,-0.923879532511287));
#9745=DIRECTION('',(1.,8.88178419700126E-15,0.));
#9746=DIRECTION('center_axis',(-6.2803698347351E-15,0.707106781186547,-0.707106781186548));
#9747=DIRECTION('ref_axis',(-1.,0.,8.88178419700124E-15));
#9748=DIRECTION('center_axis',(6.2803698347351E-15,-0.707106781186547,0.707106781186548));
#9749=DIRECTION('ref_axis',(-6.25583714006817E-15,0.707106781186548,0.707106781186547));
#9750=DIRECTION('',(0.326469519360709,0.66836279554161,0.668362795541606));
#9751=DIRECTION('',(-1.,-8.88178419700126E-15,0.));
#9752=DIRECTION('',(-0.289489839530284,-0.676829237255874,-0.67682923725587));
#9753=DIRECTION('center_axis',(6.2803698347351E-15,-0.707106781186547,0.707106781186548));
#9754=DIRECTION('ref_axis',(6.18223905606737E-15,-0.707106781186548,-0.707106781186547));
#9755=DIRECTION('center_axis',(0.,0.,-1.));
#9756=DIRECTION('ref_axis',(-0.974303808347166,0.225237849928045,0.));
#9757=DIRECTION('',(0.,0.,1.));
#9758=DIRECTION('center_axis',(6.2803698347351E-15,-0.707106781186547,-0.707106781186548));
#9759=DIRECTION('ref_axis',(-6.25583714006817E-15,0.707106781186548,-0.707106781186547));
#9760=DIRECTION('',(0.,0.,-1.));
#9761=DIRECTION('center_axis',(-1.,8.68870193184905E-16,0.));
#9762=DIRECTION('ref_axis',(8.68870193184905E-16,1.,0.));
#9763=DIRECTION('',(8.68870193184905E-16,1.,0.));
#9764=DIRECTION('',(0.,0.,-1.));
#9765=DIRECTION('',(-8.68870193184905E-16,-1.,0.));
#9766=DIRECTION('center_axis',(1.,-8.68870193184905E-16,0.));
#9767=DIRECTION('ref_axis',(-2.88407218185432E-15,0.382683432365089,0.923879532511287));
#9768=DIRECTION('center_axis',(1.,8.88178419700126E-15,0.));
#9769=DIRECTION('ref_axis',(2.88407218185432E-15,-0.382683432365089,0.923879532511287));
#9770=DIRECTION('center_axis',(-0.898535821919584,0.438900189937642,0.));
#9771=DIRECTION('ref_axis',(-0.438900189937642,-0.898535821919583,0.));
#9772=DIRECTION('',(1.,8.88178419700126E-15,0.));
#9773=DIRECTION('center_axis',(0.91942997908157,-0.393253752132213,0.));
#9774=DIRECTION('ref_axis',(-0.393253752132213,-0.91942997908157,-3.57270316307443E-16));
#9775=DIRECTION('center_axis',(0.,0.,-1.));
#9776=DIRECTION('ref_axis',(-1.,0.,0.));
#9777=DIRECTION('',(0.438900189937642,0.898535821919584,0.));
#9778=DIRECTION('',(-0.0826965197006014,-0.996574776737505,0.));
#9779=DIRECTION('center_axis',(0.,0.,-1.));
#9780=DIRECTION('ref_axis',(0.241080889466104,0.970505025609982,0.));
#9781=DIRECTION('',(-0.393253752132213,-0.91942997908157,0.));
#9782=DIRECTION('center_axis',(-1.,-8.88178419700126E-15,0.));
#9783=DIRECTION('ref_axis',(2.88407218185432E-15,-0.382683432365089,-0.923879532511287));
#9784=DIRECTION('center_axis',(0.91942997908157,-0.393253752132213,0.));
#9785=DIRECTION('ref_axis',(-0.393253752132213,-0.91942997908157,3.06231699692094E-16));
#9786=DIRECTION('',(-1.,-8.88178419700126E-15,0.));
#9787=DIRECTION('center_axis',(-0.898535821919584,0.438900189937642,0.));
#9788=DIRECTION('ref_axis',(-0.438900189937642,-0.898535821919583,-2.99272547383682E-16));
#9789=DIRECTION('',(1.,8.88178419700126E-15,0.));
#9790=DIRECTION('center_axis',(0.,0.,1.));
#9791=DIRECTION('ref_axis',(1.,0.,0.));
#9792=DIRECTION('',(0.393253752132213,0.91942997908157,0.));
#9793=DIRECTION('center_axis',(0.,0.,1.));
#9794=DIRECTION('ref_axis',(0.241080889466104,0.970505025609982,0.));
#9795=DIRECTION('',(0.0826965197006014,0.996574776737505,0.));
#9796=DIRECTION('',(-0.438900189937642,-0.898535821919584,0.));
#9797=DIRECTION('center_axis',(1.,8.88178419700126E-15,0.));
#9798=DIRECTION('ref_axis',(-2.88407218185432E-15,0.382683432365089,0.923879532511287));
#9799=DIRECTION('',(-1.,-8.88178419700126E-15,0.));
#9800=DIRECTION('',(1.,8.88178419700126E-15,0.));
#9801=DIRECTION('center_axis',(0.,0.,1.));
#9802=DIRECTION('ref_axis',(1.,0.,0.));
#9803=DIRECTION('center_axis',(0.,0.,-1.));
#9804=DIRECTION('ref_axis',(-0.707106781186547,-0.707106781186548,0.));
#9805=DIRECTION('',(1.,-1.30689533258467E-17,0.));
#9806=DIRECTION('center_axis',(0.,0.,-1.));
#9807=DIRECTION('ref_axis',(0.707106781186548,-0.707106781186547,0.));
#9808=DIRECTION('',(-2.4616288242253E-16,1.,0.));
#9809=DIRECTION('',(0.629320391049837,-0.777145961456971,0.));
#9810=DIRECTION('',(0.629320391049837,-0.777145961456971,0.));
#9811=DIRECTION('',(0.629320391049837,-0.777145961456971,0.));
#9812=DIRECTION('center_axis',(0.,0.,1.));
#9813=DIRECTION('ref_axis',(-0.990457949677665,-0.137815274626274,0.));
#9814=DIRECTION('center_axis',(0.,0.,-1.));
#9815=DIRECTION('ref_axis',(1.,0.,0.));
#9816=DIRECTION('center_axis',(0.,0.,-1.));
#9817=DIRECTION('ref_axis',(1.,0.,0.));
#9818=DIRECTION('center_axis',(0.,0.,-1.));
#9819=DIRECTION('ref_axis',(1.,0.,0.));
#9820=DIRECTION('',(-1.,3.42081828434977E-16,0.));
#9821=DIRECTION('center_axis',(0.,0.,1.));
#9822=DIRECTION('ref_axis',(-0.707106781186544,-0.707106781186551,0.));
#9823=DIRECTION('',(-1.42463521395153E-15,1.,0.));
#9824=DIRECTION('center_axis',(0.,0.,1.));
#9825=DIRECTION('ref_axis',(-0.33380685923377,0.942641491092179,0.));
#9826=DIRECTION('',(0.629320391049838,-0.777145961456971,0.));
#9827=DIRECTION('center_axis',(0.,0.,1.));
#9828=DIRECTION('ref_axis',(0.90258528434986,-0.430511096808297,0.));
#9829=DIRECTION('center_axis',(0.,0.,-1.));
#9830=DIRECTION('ref_axis',(0.90258528434986,-0.430511096808297,0.));
#9831=DIRECTION('',(0.,0.,-1.));
#9832=DIRECTION('center_axis',(0.,0.,-1.));
#9833=DIRECTION('ref_axis',(0.90258528434986,-0.430511096808297,0.));
#9834=DIRECTION('',(0.,0.,1.));
#9835=DIRECTION('center_axis',(-0.777145961456971,-0.629320391049838,0.));
#9836=DIRECTION('ref_axis',(-0.629320391049838,0.777145961456971,0.));
#9837=DIRECTION('',(0.,0.,1.));
#9838=DIRECTION('',(-0.629320391049838,0.777145961456971,0.));
#9839=DIRECTION('center_axis',(0.,0.,-1.));
#9840=DIRECTION('ref_axis',(-0.707106781186544,-0.707106781186551,0.));
#9841=DIRECTION('',(0.,0.,-1.));
#9842=DIRECTION('center_axis',(0.,0.,-1.));
#9843=DIRECTION('ref_axis',(-0.707106781186544,-0.707106781186551,0.));
#9844=DIRECTION('',(0.,0.,1.));
#9845=DIRECTION('center_axis',(3.42081828434977E-16,1.,0.));
#9846=DIRECTION('ref_axis',(1.,-3.42081828434977E-16,0.));
#9847=DIRECTION('',(1.,-3.42081828434977E-16,0.));
#9848=DIRECTION('center_axis',(0.,0.,-1.));
#9849=DIRECTION('ref_axis',(-0.33380685923377,0.942641491092179,0.));
#9850=DIRECTION('',(0.,0.,-1.));
#9851=DIRECTION('center_axis',(0.,0.,-1.));
#9852=DIRECTION('ref_axis',(-0.33380685923377,0.942641491092179,0.));
#9853=DIRECTION('center_axis',(1.,1.42463521395153E-15,0.));
#9854=DIRECTION('ref_axis',(1.42463521395153E-15,-1.,0.));
#9855=DIRECTION('',(1.42463521395153E-15,-1.,0.));
#9856=DIRECTION('center_axis',(0.,0.,1.));
#9857=DIRECTION('ref_axis',(1.,0.,0.));
#9858=DIRECTION('center_axis',(0.,0.,-1.));
#9859=DIRECTION('ref_axis',(-0.990457949677665,-0.137815274626274,0.));
#9860=DIRECTION('',(0.629320391049837,-0.777145961456971,0.));
#9861=DIRECTION('',(0.629320391049837,-0.777145961456971,0.));
#9862=DIRECTION('',(0.629320391049837,-0.777145961456971,0.));
#9863=DIRECTION('',(2.4616288242253E-16,-1.,0.));
#9864=DIRECTION('center_axis',(0.,0.,1.));
#9865=DIRECTION('ref_axis',(0.707106781186548,-0.707106781186547,0.));
#9866=DIRECTION('',(-1.,1.30689533258467E-17,0.));
#9867=DIRECTION('center_axis',(0.,0.,1.));
#9868=DIRECTION('ref_axis',(-0.707106781186547,-0.707106781186548,0.));
#9869=DIRECTION('center_axis',(0.,0.,1.));
#9870=DIRECTION('ref_axis',(1.,0.,0.));
#9871=DIRECTION('center_axis',(0.,0.,1.));
#9872=DIRECTION('ref_axis',(1.,0.,0.));
#9873=DIRECTION('center_axis',(0.,0.,1.));
#9874=DIRECTION('ref_axis',(1.,0.,0.));
#9875=DIRECTION('center_axis',(0.,0.,-1.));
#9876=DIRECTION('ref_axis',(0.707106781186548,-0.707106781186547,0.));
#9877=DIRECTION('',(0.,0.,1.));
#9878=DIRECTION('',(0.,0.,-1.));
#9879=DIRECTION('center_axis',(-1.30689533258467E-17,-1.,0.));
#9880=DIRECTION('ref_axis',(-1.,1.30689533258467E-17,0.));
#9881=DIRECTION('',(0.,0.,1.));
#9882=DIRECTION('center_axis',(0.,0.,-1.));
#9883=DIRECTION('ref_axis',(-0.707106781186547,-0.707106781186548,0.));
#9884=DIRECTION('center_axis',(-6.2803698347351E-15,0.707106781186547,0.707106781186548));
#9885=DIRECTION('ref_axis',(1.,0.,8.88178419700125E-15));
#9886=DIRECTION('',(-0.326469519360709,-0.66836279554161,0.668362795541606));
#9887=DIRECTION('center_axis',(6.2803698347351E-15,-0.707106781186547,-0.707106781186548));
#9888=DIRECTION('ref_axis',(6.33924830193575E-15,-0.707106781186548,0.707106781186547));
#9889=DIRECTION('',(0.289489839530284,0.676829237255873,-0.67682923725587));
#9890=DIRECTION('center_axis',(0.,0.,-1.));
#9891=DIRECTION('ref_axis',(0.241080889466104,0.970505025609982,0.));
#9892=DIRECTION('',(0.,0.,-1.));
#9893=DIRECTION('',(0.,0.,1.));
#9894=DIRECTION('center_axis',(0.91942997908157,-0.393253752132213,0.));
#9895=DIRECTION('ref_axis',(0.393253752132213,0.91942997908157,0.));
#9896=DIRECTION('',(0.,0.,1.));
#9897=DIRECTION('center_axis',(0.,0.,-1.));
#9898=DIRECTION('ref_axis',(-0.990457949677665,-0.137815274626274,0.));
#9899=DIRECTION('',(0.,0.,-1.));
#9900=DIRECTION('center_axis',(0.777145961456971,0.629320391049837,0.));
#9901=DIRECTION('ref_axis',(0.629320391049837,-0.777145961456971,0.));
#9902=DIRECTION('',(0.,0.,1.));
#9903=DIRECTION('center_axis',(0.,0.,-1.));
#9904=DIRECTION('ref_axis',(0.294510891863201,-0.955648122780525,0.));
#9905=DIRECTION('center_axis',(0.0773289133871185,0.0626197193652082,-0.995037190209989));
#9906=DIRECTION('ref_axis',(-0.773289133871184,-0.626197193652083,-0.0995037190209989));
#9907=DIRECTION('center_axis',(0.0773289133871185,0.0626197193652082,0.995037190209989));
#9908=DIRECTION('ref_axis',(-0.773289133871184,-0.626197193652083,0.0995037190209989));
#9909=DIRECTION('',(0.,0.,-1.));
#9910=DIRECTION('center_axis',(-0.996574776737505,0.0826965197006014,0.));
#9911=DIRECTION('ref_axis',(-0.0826965197006014,-0.996574776737505,0.));
#9912=DIRECTION('',(0.,0.,1.));
#9913=DIRECTION('',(0.0824995486021591,0.994201080369573,0.0689785203698541));
#9914=DIRECTION('',(-0.0824995486021591,-0.994201080369573,0.0689785203698541));
#9915=DIRECTION('',(0.,0.,1.));
#9916=DIRECTION('center_axis',(-1.57791696158596E-47,-3.2303811811996E-47,
1.));
#9917=DIRECTION('ref_axis',(-0.50545175786475,0.862854866400737,0.));
#9918=DIRECTION('',(1.57791696158596E-47,3.2303811811996E-47,-1.));
#9919=DIRECTION('',(1.57791696158596E-47,3.2303811811996E-47,-1.));
#9920=DIRECTION('',(-1.57791696158596E-47,-3.2303811811996E-47,1.));
#9921=DIRECTION('',(1.57791696158596E-47,3.2303811811996E-47,-1.));
#9922=DIRECTION('center_axis',(-0.898535821919584,0.438900189937642,0.));
#9923=DIRECTION('ref_axis',(-0.438900189937642,-0.898535821919584,0.));
#9924=DIRECTION('center_axis',(0.998398017972972,-0.0565808952530914,0.));
#9925=DIRECTION('ref_axis',(0.,0.,-1.));
#9926=DIRECTION('',(-0.0565808952530914,-0.998398017972972,0.));
#9927=DIRECTION('',(0.,0.,1.));
#9928=DIRECTION('',(-0.0565808952530914,-0.998398017972972,0.));
#9929=DIRECTION('',(-7.69137855692403E-34,4.35883361792996E-35,-1.));
#9930=DIRECTION('',(-0.0565808952530914,-0.998398017972972,0.));
#9931=DIRECTION('',(0.,0.,1.));
#9932=DIRECTION('center_axis',(0.745982743550963,0.665965274112831,-8.1411604349759E-14));
#9933=DIRECTION('ref_axis',(-1.09133361399528E-13,0.,-1.));
#9934=DIRECTION('center_axis',(0.745982743550963,0.665965274112831,-8.1411604349759E-14));
#9935=DIRECTION('ref_axis',(-0.665965274112831,0.745982743550963,6.1331736667298E-17));
#9936=DIRECTION('',(-1.14948953376471E-13,6.51435056296625E-15,-1.));
#9937=DIRECTION('center_axis',(0.745982743550963,0.665965274112831,-8.1411604349759E-14));
#9938=DIRECTION('ref_axis',(0.665965274112831,-0.745982743550963,-5.18130511367234E-13));
#9939=DIRECTION('',(-0.54375836932977,0.60909235954057,0.577350269189451));
#9940=DIRECTION('center_axis',(-0.745982743550963,-0.665965274112831,8.1411604349759E-14));
#9941=DIRECTION('ref_axis',(-0.665965274112831,0.745982743550963,9.42055475210385E-14));
#9942=DIRECTION('',(1.14948953376471E-13,-6.51435056296625E-15,1.));
#9943=DIRECTION('center_axis',(-0.745982743550963,-0.665965274112831,8.1411604349759E-14));
#9944=DIRECTION('ref_axis',(0.665965274112831,-0.745982743550963,6.13317366673357E-17));
#9945=DIRECTION('',(0.543758369329734,-0.609092359540388,0.577350269189677));
#9946=DIRECTION('center_axis',(0.0565808952530914,0.998398017972972,0.));
#9947=DIRECTION('ref_axis',(0.998398017972972,-0.0565808952530914,8.67361737988413E-17));
#9948=DIRECTION('center_axis',(0.0565808952530914,0.998398017972972,3.31448612292844E-47));
#9949=DIRECTION('ref_axis',(0.998398017972972,-0.0565808952530914,8.67361737988413E-17));
#9950=DIRECTION('center_axis',(0.777145961456971,0.629320391049837,0.));
#9951=DIRECTION('ref_axis',(0.629320391049838,-0.777145961456971,5.83113284511901E-17));
#9952=DIRECTION('',(0.0565808952530914,0.998398017972972,0.));
#9953=DIRECTION('center_axis',(0.0565808952530914,0.998398017972972,3.31448612292844E-47));
#9954=DIRECTION('ref_axis',(0.,-3.3198043898943E-47,1.));
#9955=DIRECTION('center_axis',(0.0565808952530914,0.998398017972972,3.31448612292844E-47));
#9956=DIRECTION('ref_axis',(-0.998398017972972,0.0565808952530913,1.33226762955036E-13));
#9957=DIRECTION('center_axis',(0.0565808952530914,0.998398017972972,0.));
#9958=DIRECTION('ref_axis',(-0.998398017972972,0.0565808952530913,1.33226762955036E-13));
#9959=DIRECTION('',(0.0565808952530914,0.998398017972972,0.));
#9960=DIRECTION('center_axis',(0.777145961456971,0.629320391049837,0.));
#9961=DIRECTION('ref_axis',(-0.629320391049837,0.777145961456971,8.95662005010383E-14));
#9962=DIRECTION('center_axis',(-0.705974008831756,0.0400087347190587,-0.707106781186689));
#9963=DIRECTION('ref_axis',(-0.522268274248287,0.644947606817678,0.557923322844515));
#9964=DIRECTION('',(0.0565808952530914,0.998398017972972,0.));
#9965=DIRECTION('',(0.522268274248287,-0.644947606817678,-0.557923322844515));
#9966=DIRECTION('center_axis',(0.745982743550966,0.665965274112827,2.3436956136714E-47));
#9967=DIRECTION('ref_axis',(3.14175580324436E-47,0.,-1.));
#9968=DIRECTION('center_axis',(0.745982743550966,0.665965274112827,2.3436956136714E-47));
#9969=DIRECTION('ref_axis',(-0.665965274112827,0.745982743550966,-1.2266347333467E-16));
#9970=DIRECTION('',(1.87536592139239E-48,3.30917637573068E-47,-1.));
#9971=DIRECTION('center_axis',(0.745982743550966,0.665965274112827,2.3436956136714E-47));
#9972=DIRECTION('ref_axis',(0.665965274112827,-0.745982743550966,3.53270803203159E-14));
#9973=DIRECTION('',(-0.543758369329663,0.609092359540386,0.577350269189745));
#9974=DIRECTION('center_axis',(-0.745982743550966,-0.665965274112827,-2.3436956136714E-47));
#9975=DIRECTION('ref_axis',(-0.665965274112827,0.745982743550966,-3.92523114671009E-15));
#9976=DIRECTION('',(-1.87536592139239E-48,-3.30917637573068E-47,1.));
#9977=DIRECTION('center_axis',(-0.745982743550966,-0.665965274112827,-2.3436956136714E-47));
#9978=DIRECTION('ref_axis',(0.665965274112827,-0.745982743550966,1.22663473334316E-16));
#9979=DIRECTION('',(0.543758369329794,-0.609092359540532,0.577350269189467));
#9980=DIRECTION('center_axis',(0.0565808952530914,0.998398017972972,3.31448612292844E-47));
#9981=DIRECTION('ref_axis',(0.,-3.3198043898943E-47,1.));
#9982=DIRECTION('center_axis',(0.0565808952530914,0.998398017972972,3.31448612292844E-47));
#9983=DIRECTION('ref_axis',(-0.998398017972972,0.0565808952530914,-5.55111512312673E-15));
#9984=DIRECTION('',(-7.69137855692403E-34,4.35883361792996E-35,-1.));
#9985=DIRECTION('center_axis',(0.0565808952530914,0.998398017972972,3.31448612292844E-47));
#9986=DIRECTION('ref_axis',(0.998398017972972,-0.0565808952530914,1.73472347597181E-16));
#9987=DIRECTION('center_axis',(0.0565808952530914,0.998398017972972,0.));
#9988=DIRECTION('ref_axis',(-0.998398017972972,0.0565808952530914,-5.55111512312673E-15));
#9989=DIRECTION('',(0.0565808952530914,0.998398017972972,0.));
#9990=DIRECTION('center_axis',(0.777145961456971,0.629320391049837,0.));
#9991=DIRECTION('ref_axis',(-0.629320391049837,0.777145961456971,-3.73192502087676E-15));
#9992=DIRECTION('',(-0.0565808952530914,-0.998398017972972,0.));
#9993=DIRECTION('center_axis',(-0.705974008832007,0.040008734719073,-0.707106781186437));
#9994=DIRECTION('ref_axis',(-0.522268274248172,0.644947606817536,0.557923322844789));
#9995=DIRECTION('',(0.0565808952530914,0.998398017972972,0.));
#9996=DIRECTION('',(0.522268274248172,-0.644947606817536,-0.557923322844789));
#9997=DIRECTION('center_axis',(0.0565808952530914,0.998398017972972,0.));
#9998=DIRECTION('ref_axis',(0.998398017972972,-0.0565808952530915,4.99600361080347E-14));
#9999=DIRECTION('',(0.0565808952530914,0.998398017972972,0.));
#10000=DIRECTION('center_axis',(-0.777145961456971,-0.629320391049837,0.));
#10001=DIRECTION('ref_axis',(0.629320391049837,-0.777145961456971,3.35873251878196E-14));
#10002=DIRECTION('center_axis',(0.745982743550967,0.665965274112827,-4.35931982372972E-16));
#10003=DIRECTION('ref_axis',(-5.84372743393344E-16,0.,-1.));
#10004=DIRECTION('center_axis',(0.745982743550967,0.665965274112827,-4.35931982372972E-16));
#10005=DIRECTION('ref_axis',(-0.665965274112827,0.745982743550967,1.22663473335408E-16));
#10006=DIRECTION('',(-6.15513298347762E-16,3.4882174076634E-17,-1.));
#10007=DIRECTION('center_axis',(0.745982743550967,0.665965274112827,-4.35931982372972E-16));
#10008=DIRECTION('ref_axis',(-0.665965274111539,0.745982743549524,1.96665710275392E-6));
#10009=DIRECTION('',(-0.543758369329744,0.609092359540477,0.577350269189573));
#10010=DIRECTION('',(6.15513298347762E-16,-3.4882174076634E-17,1.));
#10011=DIRECTION('',(0.543758369330165,-0.609092359540948,0.577350269188679));
#10012=DIRECTION('center_axis',(0.0565808952530914,0.998398017972972,3.31448612292844E-47));
#10013=DIRECTION('ref_axis',(0.,-3.3198043898943E-47,1.));
#10014=DIRECTION('center_axis',(0.0565808952530914,0.998398017972972,3.31448612292844E-47));
#10015=DIRECTION('ref_axis',(0.998398017972972,-0.0565808952530915,0.));
#10016=DIRECTION('',(-0.705974008832764,0.0400087347191158,-0.707106781185679));
#10017=DIRECTION('',(0.705974008831944,-0.0400087347190693,-0.7071067811865));
#10018=DIRECTION('center_axis',(0.0565808952530914,0.998398017972972,3.31448612292844E-47));
#10019=DIRECTION('ref_axis',(-0.998398017972972,0.0565808952530913,-1.11022302462472E-14));
#10020=DIRECTION('center_axis',(-0.70597400883185,0.040008734719064,-0.707106781186595));
#10021=DIRECTION('ref_axis',(-0.522268274248244,0.644947606817625,0.557923322844617));
#10022=DIRECTION('',(0.0565808952530914,0.998398017972972,0.));
#10023=DIRECTION('',(0.522268274248244,-0.644947606817625,-0.557923322844617));
#10024=DIRECTION('',(0.0565808952530914,0.998398017972972,0.));
#10025=DIRECTION('',(0.0565808952530914,0.998398017972972,0.));
#10026=DIRECTION('center_axis',(-0.777145961456971,-0.629320391049837,0.));
#10027=DIRECTION('ref_axis',(-0.629320391048737,0.777145961455612,1.86980500636382E-6));
#10028=DIRECTION('center_axis',(0.998398017972972,-0.0565808952530914,-3.03858167864314E-64));
#10029=DIRECTION('ref_axis',(-2.84439589543569E-64,3.51253640333351E-64,
-1.));
#10030=DIRECTION('',(0.0565808952530914,0.998398017972972,0.));
#10031=DIRECTION('',(2.84439589543569E-64,-3.51253640333351E-64,1.));
#10032=DIRECTION('center_axis',(0.0565808952530914,0.998398017972972,0.));
#10033=DIRECTION('ref_axis',(-0.998398017972972,0.0565808952530914,-1.73472347597681E-16));
#10034=DIRECTION('',(0.0565808952530914,0.998398017972972,0.));
#10035=DIRECTION('center_axis',(-0.777145961456971,-0.629320391049837,0.));
#10036=DIRECTION('ref_axis',(-0.629320391049838,0.777145961456971,-1.16622656902379E-16));
#10037=DIRECTION('center_axis',(-0.705974008831753,0.0400087347190585,0.707106781186692));
#10038=DIRECTION('ref_axis',(0.522268274248289,-0.64494760681768,0.557923322844512));
#10039=DIRECTION('',(0.0565808952530914,0.998398017972972,0.));
#10040=DIRECTION('',(-0.522268274248289,0.64494760681768,-0.557923322844512));
#10041=DIRECTION('center_axis',(0.0565808952530914,0.998398017972972,0.));
#10042=DIRECTION('ref_axis',(0.998398017972972,-0.0565808952530914,1.73472347597181E-16));
#10043=DIRECTION('',(-0.0565808952530914,-0.998398017972972,0.));
#10044=DIRECTION('center_axis',(0.777145961456971,0.629320391049837,0.));
#10045=DIRECTION('ref_axis',(0.629320391049838,-0.777145961456971,1.16622656902043E-16));
#10046=DIRECTION('center_axis',(0.0565808952530914,0.998398017972972,0.));
#10047=DIRECTION('ref_axis',(0.998398017972972,-0.0565808952530913,-7.32747196254848E-13));
#10048=DIRECTION('',(0.0565808952530914,0.998398017972972,0.));
#10049=DIRECTION('center_axis',(-0.777145961456971,-0.629320391049837,0.));
#10050=DIRECTION('ref_axis',(0.629320391049837,-0.777145961456971,-4.92614102757157E-13));
#10051=DIRECTION('center_axis',(0.998398017972972,-0.0565808952530914,-1.15133395005982E-13));
#10052=DIRECTION('ref_axis',(-1.07775597570518E-13,1.33091778983698E-13,
-1.));
#10053=DIRECTION('',(0.0565808952530914,0.998398017972972,0.));
#10054=DIRECTION('',(1.07775597570518E-13,-1.33091778983698E-13,1.));
#10055=DIRECTION('center_axis',(0.0565808952530914,0.998398017972972,0.));
#10056=DIRECTION('ref_axis',(-0.998398017972972,0.0565808952530914,8.67361737987879E-17));
#10057=DIRECTION('',(0.0565808952530914,0.998398017972972,0.));
#10058=DIRECTION('center_axis',(-0.777145961456971,-0.629320391049837,0.));
#10059=DIRECTION('ref_axis',(-0.629320391049838,0.777145961456971,5.83113284511541E-17));
#10060=DIRECTION('center_axis',(-0.705974008831923,0.0400087347190682,0.707106781186522));
#10061=DIRECTION('ref_axis',(0.522268274248211,-0.644947606817584,0.557923322844697));
#10062=DIRECTION('',(-0.522268274248211,0.644947606817584,-0.557923322844697));
#10063=DIRECTION('center_axis',(0.0773289133871185,0.0626197193652082,-0.995037190209989));
#10064=DIRECTION('ref_axis',(-0.996993830890753,0.,-0.0774809729274263));
#10065=DIRECTION('center_axis',(0.0773289133871185,0.0626197193652082,0.995037190209989));
#10066=DIRECTION('ref_axis',(0.996993830890753,0.,-0.0774809729274263));
#10067=DIRECTION('center_axis',(0.777145961456971,0.629320391049837,0.));
#10068=DIRECTION('ref_axis',(0.629320391049837,-0.777145961456971,0.));
#10069=DIRECTION('center_axis',(0.777145961456971,0.629320391049837,0.));
#10070=DIRECTION('ref_axis',(-0.629320391049837,0.777145961456971,-7.46385004174929E-15));
#10071=DIRECTION('',(5.7710237103915E-16,-7.12662077025883E-16,1.));
#10072=DIRECTION('center_axis',(-0.777145961456971,-0.629320391049837,0.));
#10073=DIRECTION('ref_axis',(-0.629320391049837,0.777145961456971,1.16622656903081E-16));
#10074=DIRECTION('',(-0.522268274248622,0.644947606818091,-0.557923322843725));
#10075=DIRECTION('center_axis',(0.777145961456971,0.629320391049837,0.));
#10076=DIRECTION('ref_axis',(0.629320391049838,-0.777145961456971,0.));
#10077=DIRECTION('',(0.,0.,1.));
#10078=DIRECTION('',(0.,0.,1.));
#10079=DIRECTION('',(0.,0.,-1.));
#10080=DIRECTION('center_axis',(0.998398017972972,-0.0565808952530914,-6.16500921744042E-16));
#10081=DIRECTION('ref_axis',(-5.7710237103915E-16,7.12662077025883E-16,
-1.));
#10082=DIRECTION('',(0.0565808952530914,0.998398017972972,0.));
#10083=DIRECTION('center_axis',(0.0565808952530914,0.998398017972972,0.));
#10084=DIRECTION('ref_axis',(-0.998398017972972,0.0565808952530912,1.73472347598725E-16));
#10085=DIRECTION('',(0.0565808952530914,0.998398017972972,0.));
#10086=DIRECTION('center_axis',(-0.70597400883103,0.0400087347190176,0.707106781187416));
#10087=DIRECTION('ref_axis',(0.522268274248622,-0.644947606818091,0.557923322843725));
#10088=DIRECTION('',(0.0565808952530914,0.998398017972972,0.));
#10089=DIRECTION('center_axis',(0.0565808952530914,0.998398017972972,0.));
#10090=DIRECTION('ref_axis',(0.998398017972972,-0.0565808952530915,0.));
#10091=DIRECTION('',(-0.0565808952530914,-0.998398017972972,0.));
#10092=DIRECTION('center_axis',(0.0565808952530914,0.998398017972972,0.));
#10093=DIRECTION('ref_axis',(-0.998398017972972,0.0565808952530913,-1.11022302462472E-14));
#10094=DIRECTION('center_axis',(0.998398017972972,-0.0565808952530914,0.));
#10095=DIRECTION('ref_axis',(0.,0.,-1.));
#10096=DIRECTION('center_axis',(1.,2.4616288242253E-16,0.));
#10097=DIRECTION('ref_axis',(2.4616288242253E-16,-1.,0.));
#10098=DIRECTION('center_axis',(0.,0.,-1.));
#10099=DIRECTION('ref_axis',(1.,0.,0.));
#10100=DIRECTION('',(0.,0.,1.));
#10101=DIRECTION('center_axis',(0.,0.,-1.));
#10102=DIRECTION('ref_axis',(1.,0.,0.));
#10103=DIRECTION('',(0.,0.,1.));
#10104=DIRECTION('center_axis',(0.,0.,-1.));
#10105=DIRECTION('ref_axis',(1.,0.,0.));
#10106=DIRECTION('',(0.,0.,1.));
#10107=DIRECTION('center_axis',(0.0565808952530914,0.998398017972972,0.));
#10108=DIRECTION('ref_axis',(-0.998398017972705,0.0565808952530763,-7.31234767180826E-7));
#10109=DIRECTION('center_axis',(0.0565808952530903,0.998398017972972,1.17079300150806E-15));
#10110=DIRECTION('ref_axis',(-0.998398017972705,0.0565808952530763,-7.31234767180826E-7));
#10111=DIRECTION('',(-0.0565808952530914,-0.998398017972972,0.));
#10112=DIRECTION('center_axis',(-0.777145961456971,-0.629320391049837,0.));
#10113=DIRECTION('ref_axis',(-0.629320391049761,0.777145961456877,-4.91597321123548E-7));
#10114=DIRECTION('',(0.0565808952530914,0.998398017972972,0.));
#10115=DIRECTION('center_axis',(-0.705974008831546,0.0400087347190468,-0.707106781186899));
#10116=DIRECTION('ref_axis',(-0.522268274248384,0.644947606817798,0.557923322844286));
#10117=DIRECTION('',(0.705974008832248,-0.0400087347190849,-0.707106781186196));
#10118=DIRECTION('',(-0.522268274248384,0.644947606817798,0.557923322844287));
#10119=DIRECTION('',(0.0565808952530914,0.998398017972972,0.));
#10120=DIRECTION('',(-0.5437583693299,0.609092359540652,0.577350269189241));
#10121=DIRECTION('center_axis',(0.745982743550967,0.665965274112827,-4.35931982372972E-16));
#10122=DIRECTION('ref_axis',(-5.84372743393344E-16,0.,-1.));
#10123=DIRECTION('',(1.71818619432864E-15,-1.27004410242028E-15,1.));
#10124=DIRECTION('center_axis',(0.745982743550967,0.665965274112827,-4.35931982372972E-16));
#10125=DIRECTION('ref_axis',(-0.665965274110341,0.745982743548183,-2.73221084760889E-6));
#10126=DIRECTION('',(-7.90007701730679E-14,8.78383326696717E-14,-1.));
#10127=DIRECTION('center_axis',(0.745982743550967,0.665965274112827,-4.35931982372972E-16));
#10128=DIRECTION('ref_axis',(-0.665965274112827,0.745982743550967,2.29994012502703E-16));
#10129=DIRECTION('',(0.543758369330332,-0.609092359541136,0.577350269188323));
#10130=DIRECTION('center_axis',(0.777145961456971,0.629320391049837,0.));
#10131=DIRECTION('ref_axis',(-0.629320391047714,0.777145961454349,-2.59765747376488E-6));
#10132=DIRECTION('',(0.0565808952530914,0.998398017972972,0.));
#10133=DIRECTION('center_axis',(0.998398017972972,-0.0565808952530914,-8.38441838591181E-14));
#10134=DIRECTION('ref_axis',(-7.84859772245865E-14,9.69221101025167E-14,
-1.));
#10135=DIRECTION('',(-7.84859772245865E-14,9.69221101025167E-14,-1.));
#10136=DIRECTION('',(0.0565808952530914,0.998398017972972,0.));
#10137=DIRECTION('center_axis',(0.0565808952530914,0.998398017972972,0.));
#10138=DIRECTION('ref_axis',(0.382071960374008,-0.0216526607424117,0.92387887700647));
#10139=DIRECTION('center_axis',(0.777145961456971,0.629320391049837,0.));
#10140=DIRECTION('ref_axis',(-0.629320391049837,0.777145961456971,2.18667481692148E-16));
#10141=DIRECTION('',(0.0565808952530914,0.998398017972972,0.));
#10142=DIRECTION('center_axis',(-0.705974008830704,0.0400087347189991,0.707106781187742));
#10143=DIRECTION('ref_axis',(0.522268274248772,-0.644947606818277,0.55792332284337));
#10144=DIRECTION('',(-0.70597400883309,0.0400087347191343,-0.707106781185353));
#10145=DIRECTION('',(0.522268274248772,-0.644947606818277,0.55792332284337));
#10146=DIRECTION('',(0.0565808952530914,0.998398017972972,0.));
#10147=DIRECTION('center_axis',(0.0565808952530914,0.998398017972972,0.));
#10148=DIRECTION('ref_axis',(0.998398017972972,-0.0565808952530913,0.));
#10149=DIRECTION('center_axis',(0.0565808952530903,0.998398017972972,1.17079300150806E-15));
#10150=DIRECTION('ref_axis',(0.998398017972972,-0.0565808952530913,0.));
#10151=DIRECTION('center_axis',(-0.777145961456971,-0.629320391049837,0.));
#10152=DIRECTION('ref_axis',(0.629320391049838,-0.777145961456971,0.));
#10153=DIRECTION('',(-0.0565808952530914,-0.998398017972972,0.));
#10154=DIRECTION('center_axis',(0.0565808952530903,0.998398017972972,1.17079300150806E-15));
#10155=DIRECTION('ref_axis',(0.,-1.1726716003354E-15,1.));
#10156=DIRECTION('',(-2.14797835813974E-16,-1.17396511009144E-15,1.));
#10157=DIRECTION('',(0.998398017972972,-0.0565808952530914,0.));
#10158=DIRECTION('',(0.998398017972972,-0.0565808952530914,0.));
#10159=DIRECTION('',(6.70052401748121E-17,1.1823407651133E-15,-1.));
#10160=DIRECTION('',(-0.998398017972972,0.0565808952530914,0.));
#10161=DIRECTION('',(-0.998398017972972,0.0565808952530914,0.));
#10162=DIRECTION('',(-2.14797835813974E-16,-1.17396511009144E-15,1.));
#10163=DIRECTION('center_axis',(-0.998398017972972,0.0565808952530915,0.));
#10164=DIRECTION('ref_axis',(0.,0.,1.));
#10165=DIRECTION('',(0.,0.,1.));
#10166=DIRECTION('',(-0.0565808952530914,-0.998398017972972,0.));
#10167=DIRECTION('',(-1.87536592139239E-48,-3.30917637573068E-47,1.));
#10168=DIRECTION('',(-0.0565808952530914,-0.998398017972972,0.));
#10169=DIRECTION('',(0.,0.,1.));
#10170=DIRECTION('center_axis',(-0.998398017972972,0.0565808952530915,0.));
#10171=DIRECTION('ref_axis',(0.,0.,1.));
#10172=DIRECTION('',(0.,0.,1.));
#10173=DIRECTION('',(-0.0565808952530914,-0.998398017972972,0.));
#10174=DIRECTION('',(-1.87536592139239E-48,-3.30917637573068E-47,1.));
#10175=DIRECTION('',(-0.0565808952530914,-0.998398017972972,0.));
#10176=DIRECTION('',(0.,0.,1.));
#10177=DIRECTION('center_axis',(0.0565808952530914,0.998398017972972,0.));
#10178=DIRECTION('ref_axis',(0.998398017972972,-0.0565808952530913,4.40966707591739E-12));
#10179=DIRECTION('center_axis',(0.745982743550966,0.665965274112827,2.3436956136714E-47));
#10180=DIRECTION('ref_axis',(0.665965274112827,-0.745982743550966,3.11810549215623E-12));
#10181=DIRECTION('',(0.0565808952530914,0.998398017972972,0.));
#10182=DIRECTION('center_axis',(0.777145961456971,0.629320391049837,0.));
#10183=DIRECTION('ref_axis',(0.629320391049838,-0.777145961456971,2.96454793844794E-12));
#10184=DIRECTION('',(0.0565808952530914,0.998398017972972,0.));
#10185=DIRECTION('center_axis',(0.998398017972972,-0.0565808952530914,4.27642353614751E-50));
#10186=DIRECTION('ref_axis',(4.00313134211823E-50,-4.94345551161815E-50,
-1.));
#10187=DIRECTION('',(1.91564201049585E-48,3.30466483907602E-47,-1.));
#10188=DIRECTION('',(4.00313134211823E-50,-4.94345551161815E-50,-1.));
#10189=DIRECTION('',(0.0565808952530914,0.998398017972972,0.));
#10190=DIRECTION('center_axis',(0.0565808952530914,0.998398017972972,0.));
#10191=DIRECTION('ref_axis',(-0.998398017972972,0.0565808952530915,-1.08420217248447E-16));
#10192=DIRECTION('center_axis',(0.745982743550966,0.665965274112827,2.3436956136714E-47));
#10193=DIRECTION('ref_axis',(-0.665965274112827,0.745982743550966,-7.66646708340954E-17));
#10194=DIRECTION('center_axis',(0.777145961456971,0.629320391049837,0.));
#10195=DIRECTION('ref_axis',(-0.629320391049838,0.777145961456971,-7.28891605639174E-17));
#10196=DIRECTION('',(0.0565808952530914,0.998398017972972,0.));
#10197=DIRECTION('center_axis',(-0.705974008832054,0.0400087347190756,0.70710678118639));
#10198=DIRECTION('ref_axis',(0.52226827424815,-0.644947606817509,0.55792332284484));
#10199=DIRECTION('',(0.543758369329639,-0.609092359540359,0.577350269189796));
#10200=DIRECTION('',(0.52226827424815,-0.644947606817509,0.55792332284484));
#10201=DIRECTION('',(0.0565808952530914,0.998398017972972,0.));
#10202=DIRECTION('center_axis',(0.0565808952530914,0.998398017972972,0.));
#10203=DIRECTION('ref_axis',(0.998398017972972,-0.0565808952530915,3.25260651746146E-16));
#10204=DIRECTION('center_axis',(-0.745982743550966,-0.665965274112827,-2.3436956136714E-47));
#10205=DIRECTION('ref_axis',(0.665965274112827,-0.745982743550966,2.29994012502855E-16));
#10206=DIRECTION('center_axis',(-0.777145961456971,-0.629320391049837,0.));
#10207=DIRECTION('ref_axis',(0.629320391049837,-0.777145961456971,2.18667481692292E-16));
#10208=DIRECTION('center_axis',(0.0565808952530914,0.998398017972972,0.));
#10209=DIRECTION('ref_axis',(-0.998398017972972,0.0565808952530914,-4.16333634233665E-14));
#10210=DIRECTION('center_axis',(-0.745982743550966,-0.665965274112827,-2.3436956136714E-47));
#10211=DIRECTION('ref_axis',(-0.665965274112827,0.745982743550966,-2.94392336002663E-14));
#10212=DIRECTION('center_axis',(-0.777145961456971,-0.629320391049837,0.));
#10213=DIRECTION('ref_axis',(-0.629320391049837,0.777145961456971,-2.79894376565192E-14));
#10214=DIRECTION('',(0.0565808952530914,0.998398017972972,0.));
#10215=DIRECTION('center_axis',(-0.705974008832149,0.040008734719081,-0.707106781186296));
#10216=DIRECTION('ref_axis',(-0.522268274248107,0.644947606817455,0.557923322844942));
#10217=DIRECTION('',(-0.543758369329591,0.609092359540305,0.577350269189899));
#10218=DIRECTION('',(-0.522268274248107,0.644947606817455,0.557923322844942));
#10219=DIRECTION('center_axis',(0.745982743550966,0.665965274112827,2.3436956136714E-47));
#10220=DIRECTION('ref_axis',(3.14175580324436E-47,0.,-1.));
#10221=DIRECTION('center_axis',(0.0565808952530914,0.998398017972972,0.));
#10222=DIRECTION('ref_axis',(0.998398017972972,-0.0565808952530915,3.33066907387549E-13));
#10223=DIRECTION('center_axis',(0.745982743550966,0.665965274112827,2.3436956136714E-47));
#10224=DIRECTION('ref_axis',(0.665965274112827,-0.745982743550966,2.35513868802567E-13));
#10225=DIRECTION('',(0.0565808952530914,0.998398017972972,0.));
#10226=DIRECTION('center_axis',(0.777145961456971,0.629320391049837,0.));
#10227=DIRECTION('ref_axis',(0.629320391049837,-0.777145961456971,2.23915501252569E-13));
#10228=DIRECTION('',(0.0565808952530914,0.998398017972972,0.));
#10229=DIRECTION('center_axis',(0.998398017972972,-0.0565808952530914,-1.12875877456882E-15));
#10230=DIRECTION('ref_axis',(-1.05662350559366E-15,1.30482136258571E-15,
-1.));
#10231=DIRECTION('',(-1.06308434130922E-15,1.19081670528901E-15,-1.));
#10232=DIRECTION('',(-1.05662350559366E-15,1.30482136258571E-15,-1.));
#10233=DIRECTION('',(0.0565808952530914,0.998398017972972,0.));
#10234=DIRECTION('center_axis',(0.0565808952530914,0.998398017972972,0.));
#10235=DIRECTION('ref_axis',(-0.998398017972972,0.0565808952530912,0.));
#10236=DIRECTION('center_axis',(0.745982743550966,0.665965274112827,2.3436956136714E-47));
#10237=DIRECTION('ref_axis',(-0.665965274112827,0.745982743550966,0.));
#10238=DIRECTION('center_axis',(0.777145961456971,0.629320391049837,0.));
#10239=DIRECTION('ref_axis',(-0.629320391049837,0.777145961456971,0.));
#10240=DIRECTION('',(0.0565808952530914,0.998398017972972,0.));
#10241=DIRECTION('center_axis',(-0.705974008832128,0.0400087347190798,0.707106781186316));
#10242=DIRECTION('ref_axis',(0.522268274248116,-0.644947606817467,0.55792332284492));
#10243=DIRECTION('',(0.543758369329601,-0.609092359540316,0.577350269189877));
#10244=DIRECTION('',(0.522268274248116,-0.644947606817467,0.55792332284492));
#10245=DIRECTION('',(0.0565808952530914,0.998398017972972,0.));
#10246=DIRECTION('center_axis',(0.0565808952530914,0.998398017972972,0.));
#10247=DIRECTION('ref_axis',(0.998398017972972,-0.0565808952530914,-1.08420217248489E-16));
#10248=DIRECTION('center_axis',(-0.745982743550966,-0.665965274112827,-2.3436956136714E-47));
#10249=DIRECTION('ref_axis',(0.665965274112827,-0.745982743550966,-7.6664670834125E-17));
#10250=DIRECTION('center_axis',(-0.777145961456971,-0.629320391049837,0.));
#10251=DIRECTION('ref_axis',(0.629320391049838,-0.777145961456971,-7.28891605639455E-17));
#10252=DIRECTION('center_axis',(0.0565808952530914,0.998398017972972,0.));
#10253=DIRECTION('ref_axis',(-0.998398017972972,0.0565808952530914,0.));
#10254=DIRECTION('center_axis',(-0.745982743550966,-0.665965274112827,-2.3436956136714E-47));
#10255=DIRECTION('ref_axis',(-0.665965274112827,0.745982743550966,0.));
#10256=DIRECTION('center_axis',(-0.777145961456971,-0.629320391049837,0.));
#10257=DIRECTION('ref_axis',(-0.629320391049837,0.777145961456971,0.));
#10258=DIRECTION('',(0.0565808952530914,0.998398017972972,0.));
#10259=DIRECTION('center_axis',(-0.705974008832117,0.0400087347190792,-0.707106781186327));
#10260=DIRECTION('ref_axis',(-0.522268274248121,0.644947606817473,0.557923322844908));
#10261=DIRECTION('',(-0.543758369329607,0.609092359540323,0.577350269189864));
#10262=DIRECTION('',(-0.522268274248121,0.644947606817473,0.557923322844908));
#10263=DIRECTION('center_axis',(0.745982743550966,0.665965274112827,2.3436956136714E-47));
#10264=DIRECTION('ref_axis',(3.14175580324436E-47,0.,-1.));
#10265=DIRECTION('center_axis',(0.777145961456971,0.629320391049837,0.));
#10266=DIRECTION('ref_axis',(0.,0.,-1.));
#10267=DIRECTION('',(-1.54074395550979E-33,-1.,3.05311331771918E-16));
#10268=DIRECTION('',(1.,1.54074395550979E-33,-3.85185988877447E-33));
#10269=DIRECTION('',(7.70371977754894E-33,-3.05311331771918E-16,-1.));
#10270=DIRECTION('',(0.999876632481661,0.0157073173118207,-4.79562196703607E-18));
#10271=DIRECTION('',(-3.51481886302811E-15,1.,-3.05311331771918E-16));
#10272=DIRECTION('',(-1.,-3.51481886302811E-15,-7.15573433840322E-18));
#10273=DIRECTION('',(-1.43103788238092E-17,3.05436216555949E-16,1.));
#10274=DIRECTION('',(-0.999847695156392,0.01745240643728,-1.96387962758E-17));
#10275=CARTESIAN_POINT('',(0.,0.,0.));
#10276=CARTESIAN_POINT('',(0.,0.,0.));
#10277=CARTESIAN_POINT('Origin',(-10.1000279715661,17.2,52.9));
#10278=CARTESIAN_POINT('',(-18.8993565360432,19.7877225525774,54.417791814078));
#10279=CARTESIAN_POINT('',(-17.6698603738007,20.2,52.9));
#10280=CARTESIAN_POINT('Origin',(-17.6698603738007,17.2,52.9));
#10281=CARTESIAN_POINT('',(-22.4520846781664,20.2,52.9));
#10282=CARTESIAN_POINT('',(-10.1000279715661,20.2,52.9));
#10283=CARTESIAN_POINT('',(-22.4520846781664,17.2,55.9));
#10284=CARTESIAN_POINT('Origin',(-22.4520846781664,17.2,52.9));
#10285=CARTESIAN_POINT('',(-22.0075271203194,17.2,55.9));
#10286=CARTESIAN_POINT('',(-10.1000279715661,17.2,55.9));
#10287=CARTESIAN_POINT('Ctrl Pts',(-22.0075271203194,17.2,55.9));
#10288=CARTESIAN_POINT('Ctrl Pts',(-21.5634701464736,17.5845646200781,55.9));
#10289=CARTESIAN_POINT('Ctrl Pts',(-21.0813746144204,18.0023711866532,55.8225214001994));
#10290=CARTESIAN_POINT('Ctrl Pts',(-20.1550773506243,18.7910492574656,55.4794363038981));
#10291=CARTESIAN_POINT('Ctrl Pts',(-19.7107449842085,19.1618005132131,55.2139061107113));
#10292=CARTESIAN_POINT('Ctrl Pts',(-19.1864488175172,19.5739226743656,54.7426490819893));
#10293=CARTESIAN_POINT('Ctrl Pts',(-19.0384044180311,19.6870423914044,54.5894440270152));
#10294=CARTESIAN_POINT('Ctrl Pts',(-18.899356536043,19.7877225525774,54.4177918140781));
#10295=CARTESIAN_POINT('Origin',(-10.1000279715661,17.2,52.9));
#10296=CARTESIAN_POINT('',(-27.1000279715661,20.0263190597454,53.9059426288413));
#10297=CARTESIAN_POINT('Ctrl Pts',(-27.1000279715661,20.0263190597454,53.9059426288413));
#10298=CARTESIAN_POINT('Ctrl Pts',(-27.0551379191902,20.02089213907,53.921190227363));
#10299=CARTESIAN_POINT('Ctrl Pts',(-27.0099222689368,20.0155820970842,53.9357195483373));
#10300=CARTESIAN_POINT('Ctrl Pts',(-26.4931088438073,19.9569689343571,54.0926724118952));
#10301=CARTESIAN_POINT('Ctrl Pts',(-25.9916309676514,19.9239156310992,54.1570933277421));
#10302=CARTESIAN_POINT('Ctrl Pts',(-25.5269561250187,19.9239156310992,54.1570933277421));
#10303=CARTESIAN_POINT('Ctrl Pts',(-25.0241361668252,19.9239156310992,54.1570933277421));
#10304=CARTESIAN_POINT('Ctrl Pts',(-24.4836238799224,19.9630476948013,54.081870111286));
#10305=CARTESIAN_POINT('Ctrl Pts',(-23.4812476878957,20.0827295250857,53.7491886233202));
#10306=CARTESIAN_POINT('Ctrl Pts',(-23.0177999602001,20.1616761574488,53.4959428674048));
#10307=CARTESIAN_POINT('Ctrl Pts',(-22.5893414019594,20.1961925527062,53.0679932161561));
#10308=CARTESIAN_POINT('Ctrl Pts',(-22.5177019880864,20.2,52.9870868656607));
#10309=CARTESIAN_POINT('Ctrl Pts',(-22.4520846781664,20.2,52.9));
#10310=CARTESIAN_POINT('',(-27.1000279715661,17.2,55.9));
#10311=CARTESIAN_POINT('Origin',(-27.1000279715661,17.2,52.9));
#10312=CARTESIAN_POINT('',(-10.1000279715661,17.2,55.9));
#10313=CARTESIAN_POINT('Origin',(-13.5975804363228,10.9914611701708,-3.46589814270991));
#10314=CARTESIAN_POINT('',(-24.1133041852122,19.5956813209524,0.895681320952384));
#10315=CARTESIAN_POINT('',(-15.8477473083625,14.5,-4.19999999999999));
#10316=CARTESIAN_POINT('',(-13.5975804363228,13.1127815137305,-5.58721848626955));
#10317=CARTESIAN_POINT('',(-18.12346,12.8110668170558,-4.19999999999999));
#10318=CARTESIAN_POINT('Origin',(-12.4068151053193,10.2573593128807,-4.19999999999999));
#10319=CARTESIAN_POINT('',(-25.2426212205331,17.2,0.188933182944281));
#10320=CARTESIAN_POINT('',(-15.1719304555753,10.9914611701708,-6.01960564688493));
#10321=CARTESIAN_POINT('Origin',(-23.6682712012806,17.2,2.7426406871193));
#10322=CARTESIAN_POINT('Origin',(-28.1000279715662,-14.8,5.47480024149833));
#10323=CARTESIAN_POINT('',(-31.1000279715662,-14.8,5.47480024149833));
#10324=CARTESIAN_POINT('',(-28.1000279715662,-17.8,5.47480024149833));
#10325=CARTESIAN_POINT('Origin',(-28.1000279715662,-14.8,5.47480024149833));
#10326=CARTESIAN_POINT('',(-29.6743779908186,-14.8,2.92109273732331));
#10327=CARTESIAN_POINT('Origin',(-28.1000279715662,-14.8,5.47480024149833));
#10328=CARTESIAN_POINT('Origin',(-28.1000279715662,-14.8,5.47480024149834));
#10329=CARTESIAN_POINT('Origin',(-28.1000279715662,17.2,5.47480024149833));
#10330=CARTESIAN_POINT('',(-31.1000279715662,17.2,5.47480024149834));
#10331=CARTESIAN_POINT('',(-29.6743779908186,17.2,2.92109273732331));
#10332=CARTESIAN_POINT('Origin',(-28.1000279715662,17.2,5.47480024149833));
#10333=CARTESIAN_POINT('',(-28.1000279715662,20.2,5.47480024149833));
#10334=CARTESIAN_POINT('Origin',(-28.1000279715662,17.2,5.47480024149833));
#10335=CARTESIAN_POINT('Origin',(-28.1000279715662,17.2,5.47480024149833));
#10336=CARTESIAN_POINT('Origin',(-28.1000279715662,17.2,10.675));
#10337=CARTESIAN_POINT('',(-28.1000279715662,20.2,12.3004625399817));
#10338=CARTESIAN_POINT('',(-29.5643901678977,19.8183283518221,15.5878048780488));
#10339=CARTESIAN_POINT('Ctrl Pts',(-28.1000279715662,20.2,12.3004625399817));
#10340=CARTESIAN_POINT('Ctrl Pts',(-28.288190363693,20.2,12.4151664639363));
#10341=CARTESIAN_POINT('Ctrl Pts',(-28.4578736937783,20.1819155309711,12.5633531030676));
#10342=CARTESIAN_POINT('Ctrl Pts',(-28.9321139005542,20.1022697932604,13.081841980611));
#10343=CARTESIAN_POINT('Ctrl Pts',(-29.174908745745,20.0062413698212,13.5481748034422));
#10344=CARTESIAN_POINT('Ctrl Pts',(-29.4925520834973,19.8629370993853,14.5505650972161));
#10345=CARTESIAN_POINT('Ctrl Pts',(-29.5643901678977,19.8183283518221,15.0879533433152));
#10346=CARTESIAN_POINT('Ctrl Pts',(-29.5643901678977,19.8183283518221,15.5878048780488));
#10347=CARTESIAN_POINT('',(-28.1000279715662,20.2,10.675));
#10348=CARTESIAN_POINT('',(-31.1000279715661,17.2,47.7192989854359));
#10349=CARTESIAN_POINT('',(-31.1000279715662,17.2,10.675));
#10350=CARTESIAN_POINT('',(-28.1000279715661,20.2,47.7192989854359));
#10351=CARTESIAN_POINT('Origin',(-28.1000279715661,17.2,47.7192989854359));
#10352=CARTESIAN_POINT('',(-28.1000279715662,20.2,18.8751472161159));
#10353=CARTESIAN_POINT('',(-28.1000279715662,20.2,10.675));
#10354=CARTESIAN_POINT('Ctrl Pts',(-29.5643901678977,19.8183283518221,15.5878048780488));
#10355=CARTESIAN_POINT('Ctrl Pts',(-29.5643901678977,19.8183283518221,16.0419673396135));
#10356=CARTESIAN_POINT('Ctrl Pts',(-29.5048548823945,19.8547579379321,16.5324480238172));
#10357=CARTESIAN_POINT('Ctrl Pts',(-29.2406621256878,19.9785309340932,17.4604024731611));
#10358=CARTESIAN_POINT('Ctrl Pts',(-29.0370359672319,20.0634818000775,17.8984870521878));
#10359=CARTESIAN_POINT('Ctrl Pts',(-28.6200881447646,20.1583434549767,18.4495895135626));
#10360=CARTESIAN_POINT('Ctrl Pts',(-28.4366681391789,20.1884242387514,18.6409087250397));
#10361=CARTESIAN_POINT('Ctrl Pts',(-28.1856609961008,20.1990641236894,18.8206769953811));
#10362=CARTESIAN_POINT('Ctrl Pts',(-28.1432550825037,20.2,18.8487959394888));
#10363=CARTESIAN_POINT('Ctrl Pts',(-28.1000279715662,20.2,18.8751472161159));
#10364=CARTESIAN_POINT('Origin',(-10.1650656753753,17.2,-5.58202916834506));
#10365=CARTESIAN_POINT('',(-11.7394156946277,17.2,-8.13573667252007));
#10366=CARTESIAN_POINT('',(-21.6526197839443,20.2,1.50000000000001));
#10367=CARTESIAN_POINT('',(-10.1650656753753,20.2,-5.58202916834506));
#10368=CARTESIAN_POINT('Origin',(-16.7864067951943,17.2,-1.49999999999999));
#10369=CARTESIAN_POINT('Origin',(-28.1000279715662,-11.325,5.47480024149833));
#10370=CARTESIAN_POINT('',(-29.6743779908186,-11.325,2.92109273732331));
#10371=CARTESIAN_POINT('',(-31.1000279715662,-11.325,5.47480024149833));
#10372=CARTESIAN_POINT('Origin',(-35.300185196115,-14.8,9.91366712290773));
#10373=CARTESIAN_POINT('',(-13.12346,-17.7763335415447,-4.19999999999999));
#10374=CARTESIAN_POINT('',(-13.12346,-17.8,-3.75819141311477));
#10375=CARTESIAN_POINT('Origin',(-13.12346,-14.8,-3.75819141311477));
#10376=CARTESIAN_POINT('',(-35.300185196115,-17.8,9.91366712290773));
#10377=CARTESIAN_POINT('',(-18.12346,-14.8,-4.19999999999999));
#10378=CARTESIAN_POINT('',(-36.8745352153675,-14.8,7.35995961873271));
#10379=CARTESIAN_POINT('Origin',(-12.4068151053193,-14.8,-4.19999999999999));
#10380=CARTESIAN_POINT('Origin',(-28.1000279715661,-14.8,50.720934690622));
#10381=CARTESIAN_POINT('',(-29.3659060542313,-17.5198442381555,17.4756503291561));
#10382=CARTESIAN_POINT('',(-28.1000279715662,-17.8,18.5300013899759));
#10383=CARTESIAN_POINT('Origin',(-28.1000279715662,-14.8,15.0658997748382));
#10384=CARTESIAN_POINT('',(-28.1000279715661,-17.8,47.9695545086451));
#10385=CARTESIAN_POINT('',(-28.1000279715661,-17.8,50.720934690622));
#10386=CARTESIAN_POINT('',(-31.1000279715661,-14.8,47.9695545086451));
#10387=CARTESIAN_POINT('Origin',(-28.1000279715661,-14.8,47.9695545086451));
#10388=CARTESIAN_POINT('',(-31.1000279715661,-14.8,50.720934690622));
#10389=CARTESIAN_POINT('',(-28.1000279715662,-17.8,12.6456083661217));
#10390=CARTESIAN_POINT('',(-28.1000279715661,-17.8,50.720934690622));
#10391=CARTESIAN_POINT('',(-29.3659060542313,-17.5198442381555,13.6999594269415));
#10392=CARTESIAN_POINT('Origin',(-28.1000279715662,-14.8,16.1097099812594));
#10393=CARTESIAN_POINT('',(-29.3659060542313,-17.5198442381555,50.720934690622));
#10394=CARTESIAN_POINT('Origin',(-28.1000279715662,17.2,10.675));
#10395=CARTESIAN_POINT('',(-29.1769852396421,20.0000291146234,50.583177696643));
#10396=CARTESIAN_POINT('Ctrl Pts',(-28.1000279715661,20.2,47.7192989854359));
#10397=CARTESIAN_POINT('Ctrl Pts',(-28.151840556533,20.2,47.7658503645685));
#10398=CARTESIAN_POINT('Ctrl Pts',(-28.2008625131179,20.1986573093807,47.8142607208897));
#10399=CARTESIAN_POINT('Ctrl Pts',(-28.569327453711,20.1806116592742,48.2082460646052));
#10400=CARTESIAN_POINT('Ctrl Pts',(-28.8028881703154,20.1208492247056,48.65062220819));
#10401=CARTESIAN_POINT('Ctrl Pts',(-29.1082310193931,20.0299996314403,49.6013101437964));
#10402=CARTESIAN_POINT('Ctrl Pts',(-29.1769852396421,20.0000291146234,50.1106981086033));
#10403=CARTESIAN_POINT('Ctrl Pts',(-29.1769852396421,20.0000291146234,50.583177696643));
#10404=CARTESIAN_POINT('',(-31.1000279715661,17.2,51.9));
#10405=CARTESIAN_POINT('',(-31.1000279715662,17.2,10.675));
#10406=CARTESIAN_POINT('',(-28.9980164447638,20.0624494234841,51.9));
#10407=CARTESIAN_POINT('Origin',(-28.1000279715661,17.2,51.9));
#10408=CARTESIAN_POINT('Ctrl Pts',(-29.1769852396421,20.0000291146234,50.583177696643));
#10409=CARTESIAN_POINT('Ctrl Pts',(-29.1769852396421,20.0000291146234,51.0112670102798));
#10410=CARTESIAN_POINT('Ctrl Pts',(-29.1210643232677,20.0238476666665,51.466825624921));
#10411=CARTESIAN_POINT('Ctrl Pts',(-28.9980164447638,20.0624494234841,51.9));
#10412=CARTESIAN_POINT('Ctrl Pts',(-27.1000279715661,20.114637012735,53.6105568830118));
#10413=CARTESIAN_POINT('Ctrl Pts',(-28.8105848545779,20.114637012735,53.6105568830118));
#10414=CARTESIAN_POINT('Ctrl Pts',(-28.8105848545779,20.114637012735,51.9));
#10415=CARTESIAN_POINT('Ctrl Pts',(-27.1000279715661,19.5564956188214,55.9));
#10416=CARTESIAN_POINT('Ctrl Pts',(-31.1000279715661,19.5564956188214,55.9));
#10417=CARTESIAN_POINT('Ctrl Pts',(-31.1000279715661,19.5564956188214,51.9));
#10418=CARTESIAN_POINT('Ctrl Pts',(-27.1000279715661,17.2,55.9));
#10419=CARTESIAN_POINT('Ctrl Pts',(-31.1000279715661,17.2,55.9));
#10420=CARTESIAN_POINT('Ctrl Pts',(-31.1000279715661,17.2,51.9));
#10421=CARTESIAN_POINT('Ctrl Pts',(-27.1000279715661,20.0263190597454,53.9059426288413));
#10422=CARTESIAN_POINT('Ctrl Pts',(-27.1202429341331,20.0287629196319,53.8990763050783));
#10423=CARTESIAN_POINT('Ctrl Pts',(-27.1404010949848,20.0311535070741,53.891974870863));
#10424=CARTESIAN_POINT('Ctrl Pts',(-27.4289650530678,20.064716985145,53.78664249329));
#10425=CARTESIAN_POINT('Ctrl Pts',(-27.6817172787378,20.0859359109314,53.6485500984714));
#10426=CARTESIAN_POINT('Ctrl Pts',(-28.0432491574011,20.1062197390162,53.3768594291288));
#10427=CARTESIAN_POINT('Ctrl Pts',(-28.1669915384849,20.1108387468615,53.2667233491639));
#10428=CARTESIAN_POINT('Ctrl Pts',(-28.3782432129792,20.1146456853369,53.0453966147155));
#10429=CARTESIAN_POINT('Ctrl Pts',(-28.4683493095275,20.1145349032077,52.9368409103653));
#10430=CARTESIAN_POINT('Ctrl Pts',(-28.6490045893567,20.1101879594954,52.6856239419523));
#10431=CARTESIAN_POINT('Ctrl Pts',(-28.7360080647731,20.1051403060028,52.5405762699797));
#10432=CARTESIAN_POINT('Ctrl Pts',(-28.8874349084112,20.0888562169754,52.2315106534204));
#10433=CARTESIAN_POINT('Ctrl Pts',(-28.9503513133171,20.0774026094728,52.0677990208243));
#10434=CARTESIAN_POINT('Ctrl Pts',(-28.9980164447638,20.0624494234841,51.9));
#10435=CARTESIAN_POINT('Origin',(-27.1000279715661,17.2,51.9));
#10436=CARTESIAN_POINT('Origin',(-28.1000279715661,-14.8,50.720934690622));
#10437=CARTESIAN_POINT('',(-28.9531086512236,-17.6761525262049,48.6050876133539));
#10438=CARTESIAN_POINT('',(-28.9531086512236,-17.6761525262049,51.9));
#10439=CARTESIAN_POINT('',(-28.9531086512236,-17.6761525262049,50.720934690622));
#10440=CARTESIAN_POINT('',(-31.1000279715661,-14.8,51.9));
#10441=CARTESIAN_POINT('Origin',(-28.1000279715661,-14.8,51.9));
#10442=CARTESIAN_POINT('',(-31.1000279715661,-14.8,50.720934690622));
#10443=CARTESIAN_POINT('Origin',(-28.1000279715661,-14.8,51.4336561237827));
#10444=CARTESIAN_POINT('Origin',(-20.1000279715661,-14.8,52.9));
#10445=CARTESIAN_POINT('',(-18.8993565360432,-17.3877225525774,54.417791814078));
#10446=CARTESIAN_POINT('',(-22.0075271203194,-14.8,55.9));
#10447=CARTESIAN_POINT('Ctrl Pts',(-18.899356536043,-17.3877225525773,54.4177918140781));
#10448=CARTESIAN_POINT('Ctrl Pts',(-19.0384044180311,-17.2870423914044,
54.5894440270152));
#10449=CARTESIAN_POINT('Ctrl Pts',(-19.1864488175172,-17.1739226743655,
54.7426490819893));
#10450=CARTESIAN_POINT('Ctrl Pts',(-19.7107449842085,-16.7618005132131,
55.2139061107113));
#10451=CARTESIAN_POINT('Ctrl Pts',(-20.1550773506243,-16.3910492574656,
55.4794363038981));
#10452=CARTESIAN_POINT('Ctrl Pts',(-21.0813746144204,-15.6023711866531,
55.8225214001994));
#10453=CARTESIAN_POINT('Ctrl Pts',(-21.5634701464736,-15.1845646200781,
55.9));
#10454=CARTESIAN_POINT('Ctrl Pts',(-22.0075271203194,-14.8,55.9));
#10455=CARTESIAN_POINT('',(-22.4398100665418,-14.8,55.9));
#10456=CARTESIAN_POINT('',(-20.1000279715661,-14.8,55.9));
#10457=CARTESIAN_POINT('',(-22.4398100665418,-17.8,52.9));
#10458=CARTESIAN_POINT('Origin',(-22.4398100665418,-14.8,52.9));
#10459=CARTESIAN_POINT('',(-17.6698603738007,-17.8,52.9));
#10460=CARTESIAN_POINT('',(-20.1000279715661,-17.8,52.9));
#10461=CARTESIAN_POINT('Origin',(-17.6698603738007,-14.8,52.9));
#10462=CARTESIAN_POINT('Origin',(-20.1000279715661,-14.8,52.9));
#10463=CARTESIAN_POINT('',(-25.5269561250187,-17.4591731886388,54.2888117053165));
#10464=CARTESIAN_POINT('Origin',(-28.4398100665416,-14.8,52.9));
#10465=CARTESIAN_POINT('',(-27.1000279715661,-14.8,55.9));
#10466=CARTESIAN_POINT('',(-20.1000279715661,-14.8,55.9));
#10467=CARTESIAN_POINT('',(-27.1000279715661,-17.701906027946,53.6608819914881));
#10468=CARTESIAN_POINT('Origin',(-27.1000279715661,-14.8,52.9));
#10469=CARTESIAN_POINT('Origin',(-22.6141021834956,-14.8,52.9));
#10470=CARTESIAN_POINT('Ctrl Pts',(-28.6686995287103,-17.745609047395,51.9));
#10471=CARTESIAN_POINT('Ctrl Pts',(-28.6686995287104,-17.745609047395,53.4686715571443));
#10472=CARTESIAN_POINT('Ctrl Pts',(-27.1000279715661,-17.745609047395,53.4686715571442));
#10473=CARTESIAN_POINT('Ctrl Pts',(-31.1000279715661,-17.2762231549424,
51.9));
#10474=CARTESIAN_POINT('Ctrl Pts',(-31.1000279715661,-17.2762231549424,
55.9));
#10475=CARTESIAN_POINT('Ctrl Pts',(-27.1000279715661,-17.2762231549424,
55.9));
#10476=CARTESIAN_POINT('Ctrl Pts',(-31.1000279715661,-14.8,51.9));
#10477=CARTESIAN_POINT('Ctrl Pts',(-31.1000279715661,-14.8,55.9));
#10478=CARTESIAN_POINT('Ctrl Pts',(-27.1000279715661,-14.8,55.9));
#10479=CARTESIAN_POINT('',(-28.9266965090175,-17.6497403839988,52.5460187225197));
#10480=CARTESIAN_POINT('Ctrl Pts',(-28.9266965090175,-17.6497403839988,
52.5460187225197));
#10481=CARTESIAN_POINT('Ctrl Pts',(-28.6139339502136,-17.7182617782353,
52.8057139608529));
#10482=CARTESIAN_POINT('Ctrl Pts',(-28.2268876404375,-17.745609047395,53.0607531584129));
#10483=CARTESIAN_POINT('Ctrl Pts',(-27.8843637501382,-17.745609047395,53.258509418681));
#10484=CARTESIAN_POINT('Ctrl Pts',(-27.6453987136463,-17.745609047395,53.3964759468265));
#10485=CARTESIAN_POINT('Ctrl Pts',(-27.373851258816,-17.7337244160383,53.5395307527446));
#10486=CARTESIAN_POINT('Ctrl Pts',(-27.1000279715661,-17.7019060279459,
53.6608819914881));
#10487=CARTESIAN_POINT('Origin',(-27.1000279715661,-14.8,51.9));
#10488=CARTESIAN_POINT('Ctrl Pts',(-28.9531086512236,-17.6761525262049,
51.9));
#10489=CARTESIAN_POINT('Ctrl Pts',(-28.9531086512236,-17.6761525262049,
52.1048116859312));
#10490=CARTESIAN_POINT('Ctrl Pts',(-28.9452213366103,-17.6682652115916,
52.3247594063716));
#10491=CARTESIAN_POINT('Ctrl Pts',(-28.9266965090175,-17.6497403839988,
52.5460187225197));
#10492=CARTESIAN_POINT('Origin',(-25.5269561250187,20.2,50.583177696643));
#10493=CARTESIAN_POINT('',(-22.2769561250187,19.6,50.583177696643));
#10494=CARTESIAN_POINT('',(-28.7769561250187,19.6,50.583177696643));
#10495=CARTESIAN_POINT('Origin',(-25.5269561250187,19.6,50.583177696643));
#10496=CARTESIAN_POINT('',(-29.3769561250187,20.2,50.583177696643));
#10497=CARTESIAN_POINT('Origin',(-25.5269561250187,20.2,50.583177696643));
#10498=CARTESIAN_POINT('Origin',(-25.5269561250187,19.6,50.583177696643));
#10499=CARTESIAN_POINT('Origin',(5.39997202843378,20.2,-9.15000000000004));
#10500=CARTESIAN_POINT('',(8.00814261270984,20.2,21.2009480373418));
#10501=CARTESIAN_POINT('',(-5.60002797156613,20.2,38.));
#10502=CARTESIAN_POINT('',(8.89997202843383,20.2,18.6831562232634));
#10503=CARTESIAN_POINT('Origin',(4.89997202843383,20.2,18.6831562232634));
#10504=CARTESIAN_POINT('',(8.8999720284338,20.2,3.79999999999995));
#10505=CARTESIAN_POINT('',(8.89997202843379,20.2,-6.90000000000005));
#10506=CARTESIAN_POINT('',(7.34887433905115,20.2,3.79999999999992));
#10507=CARTESIAN_POINT('',(-2.85002797156621,20.2,3.79999999999998));
#10508=CARTESIAN_POINT('',(7.23813074361435,20.2,1.96980071616782));
#10509=CARTESIAN_POINT('',(7.73767652793742,20.2,10.225522711678));
#10510=CARTESIAN_POINT('',(6.73904357361694,20.2,1.5));
#10511=CARTESIAN_POINT('Origin',(6.73904357361694,20.2,2.));
#10512=CARTESIAN_POINT('',(-13.12346,20.2,1.5));
#10513=CARTESIAN_POINT('',(1.19885601421689,20.2,1.5));
#10514=CARTESIAN_POINT('',(-5.11174398578312,20.2,1.50000000000001));
#10515=CARTESIAN_POINT('Origin',(-26.0960618160757,20.2,15.5878048780488));
#10516=CARTESIAN_POINT('',(0.0499720284338222,20.2,15.1));
#10517=CARTESIAN_POINT('Origin',(3.89997202843382,20.2,15.0999999999999));
#10518=CARTESIAN_POINT('',(-1.10002797156619,20.2,10.1));
#10519=CARTESIAN_POINT('',(-1.10002797156615,20.2,30.1));
#10520=CARTESIAN_POINT('',(-1.10002797156617,20.2,20.1));
#10521=CARTESIAN_POINT('',(-21.1000279715661,20.2,30.1));
#10522=CARTESIAN_POINT('',(-11.1000279715662,20.2,30.1));
#10523=CARTESIAN_POINT('',(-21.1000279715662,20.2,10.1));
#10524=CARTESIAN_POINT('',(-21.1000279715662,20.2,20.1));
#10525=CARTESIAN_POINT('',(-11.1000279715662,20.2,10.1));
#10526=CARTESIAN_POINT('Origin',(-5.60002797156613,-17.8,38.));
#10527=CARTESIAN_POINT('',(-18.8993565360432,14.3,54.417791814078));
#10528=CARTESIAN_POINT('',(-18.8993565360432,-17.8,54.417791814078));
#10529=CARTESIAN_POINT('',(8.00814261270984,14.3,21.2009480373418));
#10530=CARTESIAN_POINT('',(-5.60002797156613,14.3,38.));
#10531=CARTESIAN_POINT('',(8.00814261270984,14.3,21.2009480373418));
#10532=CARTESIAN_POINT('Origin',(-22.0075271203194,-17.8,51.9));
#10533=CARTESIAN_POINT('',(-22.0075271203194,14.3,55.9));
#10534=CARTESIAN_POINT('',(-22.0075271203194,-17.8,55.9));
#10535=CARTESIAN_POINT('Origin',(-22.0075271203194,14.3,51.9));
#10536=CARTESIAN_POINT('Origin',(-25.6000279715661,-17.8,55.9));
#10537=CARTESIAN_POINT('',(-27.1000279715661,14.3,55.9));
#10538=CARTESIAN_POINT('',(-27.1000279715661,-17.8,55.9));
#10539=CARTESIAN_POINT('',(232.694027084965,14.3,55.8999999999996));
#10540=CARTESIAN_POINT('Origin',(-27.1000279715661,-17.8,51.9));
#10541=CARTESIAN_POINT('',(-31.1000279715661,14.3,51.9));
#10542=CARTESIAN_POINT('',(-31.1000279715661,-17.8,51.9));
#10543=CARTESIAN_POINT('Origin',(-27.1000279715661,14.3,51.9));
#10544=CARTESIAN_POINT('Origin',(-31.1000279715661,-17.8,30.5));
#10545=CARTESIAN_POINT('',(-31.1000279715661,-11.9,51.9));
#10546=CARTESIAN_POINT('',(-31.1000279715661,-17.8,51.9));
#10547=CARTESIAN_POINT('',(-31.1000279715662,-11.9,9.50000000000003));
#10548=CARTESIAN_POINT('',(-31.1000279715661,-11.9,32.7));
#10549=CARTESIAN_POINT('',(-31.1000279715662,14.3,9.50000000000003));
#10550=CARTESIAN_POINT('',(-31.1000279715662,1.20000000000003,9.50000000000003));
#10551=CARTESIAN_POINT('',(-31.1000279715661,14.3,32.7));
#10552=CARTESIAN_POINT('Origin',(-27.1000279715661,-17.8,51.9));
#10553=CARTESIAN_POINT('',(-27.1000279715661,-11.9,55.9));
#10554=CARTESIAN_POINT('',(-27.1000279715661,-17.8,55.9));
#10555=CARTESIAN_POINT('Origin',(-27.1000279715661,-11.9,51.9));
#10556=CARTESIAN_POINT('Origin',(-25.6000279715661,-17.8,55.9));
#10557=CARTESIAN_POINT('',(-22.0075271203194,-11.9,55.9));
#10558=CARTESIAN_POINT('',(-22.0075271203194,-17.8,55.9));
#10559=CARTESIAN_POINT('',(232.694027084965,-11.9,55.8999999999996));
#10560=CARTESIAN_POINT('Origin',(-22.0075271203194,-17.8,51.9));
#10561=CARTESIAN_POINT('',(-18.8993565360432,-11.9,54.417791814078));
#10562=CARTESIAN_POINT('',(-18.8993565360432,-17.8,54.417791814078));
#10563=CARTESIAN_POINT('Origin',(-22.0075271203194,-11.9,51.9));
#10564=CARTESIAN_POINT('Origin',(-5.60002797156613,-17.8,38.));
#10565=CARTESIAN_POINT('',(8.00814261270984,-17.8,21.2009480373418));
#10566=CARTESIAN_POINT('',(-5.60002797156613,-17.8,38.));
#10567=CARTESIAN_POINT('',(8.00814261270984,-11.9,21.2009480373418));
#10568=CARTESIAN_POINT('',(8.00814261270984,-17.8,21.2009480373418));
#10569=CARTESIAN_POINT('',(-1.30800314819506,-11.9,32.7015693559764));
#10570=CARTESIAN_POINT('',(-5.60002797156613,-11.9,38.));
#10571=CARTESIAN_POINT('',(-2.28299919123863,-12.6777777777778,33.905185160837));
#10572=CARTESIAN_POINT('Origin',(-1.30800314819506,-12.9,32.7015693559764));
#10573=CARTESIAN_POINT('',(-11.7404608087612,-12.6777777777778,45.5802584679857));
#10574=CARTESIAN_POINT('Origin',(-7.01172999999994,-11.6,39.7427218144114));
#10575=CARTESIAN_POINT('',(-12.7154568518048,-11.9,46.7838742728464));
#10576=CARTESIAN_POINT('Origin',(-12.7154568518048,-12.9,46.7838742728464));
#10577=CARTESIAN_POINT('',(-5.60002797156613,-11.9,38.));
#10578=CARTESIAN_POINT('Origin',(-24.9496441141438,-17.5,54.0026432014906));
#10579=CARTESIAN_POINT('',(-25.5269561250187,-17.2,53.9895442848618));
#10580=CARTESIAN_POINT('',(-25.5269561250187,-17.8,54.6823646078893));
#10581=CARTESIAN_POINT('',(-22.5769561250187,-17.2,52.2863609907524));
#10582=CARTESIAN_POINT('',(-25.0996441141438,-17.2,53.7428355803552));
#10583=CARTESIAN_POINT('',(-21.9769561250187,-17.8,52.6327711522662));
#10584=CARTESIAN_POINT('',(-22.5769561250187,-17.2,52.2863609907524));
#10585=CARTESIAN_POINT('',(-24.7996441141439,-17.8,54.2624508226259));
#10586=CARTESIAN_POINT('Origin',(-5.11174398578312,17.35,-1.34999999999999));
#10587=CARTESIAN_POINT('',(-13.12346,14.5,-4.19999999999999));
#10588=CARTESIAN_POINT('',(-13.12346,19.35,0.650000000000008));
#10589=CARTESIAN_POINT('',(-5.11174398578312,14.5,-4.19999999999999));
#10590=CARTESIAN_POINT('Origin',(-24.611743985,-4.85000000000001,-0.199999999999987));
#10591=CARTESIAN_POINT('',(-18.12346,-17.8,-4.19999999999999));
#10592=CARTESIAN_POINT('Origin',(-10.067595,13.702,-0.1));
#10593=CARTESIAN_POINT('',(-13.12346,13.2,-0.200000000000003));
#10594=CARTESIAN_POINT('',(-13.12346,-17.8,-0.200000000000001));
#10595=CARTESIAN_POINT('',(-13.12346,16.951,-0.200000000000001));
#10596=CARTESIAN_POINT('',(-7.01172999999865,13.2,2.20093041014557E-14));
#10597=CARTESIAN_POINT('',(-10.067595,13.2,-0.1));
#10598=CARTESIAN_POINT('',(-7.01172999999865,11.6,2.21068822969794E-14));
#10599=CARTESIAN_POINT('',(-7.01172999999865,13.702,2.20093041014557E-14));
#10600=CARTESIAN_POINT('',(-7.01172999999865,7.2,2.19681044189013E-14));
#10601=CARTESIAN_POINT('Origin',(-7.01173,9.4,2.77555756156289E-16));
#10602=CARTESIAN_POINT('',(-7.01172999999865,-9.4,2.21068822969794E-14));
#10603=CARTESIAN_POINT('',(-7.01172999999865,13.702,2.20093041014557E-14));
#10604=CARTESIAN_POINT('',(-7.01172999999865,-13.8,2.19681044189013E-14));
#10605=CARTESIAN_POINT('Origin',(-7.01173,-11.6,2.77555756156289E-16));
#10606=CARTESIAN_POINT('',(-7.01172999999865,-17.8,2.20093041014557E-14));
#10607=CARTESIAN_POINT('',(-7.01172999999865,13.702,2.20093041014557E-14));
#10608=CARTESIAN_POINT('',(-11.1702451054909,-17.8,-0.136083076493594));
#10609=CARTESIAN_POINT('Origin',(-10.0839482256972,13.2,0.399732500453287));
#10610=CARTESIAN_POINT('',(-13.12346,13.7,0.300267642735333));
#10611=CARTESIAN_POINT('Origin',(-13.12346,13.2,0.300267642735331));
#10612=CARTESIAN_POINT('',(-7.01990880067409,13.7,0.5));
#10613=CARTESIAN_POINT('',(-2.97386877351184,13.7,0.632402446677529));
#10614=CARTESIAN_POINT('Origin',(-7.01990880067374,13.2,0.500000000000006));
#10615=CARTESIAN_POINT('Origin',(-13.12346,20.2,3.80000000000001));
#10616=CARTESIAN_POINT('',(-13.12346,20.2,-4.19999999999999));
#10617=CARTESIAN_POINT('',(-13.12346,13.7,1.5));
#10618=CARTESIAN_POINT('',(-13.12346,10.7,1.5));
#10619=CARTESIAN_POINT('',(-13.12346,13.7,2.65));
#10620=CARTESIAN_POINT('',(-13.12346,-17.8,3.80000000000001));
#10621=CARTESIAN_POINT('Origin',(-3.00226,1.2,1.5));
#10622=CARTESIAN_POINT('',(4.20421655748137,13.7,1.5));
#10623=CARTESIAN_POINT('',(-3.00226,13.7,1.5));
#10624=CARTESIAN_POINT('',(6.73904357361694,12.3118596663777,1.5));
#10625=CARTESIAN_POINT('',(6.73904357361694,1.2,1.5));
#10626=CARTESIAN_POINT('Origin',(4.20421655748136,10.7,1.5));
#10627=CARTESIAN_POINT('Origin',(-14.6000279715661,-17.8,70.941869381244));
#10628=CARTESIAN_POINT('',(6.64828001872833,-17.8,0.));
#10629=CARTESIAN_POINT('',(-8.80114398578304,-17.8,0.));
#10630=CARTESIAN_POINT('',(7.14736718872574,-17.8,0.469800716167826));
#10631=CARTESIAN_POINT('Origin',(6.64828001872833,-17.8,0.5));
#10632=CARTESIAN_POINT('',(7.34887433905115,-17.8,3.79999999999992));
#10633=CARTESIAN_POINT('',(10.1154979992058,-17.8,49.5224873499607));
#10634=CARTESIAN_POINT('',(8.8999720284338,-17.8,3.79999999999995));
#10635=CARTESIAN_POINT('',(-121.907873785387,-17.8,3.80000000000018));
#10636=CARTESIAN_POINT('',(8.89997202843383,-17.8,18.6831562232634));
#10637=CARTESIAN_POINT('',(8.8999720284338,-17.8,4.44999999999994));
#10638=CARTESIAN_POINT('Origin',(4.89997202843383,-17.8,18.6831562232634));
#10639=CARTESIAN_POINT('',(-21.9769561250187,-17.8,48.5335842410198));
#10640=CARTESIAN_POINT('',(-21.9769561250187,-17.8,61.6141151859982));
#10641=CARTESIAN_POINT('',(-25.5269561250187,-17.8,46.4839907853967));
#10642=CARTESIAN_POINT('',(-14.5090720208041,-17.8,52.845169138865));
#10643=CARTESIAN_POINT('',(-26.8746441141438,-17.8,47.2620788087017));
#10644=CARTESIAN_POINT('',(-26.0960618160757,-17.8,19.6869917892952));
#10645=CARTESIAN_POINT('',(-12.3130426087623,-17.8,27.6446216388834));
#10646=CARTESIAN_POINT('',(-22.5460618160756,-17.8,17.637398333672));
#10647=CARTESIAN_POINT('',(-32.7320556400069,-17.8,23.5182846098827));
#10648=CARTESIAN_POINT('',(-22.5460618160756,-17.8,13.5382114224256));
#10649=CARTESIAN_POINT('',(-22.5460618160755,-17.8,44.1164287767011));
#10650=CARTESIAN_POINT('',(-26.0960618160757,-17.8,11.4886179668024));
#10651=CARTESIAN_POINT('',(-7.28804260876213,-17.8,22.3474329190685));
#10652=CARTESIAN_POINT('',(-34.807055640007,-17.8,16.5179125959583));
#10653=CARTESIAN_POINT('',(0.349972028433765,-17.8,17.1495934556232));
#10654=CARTESIAN_POINT('',(3.89997202843382,-17.8,19.1991869112463));
#10655=CARTESIAN_POINT('',(6.54009139817627,-17.8,20.7234605400599));
#10656=CARTESIAN_POINT('',(7.4499720284339,-17.8,17.1495934556231));
#10657=CARTESIAN_POINT('',(-14.0901473413086,-17.8,29.5857871721206));
#10658=CARTESIAN_POINT('',(7.44997202843389,-17.8,13.0504065443767));
#10659=CARTESIAN_POINT('',(7.44997202843394,-17.8,43.8725263376767));
#10660=CARTESIAN_POINT('',(3.89997202843382,-17.8,11.0008130887535));
#10661=CARTESIAN_POINT('',(11.5650913981764,-17.8,15.426271820245));
#10662=CARTESIAN_POINT('',(0.349972028433756,-17.8,13.0504065443767));
#10663=CARTESIAN_POINT('',(-16.1651473413086,-17.8,22.5854151581963));
#10664=CARTESIAN_POINT('',(0.349972028433809,-17.8,42.1693430435673));
#10665=CARTESIAN_POINT('Origin',(-15.62346,1.20000000000002,-4.19999999999999));
#10666=CARTESIAN_POINT('Origin',(-12.7154568518049,-12.9,9.5));
#10667=CARTESIAN_POINT('',(-11.7404608087613,-12.6777777777778,9.5));
#10668=CARTESIAN_POINT('',(-11.7404608087613,-12.6777777777778,9.5));
#10669=CARTESIAN_POINT('',(-12.7154568518049,-11.9,9.5));
#10670=CARTESIAN_POINT('Origin',(-12.7154568518049,-12.9,9.49999999999999));
#10671=CARTESIAN_POINT('',(-12.7154568518049,-11.9,9.5));
#10672=CARTESIAN_POINT('Origin',(-7.01172999999999,-11.6,9.49999999999999));
#10673=CARTESIAN_POINT('',(-2.28299919123867,-12.6777777777778,9.49999999999998));
#10674=CARTESIAN_POINT('',(-2.28299919123868,-12.6777777777778,9.49999999999998));
#10675=CARTESIAN_POINT('Origin',(-7.01172999999999,-11.6,9.49999999999999));
#10676=CARTESIAN_POINT('Origin',(-1.3080031481951,-12.9,9.49999999999998));
#10677=CARTESIAN_POINT('',(-1.3080031481951,-11.9,9.49999999999998));
#10678=CARTESIAN_POINT('',(-1.3080031481951,-11.9,9.49999999999998));
#10679=CARTESIAN_POINT('Origin',(-1.3080031481951,-12.9,9.49999999999997));
#10680=CARTESIAN_POINT('Origin',(-7.01172999999999,-11.6,9.00000000000004));
#10681=CARTESIAN_POINT('',(-11.01173,-11.6,9.00000000000005));
#10682=CARTESIAN_POINT('Origin',(-7.01172999999999,-11.6,9.00000000000004));
#10683=CARTESIAN_POINT('',(-11.51173,-11.6,9.5));
#10684=CARTESIAN_POINT('Origin',(-11.51173,-11.6,9.00000000000005));
#10685=CARTESIAN_POINT('Origin',(-7.01172999999999,-11.6,9.49999999999999));
#10686=CARTESIAN_POINT('Origin',(232.694027084965,1.20000000000003,9.49999999999957));
#10687=CARTESIAN_POINT('',(8.89997202843381,-11.9,9.49999999999996));
#10688=CARTESIAN_POINT('',(232.694027084965,-11.9,9.49999999999957));
#10689=CARTESIAN_POINT('',(8.89997202843381,14.3,9.49999999999996));
#10690=CARTESIAN_POINT('',(8.89997202843381,4.00000000000002,9.49999999999996));
#10691=CARTESIAN_POINT('',(232.694027084965,14.3,9.49999999999957));
#10692=CARTESIAN_POINT('',(232.694027084965,-11.9,9.49999999999957));
#10693=CARTESIAN_POINT('',(-2.51172999999999,9.4,9.49999999999998));
#10694=CARTESIAN_POINT('Origin',(-7.01172999999999,9.4,9.49999999999999));
#10695=CARTESIAN_POINT('Origin',(-7.01172999999999,-11.6,9.49999999999999));
#10696=CARTESIAN_POINT('',(-11.01173,-11.6,5.));
#10697=CARTESIAN_POINT('',(-11.01173,-11.6,9.5));
#10698=CARTESIAN_POINT('Origin',(-7.01173,-11.6,4.99999999999999));
#10699=CARTESIAN_POINT('Origin',(-7.01172999999999,9.4,9.00000000000004));
#10700=CARTESIAN_POINT('',(-3.01172999999999,9.4,9.00000000000003));
#10701=CARTESIAN_POINT('Origin',(-2.51172999999999,9.4,9.00000000000003));
#10702=CARTESIAN_POINT('',(-11.01173,9.4,9.00000000000005));
#10703=CARTESIAN_POINT('Origin',(-7.01172999999999,9.4,9.00000000000004));
#10704=CARTESIAN_POINT('Origin',(-7.01172999999999,9.4,9.00000000000004));
#10705=CARTESIAN_POINT('Origin',(-7.01172999999999,9.4,9.49999999999999));
#10706=CARTESIAN_POINT('',(-11.01173,9.4,5.));
#10707=CARTESIAN_POINT('',(-11.01173,9.4,9.5));
#10708=CARTESIAN_POINT('Origin',(-7.01173,9.4,4.99999999999999));
#10709=CARTESIAN_POINT('Origin',(232.694027084965,-11.9,32.6999999999995));
#10710=CARTESIAN_POINT('',(-24.2960618160757,-11.9,15.5878048780488));
#10711=CARTESIAN_POINT('Origin',(-26.0960618160757,-11.9,15.5878048780488));
#10712=CARTESIAN_POINT('',(-23.7269561250187,-11.9,50.583177696643));
#10713=CARTESIAN_POINT('Origin',(-25.5269561250187,-11.9,50.583177696643));
#10714=CARTESIAN_POINT('Origin',(-7.01173,9.4,4.99999999999999));
#10715=CARTESIAN_POINT('',(-4.81173,9.4,4.99999999999999));
#10716=CARTESIAN_POINT('Origin',(-7.01173,9.4,4.99999999999999));
#10717=CARTESIAN_POINT('Origin',(-7.01173,-11.6,4.99999999999999));
#10718=CARTESIAN_POINT('',(-4.81173,-11.6,4.99999999999999));
#10719=CARTESIAN_POINT('Origin',(-7.01173,-11.6,4.99999999999999));
#10720=CARTESIAN_POINT('Origin',(232.694027084965,-11.9,32.6999999999995));
#10721=CARTESIAN_POINT('',(8.89997202843383,-11.9,18.6831562232634));
#10722=CARTESIAN_POINT('Origin',(4.89997202843383,-11.9,18.6831562232634));
#10723=CARTESIAN_POINT('',(8.89997202843379,-11.9,-6.90000000000005));
#10724=CARTESIAN_POINT('',(5.69997202843382,-11.9,15.0999999999999));
#10725=CARTESIAN_POINT('Origin',(3.89997202843382,-11.9,15.0999999999999));
#10726=CARTESIAN_POINT('Origin',(-2.,0.,-5.));
#10727=CARTESIAN_POINT('',(-2.,8.5,0.));
#10728=CARTESIAN_POINT('',(-2.,8.5,-4.4));
#10729=CARTESIAN_POINT('',(-2.,8.5,-5.));
#10730=CARTESIAN_POINT('',(-2.,-8.5,-4.4));
#10731=CARTESIAN_POINT('',(-2.,-8.5,-4.4));
#10732=CARTESIAN_POINT('',(-2.,-8.5,0.));
#10733=CARTESIAN_POINT('',(-2.,-8.5,-3.5));
#10734=CARTESIAN_POINT('',(-2.,0.,0.));
#10735=CARTESIAN_POINT('Origin',(1.0842021724855E-15,9.5,-5.));
#10736=CARTESIAN_POINT('',(1.,9.5,-3.5));
#10737=CARTESIAN_POINT('',(1.,9.5,-4.4));
#10738=CARTESIAN_POINT('',(1.,9.5,-5.));
#10739=CARTESIAN_POINT('',(-1.,9.5,-4.4));
#10740=CARTESIAN_POINT('',(-1.,9.5,-4.4));
#10741=CARTESIAN_POINT('',(-1.,9.5,-3.5));
#10742=CARTESIAN_POINT('',(-1.,9.5,-5.));
#10743=CARTESIAN_POINT('',(-2.002,9.5,-3.5));
#10744=CARTESIAN_POINT('Origin',(-8.67361737988404E-16,-9.5,-5.));
#10745=CARTESIAN_POINT('',(-1.,-9.5,-3.5));
#10746=CARTESIAN_POINT('',(-1.,-9.5,-4.4));
#10747=CARTESIAN_POINT('',(-1.,-9.5,-5.));
#10748=CARTESIAN_POINT('',(1.,-9.5,-4.4));
#10749=CARTESIAN_POINT('',(-8.67361737988404E-16,-9.5,-4.4));
#10750=CARTESIAN_POINT('',(1.,-9.5,-3.5));
#10751=CARTESIAN_POINT('',(1.,-9.5,-5.));
#10752=CARTESIAN_POINT('',(-2.002,-9.5,-3.5));
#10753=CARTESIAN_POINT('Origin',(1.85,74.3685261774349,-1.75));
#10754=CARTESIAN_POINT('',(2.,8.5,-3.5));
#10755=CARTESIAN_POINT('',(2.,-8.5,-3.5));
#10756=CARTESIAN_POINT('',(2.,74.3685261774349,-3.5));
#10757=CARTESIAN_POINT('',(1.70710678118655,9.20710678118655,-0.0829124471764435));
#10758=CARTESIAN_POINT('Origin',(1.,8.5,8.16666666666665));
#10759=CARTESIAN_POINT('',(1.7,9.2,-8.67361737988404E-16));
#10760=CARTESIAN_POINT('',(2.32076969879076,9.82076969879075,-7.24231315255886));
#10761=CARTESIAN_POINT('',(1.7,-9.2,-8.70732016222502E-17));
#10762=CARTESIAN_POINT('',(1.7,74.3685261774349,0.));
#10763=CARTESIAN_POINT('',(1.70710678118656,-9.20710678118654,-0.0829124471765285));
#10764=CARTESIAN_POINT('',(1.24383207112074,-8.74383207112073,5.32195917025798));
#10765=CARTESIAN_POINT('Origin',(1.,-8.5,8.16666666666666));
#10766=CARTESIAN_POINT('Origin',(-3.00226,-9.55,0.));
#10767=CARTESIAN_POINT('',(-4.81173,-11.6,0.));
#10768=CARTESIAN_POINT('Origin',(-7.01173,-11.6,0.));
#10769=CARTESIAN_POINT('Origin',(-7.01173,-11.6,0.));
#10770=CARTESIAN_POINT('',(-4.81173,9.4,0.));
#10771=CARTESIAN_POINT('Origin',(-7.01173,9.4,0.));
#10772=CARTESIAN_POINT('Origin',(-7.01173,9.4,0.));
#10773=CARTESIAN_POINT('',(4.14370752088895,13.2,0.));
#10774=CARTESIAN_POINT('',(4.11345300259275,13.2,0.));
#10775=CARTESIAN_POINT('',(6.64828001872833,10.7,0.));
#10776=CARTESIAN_POINT('Origin',(4.14370752088895,10.7,0.));
#10777=CARTESIAN_POINT('',(6.64828001872833,-9.55,0.));
#10778=CARTESIAN_POINT('',(-1.71414284285429,9.2,2.16840434497101E-16));
#10779=CARTESIAN_POINT('',(-2.002,9.2,2.16840434497101E-16));
#10780=CARTESIAN_POINT('Origin',(-1.,8.5,0.));
#10781=CARTESIAN_POINT('',(-1.71414284285429,-9.2,-1.741464032445E-16));
#10782=CARTESIAN_POINT('Origin',(-1.,-8.5,0.));
#10783=CARTESIAN_POINT('',(-2.002,-9.2,-1.741464032445E-16));
#10784=CARTESIAN_POINT('Origin',(-3.00226,13.7,1.5));
#10785=CARTESIAN_POINT('',(4.14370752088895,13.7,0.5));
#10786=CARTESIAN_POINT('',(4.12441698001554,13.7,0.181195702993046));
#10787=CARTESIAN_POINT('',(-7.01172999999865,13.7,0.5));
#10788=CARTESIAN_POINT('Origin',(-7.01173,9.4,1.5));
#10789=CARTESIAN_POINT('',(-4.81173,9.4,1.5));
#10790=CARTESIAN_POINT('Origin',(-7.01173,-11.6,1.5));
#10791=CARTESIAN_POINT('',(-4.81173,-11.6,1.5));
#10792=CARTESIAN_POINT('Origin',(2.,0.,-5.));
#10793=CARTESIAN_POINT('',(2.,-8.5,-4.4));
#10794=CARTESIAN_POINT('',(2.,-8.5,-5.));
#10795=CARTESIAN_POINT('',(2.,8.5,-4.4));
#10796=CARTESIAN_POINT('',(2.,0.,-4.4));
#10797=CARTESIAN_POINT('',(2.,8.5,-3.5));
#10798=CARTESIAN_POINT('Origin',(-3.00226,-9.55,-5.));
#10799=CARTESIAN_POINT('',(-1.,-8.9,-5.));
#10800=CARTESIAN_POINT('',(-1.4,-8.5,-5.));
#10801=CARTESIAN_POINT('Origin',(-1.,-8.5,-5.));
#10802=CARTESIAN_POINT('',(-1.4,8.5,-5.));
#10803=CARTESIAN_POINT('',(-1.4,8.5,-5.));
#10804=CARTESIAN_POINT('',(-1.,8.9,-5.));
#10805=CARTESIAN_POINT('Origin',(-1.,8.5,-5.));
#10806=CARTESIAN_POINT('',(1.,8.9,-5.));
#10807=CARTESIAN_POINT('',(1.,8.9,-5.));
#10808=CARTESIAN_POINT('',(1.4,8.5,-5.));
#10809=CARTESIAN_POINT('Origin',(1.,8.5,-5.));
#10810=CARTESIAN_POINT('',(1.4,-8.5,-5.));
#10811=CARTESIAN_POINT('',(1.4,-9.55,-5.));
#10812=CARTESIAN_POINT('',(1.,-8.9,-5.));
#10813=CARTESIAN_POINT('Origin',(1.,-8.5,-5.));
#10814=CARTESIAN_POINT('',(-3.00226,-8.9,-5.));
#10815=CARTESIAN_POINT('Origin',(-2.002,9.35,-1.75));
#10816=CARTESIAN_POINT('Origin',(1.,8.5,8.16666666666659));
#10817=CARTESIAN_POINT('Origin',(-1.,8.5,8.16666666666659));
#10818=CARTESIAN_POINT('Origin',(-2.002,-9.35,-1.75));
#10819=CARTESIAN_POINT('Origin',(1.,-8.5,8.16666666666659));
#10820=CARTESIAN_POINT('Origin',(-1.,-8.5,8.16666666666659));
#10821=CARTESIAN_POINT('Origin',(4.1779274248575,10.7,1.06553377636895));
#10822=CARTESIAN_POINT('',(7.14736718872574,10.7,0.469800716167825));
#10823=CARTESIAN_POINT('',(7.23813074361435,10.7,1.96980071616782));
#10824=CARTESIAN_POINT('',(7.20970355488862,10.7,1.5));
#10825=CARTESIAN_POINT('Origin',(4.14370752088895,10.7,0.5));
#10826=CARTESIAN_POINT('Ctrl Pts',(6.73904357361693,12.3118596663777,1.5));
#10827=CARTESIAN_POINT('Ctrl Pts',(6.87276375139017,12.1023370797337,1.5));
#10828=CARTESIAN_POINT('Ctrl Pts',(6.99461000075308,11.8471055349834,1.55842174477063));
#10829=CARTESIAN_POINT('Ctrl Pts',(7.169073438674,11.339156427381,1.71297660259474));
#10830=CARTESIAN_POINT('Ctrl Pts',(7.23092936617708,10.992054941841,1.85078746058131));
#10831=CARTESIAN_POINT('Ctrl Pts',(7.23813074361435,10.7,1.96980071616783));
#10832=CARTESIAN_POINT('Origin',(1.,8.5,-5.));
#10833=CARTESIAN_POINT('Origin',(1.,8.5,-4.4));
#10834=CARTESIAN_POINT('Origin',(1.,-8.5,-5.));
#10835=CARTESIAN_POINT('Origin',(1.,-8.5,-4.4));
#10836=CARTESIAN_POINT('Origin',(-1.,-8.5,-5.));
#10837=CARTESIAN_POINT('Origin',(-1.,-8.5,-4.4));
#10838=CARTESIAN_POINT('Origin',(-1.,8.5,-5.));
#10839=CARTESIAN_POINT('Origin',(-1.,8.5,-4.4));
#10840=CARTESIAN_POINT('Ctrl Pts',(6.64404961618217,10.6847492062775,1.74825443397993E-5));
#10841=CARTESIAN_POINT('Ctrl Pts',(7.1186424946987,10.6818435768226,-0.00395145111413669));
#10842=CARTESIAN_POINT('Ctrl Pts',(7.14730805068449,10.6816683297616,0.469801310751345));
#10843=CARTESIAN_POINT('Ctrl Pts',(6.64830244335931,11.3432639936776,1.74806404038299E-5));
#10844=CARTESIAN_POINT('Ctrl Pts',(7.12368824198307,11.4657929857174,-0.00395082697580816));
#10845=CARTESIAN_POINT('Ctrl Pts',(7.15241696178041,11.4732122100091,0.469749944925947));
#10846=CARTESIAN_POINT('Ctrl Pts',(6.10531524488675,12.6578892563053,1.77237292458074E-5));
#10847=CARTESIAN_POINT('Ctrl Pts',(6.475351760673,13.0429879119408,-0.00403101099144694));
#10848=CARTESIAN_POINT('Ctrl Pts',(6.50009131788033,13.0535127719163,0.476308533265561));
#10849=CARTESIAN_POINT('Ctrl Pts',(4.78816546371146,13.1999164084127,1.83131866545022E-5));
#10850=CARTESIAN_POINT('Ctrl Pts',(4.91159608554197,13.6972319946807,-0.004231014802041));
#10851=CARTESIAN_POINT('Ctrl Pts',(4.91786296403047,13.7050436203968,0.492216515004101));
#10852=CARTESIAN_POINT('Ctrl Pts',(4.1284294952953,13.1956371648635,1.8608356334055E-5));
#10853=CARTESIAN_POINT('Ctrl Pts',(4.12535284295018,13.7001268830194,-0.00433407609324738));
#10854=CARTESIAN_POINT('Ctrl Pts',(4.12535348804612,13.6999409340127,0.500184534437511));
#10855=CARTESIAN_POINT('Origin',(6.64828001872833,10.7,0.5));
#10856=CARTESIAN_POINT('Origin',(4.14370752088895,13.2,0.5));
#10857=CARTESIAN_POINT('Origin',(-3.00226,13.2,0.5));
#10858=CARTESIAN_POINT('Origin',(6.73904357361694,1.2,2.));
#10859=CARTESIAN_POINT('',(7.23813074361435,35.202,1.96980071616782));
#10860=CARTESIAN_POINT('Origin',(1.4,-9.55,-5.));
#10861=CARTESIAN_POINT('',(1.4,-8.5,-5.));
#10862=CARTESIAN_POINT('',(2.,8.5,-4.4));
#10863=CARTESIAN_POINT('Origin',(1.,8.5,-5.));
#10864=CARTESIAN_POINT('',(1.,9.5,-4.4));
#10865=CARTESIAN_POINT('Origin',(1.,-8.5,-5.));
#10866=CARTESIAN_POINT('',(1.,-8.9,-5.));
#10867=CARTESIAN_POINT('Origin',(1.0842021724855E-15,9.5,-4.4));
#10868=CARTESIAN_POINT('',(-1.,9.5,-4.4));
#10869=CARTESIAN_POINT('Origin',(-3.00226,-8.9,-5.));
#10870=CARTESIAN_POINT('',(-1.,-8.9,-5.));
#10871=CARTESIAN_POINT('Origin',(-1.,8.5,-5.));
#10872=CARTESIAN_POINT('',(-2.,8.5,-4.4));
#10873=CARTESIAN_POINT('Origin',(-1.,-8.5,-5.));
#10874=CARTESIAN_POINT('',(-1.4,-8.5,-5.));
#10875=CARTESIAN_POINT('Origin',(-2.,0.,-4.4));
#10876=CARTESIAN_POINT('Origin',(6.64828001872833,-9.55,0.5));
#10877=CARTESIAN_POINT('',(7.14736718872574,35.202,0.469800716167826));
#10878=CARTESIAN_POINT('Origin',(8.91432177744431,35.202,29.6713));
#10879=CARTESIAN_POINT('',(7.34887433905115,21.651,3.79999999999995));
#10880=CARTESIAN_POINT('Origin',(-229.215719599207,8.10000000000002,3.80000000000037));
#10881=CARTESIAN_POINT('',(8.8999720284338,2.60000000000004,3.79999999999995));
#10882=CARTESIAN_POINT('Origin',(8.89997202843379,4.00000000000002,-6.90000000000005));
#10883=CARTESIAN_POINT('',(8.89997202843383,14.3,18.6831562232634));
#10884=CARTESIAN_POINT('',(8.89997202843383,20.2,18.6831562232634));
#10885=CARTESIAN_POINT('',(8.89997202843379,14.3,-6.90000000000005));
#10886=CARTESIAN_POINT('',(8.89997202843383,-11.9,18.6831562232634));
#10887=CARTESIAN_POINT('Origin',(7.14997202843394,-17.5,43.8725263376767));
#10888=CARTESIAN_POINT('',(6.84997202843389,-17.2,13.3968167058905));
#10889=CARTESIAN_POINT('',(6.8499720284339,-17.2,16.8031832941094));
#10890=CARTESIAN_POINT('',(6.84997202843395,-17.2,43.8725263376767));
#10891=CARTESIAN_POINT('',(6.84997202843389,-17.2,13.3968167058905));
#10892=CARTESIAN_POINT('',(6.8499720284339,-17.2,16.8031832941094));
#10893=CARTESIAN_POINT('Origin',(6.69009139817628,-17.5,20.4636529189246));
#10894=CARTESIAN_POINT('',(0.949972028433761,-17.2,16.8031832941094));
#10895=CARTESIAN_POINT('',(0.949972028433761,-17.2,16.8031832941094));
#10896=CARTESIAN_POINT('',(3.89997202843383,-17.2,18.5063665882188));
#10897=CARTESIAN_POINT('',(6.84009139817627,-17.2,20.2038452977892));
#10898=CARTESIAN_POINT('',(3.89997202843382,-17.8,19.1991869112463));
#10899=CARTESIAN_POINT('Origin',(-14.2401473413086,-17.5,29.3259795509853));
#10900=CARTESIAN_POINT('',(-14.3901473413086,-17.2,29.06617192985));
#10901=CARTESIAN_POINT('Origin',(0.649972028433812,-17.5,42.1693430435673));
#10902=CARTESIAN_POINT('',(0.949972028433752,-17.2,13.3968167058905));
#10903=CARTESIAN_POINT('',(0.949972028433752,-17.2,13.3968167058905));
#10904=CARTESIAN_POINT('',(0.949972028433805,-17.2,42.1693430435673));
#10905=CARTESIAN_POINT('Origin',(-16.0151473413086,-17.5,22.8452227793316));
#10906=CARTESIAN_POINT('',(3.89997202843382,-17.2,11.6936334117811));
#10907=CARTESIAN_POINT('',(3.89997202843382,-17.2,11.6936334117811));
#10908=CARTESIAN_POINT('',(-15.8651473413086,-17.2,23.1050304004669));
#10909=CARTESIAN_POINT('Origin',(11.4150913981764,-17.5,15.6860794413803));
#10910=CARTESIAN_POINT('',(11.2650913981764,-17.2,15.9458870625157));
#10911=CARTESIAN_POINT('Origin',(3.89997202843382,-17.8,11.6936334117811));
#10912=CARTESIAN_POINT('',(3.89997202843382,-15.3,11.6936334117811));
#10913=CARTESIAN_POINT('',(3.89997202843382,-17.8,11.6936334117811));
#10914=CARTESIAN_POINT('',(0.949972028433752,-15.3,13.3968167058905));
#10915=CARTESIAN_POINT('',(-5.65599664802131,-15.3,17.2107744995001));
#10916=CARTESIAN_POINT('',(0.949972028433752,-17.8,13.3968167058905));
#10917=CARTESIAN_POINT('Origin',(0.949972028433752,-17.8,13.3968167058905));
#10918=CARTESIAN_POINT('',(0.949972028433761,-15.3,16.8031832941094));
#10919=CARTESIAN_POINT('',(0.94997202843377,-15.3,21.6234083529452));
#10920=CARTESIAN_POINT('',(0.949972028433761,-17.8,16.8031832941094));
#10921=CARTESIAN_POINT('Origin',(0.949972028433761,-17.8,16.8031832941094));
#10922=CARTESIAN_POINT('',(3.89997202843383,-15.3,18.5063665882188));
#10923=CARTESIAN_POINT('',(-0.744059295111077,-15.3,15.8251338534451));
#10924=CARTESIAN_POINT('',(3.89997202843383,-17.8,18.5063665882188));
#10925=CARTESIAN_POINT('Origin',(-22.2769561250187,-17.5,61.6141151859982));
#10926=CARTESIAN_POINT('',(-22.5769561250187,-17.2,48.8799944025336));
#10927=CARTESIAN_POINT('',(-22.5769561250187,-17.2,61.6141151859982));
#10928=CARTESIAN_POINT('',(-22.5769561250187,-17.2,48.8799944025336));
#10929=CARTESIAN_POINT('Origin',(-19.3840720208041,-17.5,57.8825502375444));
#10930=CARTESIAN_POINT('',(-28.4769561250187,-17.2,52.2863609907525));
#10931=CARTESIAN_POINT('',(-28.4769561250187,-17.2,52.2863609907525));
#10932=CARTESIAN_POINT('',(-19.2340720208041,-17.2,57.622742616409));
#10933=CARTESIAN_POINT('Origin',(-28.7769561250187,-17.5,59.9109318918888));
#10934=CARTESIAN_POINT('',(-28.4769561250187,-17.2,48.8799944025336));
#10935=CARTESIAN_POINT('',(-28.4769561250187,-17.2,48.8799944025336));
#10936=CARTESIAN_POINT('',(-28.4769561250187,-17.2,59.9109318918888));
#10937=CARTESIAN_POINT('Origin',(-26.7246441141438,-17.5,47.521886429837));
#10938=CARTESIAN_POINT('',(-25.5269561250187,-17.2,47.1768111084242));
#10939=CARTESIAN_POINT('',(-25.5269561250187,-17.2,47.1768111084242));
#10940=CARTESIAN_POINT('',(-26.5746441141439,-17.2,47.7816940509724));
#10941=CARTESIAN_POINT('Origin',(-14.6590720208041,-17.5,53.1049767600004));
#10942=CARTESIAN_POINT('',(-14.8090720208041,-17.2,53.3647843811357));
#10943=CARTESIAN_POINT('Origin',(-25.5269561250187,-17.8,47.1768111084242));
#10944=CARTESIAN_POINT('',(-25.5269561250187,-15.3,47.1768111084242));
#10945=CARTESIAN_POINT('',(-25.5269561250187,-17.8,47.1768111084242));
#10946=CARTESIAN_POINT('',(-28.4769561250187,-15.3,48.8799944025336));
#10947=CARTESIAN_POINT('',(-16.3654934208565,-15.3,41.8874381500055));
#10948=CARTESIAN_POINT('',(-28.4769561250187,-17.8,48.8799944025336));
#10949=CARTESIAN_POINT('Origin',(-28.4769561250187,-17.8,48.8799944025336));
#10950=CARTESIAN_POINT('',(-28.4769561250187,-15.3,52.2863609907525));
#10951=CARTESIAN_POINT('',(-28.4769561250187,-15.3,39.3649972012668));
#10952=CARTESIAN_POINT('',(-28.4769561250187,-17.8,52.2863609907525));
#10953=CARTESIAN_POINT('Origin',(-28.4769561250187,-17.8,52.2863609907525));
#10954=CARTESIAN_POINT('',(-25.5269561250187,-15.3,53.9895442848618));
#10955=CARTESIAN_POINT('',(-26.8182227140911,-15.3,53.2440311720653));
#10956=CARTESIAN_POINT('',(-25.5269561250187,-17.8,53.9895442848618));
#10957=CARTESIAN_POINT('Origin',(-22.8460618160755,-17.5,44.1164287767011));
#10958=CARTESIAN_POINT('',(-23.1460618160756,-17.2,13.8846215839393));
#10959=CARTESIAN_POINT('',(-23.1460618160756,-17.2,17.2909881721582));
#10960=CARTESIAN_POINT('',(-23.1460618160755,-17.2,44.1164287767011));
#10961=CARTESIAN_POINT('',(-22.5460618160756,-17.8,13.5382114224256));
#10962=CARTESIAN_POINT('',(-23.1460618160756,-17.2,17.2909881721582));
#10963=CARTESIAN_POINT('Origin',(-32.8820556400069,-17.5,23.2584769887473));
#10964=CARTESIAN_POINT('',(-26.0960618160757,-17.2,18.9941714662677));
#10965=CARTESIAN_POINT('',(-26.0960618160757,-17.2,18.9941714662677));
#10966=CARTESIAN_POINT('',(-33.0320556400069,-17.2,22.998669367612));
#10967=CARTESIAN_POINT('Origin',(-12.1630426087623,-17.5,27.3848140177481));
#10968=CARTESIAN_POINT('',(-29.0460618160758,-17.2,17.2909881721583));
#10969=CARTESIAN_POINT('',(-29.0460618160758,-17.2,17.2909881721583));
#10970=CARTESIAN_POINT('',(-12.0130426087623,-17.2,27.1250063966128));
#10971=CARTESIAN_POINT('Origin',(-7.43804260876213,-17.5,22.6072405402038));
#10972=CARTESIAN_POINT('',(-26.0960618160757,-17.2,12.1814382898299));
#10973=CARTESIAN_POINT('',(-7.58804260876213,-17.2,22.8670481613391));
#10974=CARTESIAN_POINT('',(-26.0960618160757,-17.2,12.1814382898299));
#10975=CARTESIAN_POINT('Origin',(-29.3460618160757,-17.5,42.4132454825917));
#10976=CARTESIAN_POINT('',(-29.0460618160758,-17.2,13.8846215839394));
#10977=CARTESIAN_POINT('',(-29.0460618160758,-17.2,13.8846215839394));
#10978=CARTESIAN_POINT('',(-29.0460618160757,-17.2,42.4132454825917));
#10979=CARTESIAN_POINT('Origin',(-34.657055640007,-17.5,16.7777202170936));
#10980=CARTESIAN_POINT('',(-34.507055640007,-17.2,17.0375278382289));
#10981=CARTESIAN_POINT('Origin',(-29.0460618160758,-17.8,17.2909881721583));
#10982=CARTESIAN_POINT('',(-29.0460618160758,-15.3,17.2909881721583));
#10983=CARTESIAN_POINT('',(-29.0460618160758,-17.8,17.2909881721583));
#10984=CARTESIAN_POINT('',(-26.0960618160757,-15.3,18.9941714662677));
#10985=CARTESIAN_POINT('',(-19.5971933020496,-15.3,22.7462949522686));
#10986=CARTESIAN_POINT('',(-26.0960618160757,-17.8,18.9941714662677));
#10987=CARTESIAN_POINT('Origin',(-26.0960618160757,-17.8,18.9941714662677));
#10988=CARTESIAN_POINT('',(-23.1460618160756,-15.3,17.2909881721582));
#10989=CARTESIAN_POINT('',(-22.8229049467196,-15.3,17.1044134666451));
#10990=CARTESIAN_POINT('',(-23.1460618160756,-17.8,17.2909881721582));
#10991=CARTESIAN_POINT('Origin',(-23.1460618160756,-17.8,17.2909881721582));
#10992=CARTESIAN_POINT('',(-23.1460618160756,-15.3,13.8846215839393));
#10993=CARTESIAN_POINT('',(-23.1460618160756,-15.3,23.5704940860791));
#10994=CARTESIAN_POINT('',(-23.1460618160756,-17.8,13.8846215839393));
#10995=CARTESIAN_POINT('Origin',(3.89997202843383,-17.8,18.5063665882188));
#10996=CARTESIAN_POINT('',(6.8499720284339,-15.3,16.8031832941094));
#10997=CARTESIAN_POINT('',(-4.18099664802127,-15.3,23.1719160288831));
#10998=CARTESIAN_POINT('',(6.8499720284339,-17.8,16.8031832941094));
#10999=CARTESIAN_POINT('Origin',(6.84997202843389,-17.8,13.3968167058905));
#11000=CARTESIAN_POINT('',(6.84997202843389,-15.3,13.3968167058905));
#11001=CARTESIAN_POINT('',(6.84997202843389,-17.8,13.3968167058905));
#11002=CARTESIAN_POINT('',(3.68094070488903,-15.3,11.5671756181715));
#11003=CARTESIAN_POINT('Origin',(6.8499720284339,-17.8,16.8031832941094));
#11004=CARTESIAN_POINT('',(6.84997202843391,-15.3,23.3265916470547));
#11005=CARTESIAN_POINT('Origin',(-25.5269561250187,-17.8,53.9895442848618));
#11006=CARTESIAN_POINT('',(-22.5769561250187,-15.3,52.2863609907524));
#11007=CARTESIAN_POINT('',(-14.8904934208565,-15.3,47.8485796793883));
#11008=CARTESIAN_POINT('',(-22.5769561250187,-17.8,52.2863609907524));
#11009=CARTESIAN_POINT('Origin',(-22.5769561250187,-17.8,48.8799944025336));
#11010=CARTESIAN_POINT('',(-22.5769561250187,-15.3,48.8799944025336));
#11011=CARTESIAN_POINT('',(-22.5769561250187,-17.8,48.8799944025336));
#11012=CARTESIAN_POINT('',(-22.3932227140914,-15.3,48.9860729367916));
#11013=CARTESIAN_POINT('Origin',(-22.5769561250187,-17.8,52.2863609907524));
#11014=CARTESIAN_POINT('',(-22.5769561250187,-15.3,41.0681804953762));
#11015=CARTESIAN_POINT('Origin',(-23.1460618160756,-17.8,13.8846215839393));
#11016=CARTESIAN_POINT('',(-26.0960618160757,-15.3,12.1814382898299));
#11017=CARTESIAN_POINT('',(-15.1721933020495,-15.3,18.488336716995));
#11018=CARTESIAN_POINT('',(-26.0960618160757,-17.8,12.1814382898299));
#11019=CARTESIAN_POINT('Origin',(-29.0460618160758,-17.8,13.8846215839394));
#11020=CARTESIAN_POINT('',(-29.0460618160758,-15.3,13.8846215839394));
#11021=CARTESIAN_POINT('',(-29.0460618160758,-17.8,13.8846215839394));
#11022=CARTESIAN_POINT('',(-29.0460618160757,-15.3,21.8673107919697));
#11023=CARTESIAN_POINT('Origin',(-26.0960618160757,-17.8,12.1814382898299));
#11024=CARTESIAN_POINT('',(-24.2979049467197,-15.3,11.1432719372621));
#11025=CARTESIAN_POINT('Origin',(3.89997202843382,20.2,15.0999999999999));
#11026=CARTESIAN_POINT('',(5.69997202843382,-14.7,15.0999999999999));
#11027=CARTESIAN_POINT('',(5.69997202843382,20.2,15.0999999999999));
#11028=CARTESIAN_POINT('Origin',(3.89997202843382,-14.7,15.0999999999999));
#11029=CARTESIAN_POINT('Origin',(-26.0960618160757,20.2,15.5878048780488));
#11030=CARTESIAN_POINT('',(-24.2960618160757,-14.7,15.5878048780488));
#11031=CARTESIAN_POINT('',(-24.2960618160757,20.2,15.5878048780488));
#11032=CARTESIAN_POINT('Origin',(-26.0960618160757,-14.7,15.5878048780488));
#11033=CARTESIAN_POINT('Origin',(-25.5269561250187,20.2,50.583177696643));
#11034=CARTESIAN_POINT('',(-23.7269561250187,-14.7,50.583177696643));
#11035=CARTESIAN_POINT('',(-23.7269561250187,20.2,50.583177696643));
#11036=CARTESIAN_POINT('Origin',(-25.5269561250187,-14.7,50.583177696643));
#11037=CARTESIAN_POINT('Origin',(232.694027084965,14.3,32.6999999999995));
#11038=CARTESIAN_POINT('Origin',(4.89997202843383,14.3,18.6831562232634));
#11039=CARTESIAN_POINT('',(-23.7269561250187,14.3,50.583177696643));
#11040=CARTESIAN_POINT('Origin',(-25.5269561250187,14.3,50.583177696643));
#11041=CARTESIAN_POINT('',(-24.2960618160757,14.3,15.5878048780488));
#11042=CARTESIAN_POINT('Origin',(-26.0960618160757,14.3,15.5878048780488));
#11043=CARTESIAN_POINT('',(5.69997202843382,14.3,15.0999999999999));
#11044=CARTESIAN_POINT('Origin',(3.89997202843382,14.3,15.0999999999999));
#11045=CARTESIAN_POINT('Origin',(3.89997202843382,20.2,15.0999999999999));
#11046=CARTESIAN_POINT('',(5.69997202843382,16.6,15.0999999999999));
#11047=CARTESIAN_POINT('',(2.09997202843382,16.6,15.0999999999999));
#11048=CARTESIAN_POINT('Origin',(3.89997202843382,16.6,15.0999999999999));
#11049=CARTESIAN_POINT('',(5.69997202843382,20.2,15.0999999999999));
#11050=CARTESIAN_POINT('Origin',(3.89997202843382,16.6,15.0999999999999));
#11051=CARTESIAN_POINT('Origin',(7.14997202843382,17.2,15.0999999999999));
#11052=CARTESIAN_POINT('',(7.14997202843382,17.2,15.0999999999999));
#11053=CARTESIAN_POINT('Origin',(3.89997202843382,17.2,15.0999999999999));
#11054=CARTESIAN_POINT('',(1.49997202843382,17.2,15.0999999999999));
#11055=CARTESIAN_POINT('Origin',(3.89997202843382,17.2,15.0999999999999));
#11056=CARTESIAN_POINT('Origin',(3.89997202843382,20.2,15.0999999999999));
#11057=CARTESIAN_POINT('',(7.14997202843382,19.6,15.0999999999999));
#11058=CARTESIAN_POINT('',(0.649972028433824,19.6,15.1));
#11059=CARTESIAN_POINT('Origin',(3.89997202843382,19.6,15.0999999999999));
#11060=CARTESIAN_POINT('',(7.14997202843382,20.2,15.0999999999999));
#11061=CARTESIAN_POINT('Origin',(3.89997202843382,19.6,15.0999999999999));
#11062=CARTESIAN_POINT('Origin',(-26.0960618160757,20.2,15.5878048780488));
#11063=CARTESIAN_POINT('',(-24.2960618160757,16.6,15.5878048780488));
#11064=CARTESIAN_POINT('',(-27.8960618160757,16.6,15.5878048780488));
#11065=CARTESIAN_POINT('Origin',(-26.0960618160757,16.6,15.5878048780488));
#11066=CARTESIAN_POINT('',(-24.2960618160757,20.2,15.5878048780488));
#11067=CARTESIAN_POINT('Origin',(-26.0960618160757,16.6,15.5878048780488));
#11068=CARTESIAN_POINT('Origin',(-22.8460618160757,17.2,15.5878048780488));
#11069=CARTESIAN_POINT('',(-22.8460618160757,17.2,15.5878048780488));
#11070=CARTESIAN_POINT('Origin',(-26.0960618160757,17.2,15.5878048780488));
#11071=CARTESIAN_POINT('',(-28.4960618160757,17.2,15.5878048780488));
#11072=CARTESIAN_POINT('Origin',(-26.0960618160757,17.2,15.5878048780488));
#11073=CARTESIAN_POINT('Origin',(-26.0960618160757,20.2,15.5878048780488));
#11074=CARTESIAN_POINT('',(-22.8460618160757,19.6,15.5878048780488));
#11075=CARTESIAN_POINT('',(-29.3460618160757,19.6,15.5878048780488));
#11076=CARTESIAN_POINT('Origin',(-26.0960618160757,19.6,15.5878048780488));
#11077=CARTESIAN_POINT('',(-22.8460618160757,20.2,15.5878048780488));
#11078=CARTESIAN_POINT('Origin',(-26.0960618160757,19.6,15.5878048780488));
#11079=CARTESIAN_POINT('Origin',(-25.5269561250187,20.2,50.583177696643));
#11080=CARTESIAN_POINT('',(-23.7269561250187,16.6,50.583177696643));
#11081=CARTESIAN_POINT('',(-27.3269561250187,16.6,50.583177696643));
#11082=CARTESIAN_POINT('Origin',(-25.5269561250187,16.6,50.583177696643));
#11083=CARTESIAN_POINT('',(-23.7269561250187,20.2,50.583177696643));
#11084=CARTESIAN_POINT('Origin',(-25.5269561250187,16.6,50.583177696643));
#11085=CARTESIAN_POINT('Origin',(-22.2769561250187,17.2,50.583177696643));
#11086=CARTESIAN_POINT('',(-22.2769561250187,17.2,50.583177696643));
#11087=CARTESIAN_POINT('Origin',(-25.5269561250187,17.2,50.583177696643));
#11088=CARTESIAN_POINT('',(-27.9269561250187,17.2,50.583177696643));
#11089=CARTESIAN_POINT('Origin',(-25.5269561250187,17.2,50.583177696643));
#11090=CARTESIAN_POINT('Origin',(-25.5269561250187,20.2,50.583177696643));
#11091=CARTESIAN_POINT('',(-22.2769561250187,20.2,50.583177696643));
#11092=CARTESIAN_POINT('Origin',(-11.1000279715662,-15.3,29.85));
#11093=CARTESIAN_POINT('',(-23.1269561250187,-15.3,50.583177696643));
#11094=CARTESIAN_POINT('Origin',(-25.5269561250187,-15.3,50.583177696643));
#11095=CARTESIAN_POINT('Origin',(-11.1000279715662,-15.3,29.85));
#11096=CARTESIAN_POINT('',(-23.6960618160757,-15.3,15.5878048780488));
#11097=CARTESIAN_POINT('Origin',(-26.0960618160757,-15.3,15.5878048780488));
#11098=CARTESIAN_POINT('Origin',(-11.1000279715662,-15.3,29.85));
#11099=CARTESIAN_POINT('',(6.29997202843382,-15.3,15.0999999999999));
#11100=CARTESIAN_POINT('Origin',(3.89997202843382,-15.3,15.0999999999999));
#11101=CARTESIAN_POINT('Origin',(-11.1000279715662,19.9,10.1));
#11102=CARTESIAN_POINT('',(-21.1000279715662,19.9,10.1));
#11103=CARTESIAN_POINT('',(-21.1000279715662,19.9,10.1));
#11104=CARTESIAN_POINT('',(-1.10002797156619,19.9,10.1));
#11105=CARTESIAN_POINT('',(-11.1000279715662,19.9,10.1));
#11106=CARTESIAN_POINT('',(-1.10002797156619,19.9,10.1));
#11107=CARTESIAN_POINT('Origin',(-1.10002797156617,19.9,20.1));
#11108=CARTESIAN_POINT('',(-1.10002797156615,19.9,30.1));
#11109=CARTESIAN_POINT('',(-1.10002797156617,19.9,20.1));
#11110=CARTESIAN_POINT('',(-1.10002797156615,19.9,30.1));
#11111=CARTESIAN_POINT('Origin',(-11.1000279715662,19.9,30.1));
#11112=CARTESIAN_POINT('',(-21.1000279715661,19.9,30.1));
#11113=CARTESIAN_POINT('',(-11.1000279715662,19.9,30.1));
#11114=CARTESIAN_POINT('',(-21.1000279715661,19.9,30.1));
#11115=CARTESIAN_POINT('Origin',(-1.70002797156617,19.9,20.1));
#11116=CARTESIAN_POINT('',(-1.70002797156619,20.2,10.7));
#11117=CARTESIAN_POINT('',(-1.70002797156616,20.2,29.5));
#11118=CARTESIAN_POINT('',(-1.70002797156617,20.2,20.1));
#11119=CARTESIAN_POINT('',(-1.70002797156616,19.9,29.5));
#11120=CARTESIAN_POINT('',(-1.70002797156616,19.9,29.5));
#11121=CARTESIAN_POINT('',(-1.70002797156619,19.9,10.7));
#11122=CARTESIAN_POINT('',(-1.70002797156617,19.9,20.1));
#11123=CARTESIAN_POINT('',(-1.70002797156619,19.9,10.7));
#11124=CARTESIAN_POINT('Origin',(-11.1000279715662,19.9,10.7));
#11125=CARTESIAN_POINT('',(-20.5000279715662,20.2,10.7));
#11126=CARTESIAN_POINT('',(-11.1000279715662,20.2,10.7));
#11127=CARTESIAN_POINT('',(-20.5000279715662,19.9,10.7));
#11128=CARTESIAN_POINT('',(-11.1000279715662,19.9,10.7));
#11129=CARTESIAN_POINT('',(-20.5000279715662,19.9,10.7));
#11130=CARTESIAN_POINT('Origin',(-20.5000279715662,19.9,20.1));
#11131=CARTESIAN_POINT('',(-20.5000279715662,20.2,29.5));
#11132=CARTESIAN_POINT('',(-20.5000279715662,20.2,20.1));
#11133=CARTESIAN_POINT('',(-20.5000279715662,19.9,29.5));
#11134=CARTESIAN_POINT('',(-20.5000279715662,19.9,20.1));
#11135=CARTESIAN_POINT('',(-20.5000279715662,19.9,29.5));
#11136=CARTESIAN_POINT('Origin',(-11.1000279715662,19.9,29.5));
#11137=CARTESIAN_POINT('',(-11.1000279715662,20.2,29.5));
#11138=CARTESIAN_POINT('',(-11.1000279715662,19.9,29.5));
#11139=CARTESIAN_POINT('Origin',(-21.1000279715662,19.9,20.1));
#11140=CARTESIAN_POINT('',(-21.1000279715662,19.9,20.1));
#11141=CARTESIAN_POINT('Origin',(-14.6000279715662,19.9,17.25));
#11142=CARTESIAN_POINT('Origin',(5.39997202843378,20.2,-9.15000000000004));
#11143=CARTESIAN_POINT('Origin',(-25.5269561250187,-14.7,50.583177696643));
#11144=CARTESIAN_POINT('',(-23.7269561250187,-14.7,50.583177696643));
#11145=CARTESIAN_POINT('Origin',(-26.0960618160757,-14.7,15.5878048780488));
#11146=CARTESIAN_POINT('',(-24.2960618160757,-14.7,15.5878048780488));
#11147=CARTESIAN_POINT('Origin',(3.89997202843382,-14.7,15.0999999999999));
#11148=CARTESIAN_POINT('',(5.69997202843382,-14.7,15.0999999999999));
#11149=CARTESIAN_POINT('Origin',(-25.5269561250187,17.2,50.583177696643));
#11150=CARTESIAN_POINT('',(-27.9269561250187,17.2,50.583177696643));
#11151=CARTESIAN_POINT('Origin',(-26.0960618160757,17.2,15.5878048780488));
#11152=CARTESIAN_POINT('',(-28.4960618160757,17.2,15.5878048780488));
#11153=CARTESIAN_POINT('Origin',(3.89997202843382,17.2,15.0999999999999));
#11154=CARTESIAN_POINT('',(1.49997202843382,17.2,15.0999999999999));
#11155=CARTESIAN_POINT('Origin',(3.89997202843382,20.2,15.0999999999999));
#11156=CARTESIAN_POINT('',(0.0499720284338223,20.2,15.1));
#11157=CARTESIAN_POINT('Origin',(-26.0960618160757,20.2,15.5878048780488));
#11158=CARTESIAN_POINT('',(-29.9460618160757,20.2,15.5878048780488));
#11159=CARTESIAN_POINT('Origin',(4.89997202843383,4.00000000000003,18.6831562232634));
#11160=CARTESIAN_POINT('Origin',(4.89997202843383,4.00000000000003,18.6831562232634));
#11161=CARTESIAN_POINT('',(0.,0.,0.));
#11162=CARTESIAN_POINT('Origin',(-10.1000279715661,17.2,-52.9));
#11163=CARTESIAN_POINT('',(-18.8993565360432,19.7877225525774,-54.417791814078));
#11164=CARTESIAN_POINT('',(-22.0075271203194,17.2,-55.9));
#11165=CARTESIAN_POINT('Ctrl Pts',(-18.899356536043,19.7877225525774,-54.4177918140781));
#11166=CARTESIAN_POINT('Ctrl Pts',(-19.0384044180311,19.6870423914045,-54.5894440270152));
#11167=CARTESIAN_POINT('Ctrl Pts',(-19.1864488175172,19.5739226743656,-54.7426490819893));
#11168=CARTESIAN_POINT('Ctrl Pts',(-19.7107449842085,19.1618005132131,-55.2139061107113));
#11169=CARTESIAN_POINT('Ctrl Pts',(-20.1550773506243,18.7910492574656,-55.4794363038981));
#11170=CARTESIAN_POINT('Ctrl Pts',(-21.0813746144204,18.0023711866532,-55.8225214001994));
#11171=CARTESIAN_POINT('Ctrl Pts',(-21.5634701464736,17.5845646200781,-55.9));
#11172=CARTESIAN_POINT('Ctrl Pts',(-22.0075271203194,17.2,-55.9));
#11173=CARTESIAN_POINT('',(-22.4520846781664,17.2,-55.9));
#11174=CARTESIAN_POINT('',(-10.1000279715661,17.2,-55.9));
#11175=CARTESIAN_POINT('',(-22.4520846781664,20.2,-52.9));
#11176=CARTESIAN_POINT('Origin',(-22.4520846781664,17.2,-52.9));
#11177=CARTESIAN_POINT('',(-17.6698603738007,20.2,-52.9));
#11178=CARTESIAN_POINT('',(-10.1000279715661,20.2,-52.9));
#11179=CARTESIAN_POINT('Origin',(-17.6698603738007,17.2,-52.9));
#11180=CARTESIAN_POINT('Origin',(-10.1000279715661,17.2,-52.9));
#11181=CARTESIAN_POINT('',(-27.1000279715661,20.0263190597454,-53.9059426288413));
#11182=CARTESIAN_POINT('Ctrl Pts',(-22.4520846781664,20.2,-52.9));
#11183=CARTESIAN_POINT('Ctrl Pts',(-22.5177019880864,20.2,-52.9870868656607));
#11184=CARTESIAN_POINT('Ctrl Pts',(-22.5893414019594,20.1961925527062,-53.0679932161561));
#11185=CARTESIAN_POINT('Ctrl Pts',(-23.0177999602001,20.1616761574488,-53.4959428674048));
#11186=CARTESIAN_POINT('Ctrl Pts',(-23.4812476878957,20.0827295250857,-53.7491886233202));
#11187=CARTESIAN_POINT('Ctrl Pts',(-24.4836238799224,19.9630476948013,-54.081870111286));
#11188=CARTESIAN_POINT('Ctrl Pts',(-25.0241361668252,19.9239156310992,-54.1570933277421));
#11189=CARTESIAN_POINT('Ctrl Pts',(-25.5269561250187,19.9239156310992,-54.1570933277421));
#11190=CARTESIAN_POINT('Ctrl Pts',(-25.9916309676514,19.9239156310992,-54.1570933277421));
#11191=CARTESIAN_POINT('Ctrl Pts',(-26.4931088438073,19.9569689343571,-54.0926724118952));
#11192=CARTESIAN_POINT('Ctrl Pts',(-27.0099222689368,20.0155820970842,-53.9357195483373));
#11193=CARTESIAN_POINT('Ctrl Pts',(-27.0551379191902,20.02089213907,-53.921190227363));
#11194=CARTESIAN_POINT('Ctrl Pts',(-27.1000279715661,20.0263190597454,-53.9059426288413));
#11195=CARTESIAN_POINT('',(-27.1000279715661,17.2,-55.9));
#11196=CARTESIAN_POINT('',(-10.1000279715661,17.2,-55.9));
#11197=CARTESIAN_POINT('Origin',(-27.1000279715661,17.2,-52.9));
#11198=CARTESIAN_POINT('Origin',(-15.2298931223263,-9.59777512878263,2.45958418409782));
#11199=CARTESIAN_POINT('',(-24.1133041858299,-17.1956813209523,-0.895681320952636));
#11200=CARTESIAN_POINT('',(-15.8477473089802,-12.1,4.19999999999977));
#11201=CARTESIAN_POINT('',(-15.2298931223263,-11.7190954723423,4.58090452765747));
#11202=CARTESIAN_POINT('',(-18.1234600006173,-10.4110668170555,4.19999999999976));
#11203=CARTESIAN_POINT('Origin',(-12.406815105937,-7.85735931288069,4.19999999999978));
#11204=CARTESIAN_POINT('',(-25.2426212211508,-14.8,-0.188933182944527));
#11205=CARTESIAN_POINT('',(-16.8042431415788,-9.59777512878263,5.01329168827284));
#11206=CARTESIAN_POINT('Origin',(-23.6682712018984,-14.8,-2.74264068711955));
#11207=CARTESIAN_POINT('Origin',(-28.1000279715662,-14.8,-5.47480024111777));
#11208=CARTESIAN_POINT('',(-29.6743779908186,-14.8,-2.92109273694275));
#11209=CARTESIAN_POINT('',(-28.1000279715662,-17.8,-5.47480024111777));
#11210=CARTESIAN_POINT('Origin',(-28.1000279715662,-14.8,-5.47480024111776));
#11211=CARTESIAN_POINT('',(-31.1000279715662,-14.8,-5.47480024111778));
#11212=CARTESIAN_POINT('Origin',(-28.1000279715662,-14.8,-5.47480024111777));
#11213=CARTESIAN_POINT('Origin',(-28.1000279715662,-14.8,-5.47480024111777));
#11214=CARTESIAN_POINT('Origin',(-28.1000279715662,17.2,-5.47480024111775));
#11215=CARTESIAN_POINT('',(-29.6743779908186,17.2,-2.92109273694273));
#11216=CARTESIAN_POINT('',(-31.1000279715662,17.2,-5.47480024111776));
#11217=CARTESIAN_POINT('Origin',(-28.1000279715662,17.2,-5.47480024111775));
#11218=CARTESIAN_POINT('',(-28.1000279715662,20.2,-5.47480024111775));
#11219=CARTESIAN_POINT('Origin',(-28.1000279715662,17.2,-5.47480024111775));
#11220=CARTESIAN_POINT('Origin',(-28.1000279715662,17.2,-5.47480024111775));
#11221=CARTESIAN_POINT('Origin',(-10.165065675769,17.2,5.58202916848296));
#11222=CARTESIAN_POINT('',(-13.1234600006173,20.1763335415447,4.19999999999978));
#11223=CARTESIAN_POINT('',(-13.1234600006173,20.2,3.7581914131148));
#11224=CARTESIAN_POINT('Origin',(-13.1234600006173,17.2,3.7581914131148));
#11225=CARTESIAN_POINT('',(-10.165065675769,20.2,5.58202916848296));
#11226=CARTESIAN_POINT('',(-18.1234600006174,17.2,4.19999999999976));
#11227=CARTESIAN_POINT('',(-11.7394156950214,17.2,8.13573667265798));
#11228=CARTESIAN_POINT('Origin',(-12.406815105937,17.2,4.19999999999978));
#11229=CARTESIAN_POINT('Origin',(-28.1000279715662,17.2,-10.675));
#11230=CARTESIAN_POINT('',(-28.1000279715662,20.2,-18.8751472161159));
#11231=CARTESIAN_POINT('',(-29.5643901678977,19.8183283518221,-15.5878048780488));
#11232=CARTESIAN_POINT('Ctrl Pts',(-28.1000279715662,20.2,-18.8751472161159));
#11233=CARTESIAN_POINT('Ctrl Pts',(-28.288190363693,20.2,-18.7604432921614));
#11234=CARTESIAN_POINT('Ctrl Pts',(-28.4578736937783,20.1819155309711,-18.61225665303));
#11235=CARTESIAN_POINT('Ctrl Pts',(-28.9321139005542,20.1022697932604,-18.0937677754866));
#11236=CARTESIAN_POINT('Ctrl Pts',(-29.174908745745,20.0062413698212,-17.6274349526555));
#11237=CARTESIAN_POINT('Ctrl Pts',(-29.4925520834972,19.8629370993853,-16.6250446588816));
#11238=CARTESIAN_POINT('Ctrl Pts',(-29.5643901678977,19.8183283518221,-16.0876564127825));
#11239=CARTESIAN_POINT('Ctrl Pts',(-29.5643901678977,19.8183283518221,-15.5878048780488));
#11240=CARTESIAN_POINT('',(-28.1000279715661,20.2,-47.7192989854359));
#11241=CARTESIAN_POINT('',(-28.1000279715662,20.2,-10.675));
#11242=CARTESIAN_POINT('',(-31.1000279715661,17.2,-47.7192989854359));
#11243=CARTESIAN_POINT('Origin',(-28.1000279715661,17.2,-47.7192989854359));
#11244=CARTESIAN_POINT('',(-31.1000279715662,17.2,-10.675));
#11245=CARTESIAN_POINT('',(-28.1000279715662,20.2,-12.3004625399817));
#11246=CARTESIAN_POINT('',(-28.1000279715662,20.2,-10.675));
#11247=CARTESIAN_POINT('Ctrl Pts',(-29.5643901678977,19.8183283518221,-15.5878048780488));
#11248=CARTESIAN_POINT('Ctrl Pts',(-29.5643901678977,19.8183283518221,-15.0879533433152));
#11249=CARTESIAN_POINT('Ctrl Pts',(-29.4925520834973,19.8629370993853,-14.5505650972161));
#11250=CARTESIAN_POINT('Ctrl Pts',(-29.174908745745,20.0062413698212,-13.5481748034422));
#11251=CARTESIAN_POINT('Ctrl Pts',(-28.9321139005542,20.1022697932604,-13.081841980611));
#11252=CARTESIAN_POINT('Ctrl Pts',(-28.4578736937783,20.1819155309711,-12.5633531030676));
#11253=CARTESIAN_POINT('Ctrl Pts',(-28.288190363693,20.2,-12.4151664639363));
#11254=CARTESIAN_POINT('Ctrl Pts',(-28.1000279715662,20.2,-12.3004625399817));
#11255=CARTESIAN_POINT('Origin',(-28.1000279715662,-1.82499999999994,-5.47480024111776));
#11256=CARTESIAN_POINT('',(-31.1000279715662,-1.82499999999994,-5.47480024111777));
#11257=CARTESIAN_POINT('',(-29.6743779908186,-1.82499999999994,-2.92109273694274));
#11258=CARTESIAN_POINT('Origin',(-28.1000279715661,-14.8,-50.720934690622));
#11259=CARTESIAN_POINT('',(-29.3659060542313,-17.5198442381555,-13.6999594269415));
#11260=CARTESIAN_POINT('',(-28.1000279715662,-17.8,-12.6456083661217));
#11261=CARTESIAN_POINT('Origin',(-28.1000279715662,-14.8,-16.1097099812594));
#11262=CARTESIAN_POINT('',(-28.1000279715661,-17.8,-50.720934690622));
#11263=CARTESIAN_POINT('',(-31.1000279715661,-14.8,-47.9695545086451));
#11264=CARTESIAN_POINT('',(-31.1000279715661,-14.8,-50.720934690622));
#11265=CARTESIAN_POINT('',(-28.1000279715661,-17.8,-47.9695545086451));
#11266=CARTESIAN_POINT('Origin',(-28.1000279715661,-14.8,-47.9695545086451));
#11267=CARTESIAN_POINT('',(-28.1000279715662,-17.8,-18.5300013899759));
#11268=CARTESIAN_POINT('',(-28.1000279715661,-17.8,-50.720934690622));
#11269=CARTESIAN_POINT('',(-29.3659060542313,-17.5198442381555,-17.4756503291561));
#11270=CARTESIAN_POINT('Origin',(-28.1000279715662,-14.8,-15.0658997748382));
#11271=CARTESIAN_POINT('',(-29.3659060542313,-17.5198442381555,-50.720934690622));
#11272=CARTESIAN_POINT('Origin',(-35.3001851965087,-14.8,-9.91366712276987));
#11273=CARTESIAN_POINT('',(-36.8745352157612,-14.8,-7.35995961859485));
#11274=CARTESIAN_POINT('',(-21.652619784562,-17.8,-1.50000000000026));
#11275=CARTESIAN_POINT('',(-35.3001851965087,-17.8,-9.91366712276987));
#11276=CARTESIAN_POINT('Origin',(-16.786406795812,-14.8,1.49999999999976));
#11277=CARTESIAN_POINT('Origin',(-28.1000279715662,17.2,-10.675));
#11278=CARTESIAN_POINT('',(-28.9980164447638,20.0624494234841,-51.9));
#11279=CARTESIAN_POINT('',(-29.1769852396421,20.0000291146234,-50.583177696643));
#11280=CARTESIAN_POINT('Ctrl Pts',(-28.9980164447638,20.0624494234841,-51.9));
#11281=CARTESIAN_POINT('Ctrl Pts',(-29.1210643232677,20.0238476666665,-51.466825624921));
#11282=CARTESIAN_POINT('Ctrl Pts',(-29.1769852396421,20.0000291146234,-51.0112670102798));
#11283=CARTESIAN_POINT('Ctrl Pts',(-29.1769852396421,20.0000291146234,-50.583177696643));
#11284=CARTESIAN_POINT('',(-31.1000279715661,17.2,-51.9));
#11285=CARTESIAN_POINT('Origin',(-28.1000279715661,17.2,-51.9));
#11286=CARTESIAN_POINT('',(-31.1000279715662,17.2,-10.675));
#11287=CARTESIAN_POINT('Ctrl Pts',(-29.1769852396421,20.0000291146234,-50.583177696643));
#11288=CARTESIAN_POINT('Ctrl Pts',(-29.1769852396421,20.0000291146234,-50.1106981086033));
#11289=CARTESIAN_POINT('Ctrl Pts',(-29.1082310193931,20.0299996314403,-49.6013101437964));
#11290=CARTESIAN_POINT('Ctrl Pts',(-28.8028881703154,20.1208492247056,-48.65062220819));
#11291=CARTESIAN_POINT('Ctrl Pts',(-28.569327453711,20.1806116592742,-48.2082460646052));
#11292=CARTESIAN_POINT('Ctrl Pts',(-28.2008625131179,20.1986573093807,-47.8142607208897));
#11293=CARTESIAN_POINT('Ctrl Pts',(-28.151840556533,20.2,-47.7658503645685));
#11294=CARTESIAN_POINT('Ctrl Pts',(-28.1000279715661,20.2,-47.7192989854359));
#11295=CARTESIAN_POINT('Ctrl Pts',(-27.1000279715661,17.2,-55.9));
#11296=CARTESIAN_POINT('Ctrl Pts',(-31.1000279715661,17.2,-55.9));
#11297=CARTESIAN_POINT('Ctrl Pts',(-31.1000279715661,17.2,-51.9));
#11298=CARTESIAN_POINT('Ctrl Pts',(-27.1000279715661,19.5564956188214,-55.9));
#11299=CARTESIAN_POINT('Ctrl Pts',(-31.1000279715661,19.5564956188214,-55.9));
#11300=CARTESIAN_POINT('Ctrl Pts',(-31.1000279715661,19.5564956188214,-51.9));
#11301=CARTESIAN_POINT('Ctrl Pts',(-27.1000279715661,20.114637012735,-53.6105568830118));
#11302=CARTESIAN_POINT('Ctrl Pts',(-28.8105848545779,20.114637012735,-53.6105568830118));
#11303=CARTESIAN_POINT('Ctrl Pts',(-28.8105848545779,20.114637012735,-51.9));
#11304=CARTESIAN_POINT('Ctrl Pts',(-28.9980164447638,20.0624494234841,-51.9));
#11305=CARTESIAN_POINT('Ctrl Pts',(-28.9470676444824,20.0784327400802,-52.0793587584869));
#11306=CARTESIAN_POINT('Ctrl Pts',(-28.8787376325757,20.0904051006869,-52.253889302355));
#11307=CARTESIAN_POINT('Ctrl Pts',(-28.7198125051201,20.1062197390162,-52.5686389486666));
#11308=CARTESIAN_POINT('Ctrl Pts',(-28.6331683149735,20.1108387468615,-52.7098300153108));
#11309=CARTESIAN_POINT('Ctrl Pts',(-28.4524663000224,20.1146456853369,-52.9567299447375));
#11310=CARTESIAN_POINT('Ctrl Pts',(-28.3614592430151,20.1145349032077,-53.0645314528763));
#11311=CARTESIAN_POINT('Ctrl Pts',(-28.1459496622093,20.1101879594954,-53.286571800403));
#11312=CARTESIAN_POINT('Ctrl Pts',(-28.0184740672834,20.1051403060028,-53.3977401618079));
#11313=CARTESIAN_POINT('Ctrl Pts',(-27.6430229864791,20.0831161388681,-53.6729012993038));
#11314=CARTESIAN_POINT('Ctrl Pts',(-27.379399118906,20.0600932474628,-53.8110499105724));
#11315=CARTESIAN_POINT('Ctrl Pts',(-27.1000279715661,20.0263190597454,-53.9059426288413));
#11316=CARTESIAN_POINT('Origin',(-27.1000279715661,17.2,-51.9));
#11317=CARTESIAN_POINT('Origin',(-28.1000279715661,-14.8,-50.720934690622));
#11318=CARTESIAN_POINT('',(-28.9531086512236,-17.6761525262049,-48.6050876133539));
#11319=CARTESIAN_POINT('Origin',(-28.1000279715661,-14.8,-51.4336561237827));
#11320=CARTESIAN_POINT('',(-31.1000279715661,-14.8,-51.9));
#11321=CARTESIAN_POINT('',(-31.1000279715661,-14.8,-50.720934690622));
#11322=CARTESIAN_POINT('',(-28.9531086512236,-17.6761525262049,-51.9));
#11323=CARTESIAN_POINT('Origin',(-28.1000279715661,-14.8,-51.9));
#11324=CARTESIAN_POINT('',(-28.9531086512236,-17.6761525262049,-50.720934690622));
#11325=CARTESIAN_POINT('Origin',(-20.1000279715661,-14.8,-52.9));
#11326=CARTESIAN_POINT('',(-18.8993565360432,-17.3877225525774,-54.417791814078));
#11327=CARTESIAN_POINT('',(-17.6698603738007,-17.8,-52.9));
#11328=CARTESIAN_POINT('Origin',(-17.6698603738007,-14.8,-52.9));
#11329=CARTESIAN_POINT('',(-22.4398100665418,-17.8,-52.9));
#11330=CARTESIAN_POINT('',(-20.1000279715661,-17.8,-52.9));
#11331=CARTESIAN_POINT('',(-22.4398100665418,-14.8,-55.9));
#11332=CARTESIAN_POINT('Origin',(-22.4398100665418,-14.8,-52.9));
#11333=CARTESIAN_POINT('',(-22.0075271203194,-14.8,-55.9));
#11334=CARTESIAN_POINT('',(-20.1000279715661,-14.8,-55.9));
#11335=CARTESIAN_POINT('Ctrl Pts',(-22.0075271203194,-14.8,-55.9));
#11336=CARTESIAN_POINT('Ctrl Pts',(-21.5634701464736,-15.1845646200781,
-55.9));
#11337=CARTESIAN_POINT('Ctrl Pts',(-21.0813746144204,-15.6023711866531,
-55.8225214001994));
#11338=CARTESIAN_POINT('Ctrl Pts',(-20.1550773506243,-16.3910492574656,
-55.4794363038981));
#11339=CARTESIAN_POINT('Ctrl Pts',(-19.7107449842085,-16.7618005132131,
-55.2139061107113));
#11340=CARTESIAN_POINT('Ctrl Pts',(-19.1864488175172,-17.1739226743655,
-54.7426490819893));
#11341=CARTESIAN_POINT('Ctrl Pts',(-19.0384044180311,-17.2870423914044,
-54.5894440270152));
#11342=CARTESIAN_POINT('Ctrl Pts',(-18.899356536043,-17.3877225525773,-54.4177918140781));
#11343=CARTESIAN_POINT('Origin',(-20.1000279715661,-14.8,-52.9));
#11344=CARTESIAN_POINT('',(-25.5269561250187,-17.4591731886388,-54.2888117053165));
#11345=CARTESIAN_POINT('',(-27.1000279715661,-17.7019060279459,-53.6608819914881));
#11346=CARTESIAN_POINT('Origin',(-22.6141021834956,-14.8,-52.9));
#11347=CARTESIAN_POINT('',(-27.1000279715661,-14.8,-55.9));
#11348=CARTESIAN_POINT('Origin',(-27.1000279715661,-14.8,-52.9));
#11349=CARTESIAN_POINT('',(-20.1000279715661,-14.8,-55.9));
#11350=CARTESIAN_POINT('Origin',(-28.4398100665416,-14.8,-52.9));
#11351=CARTESIAN_POINT('Ctrl Pts',(-31.1000279715661,-14.8,-51.9));
#11352=CARTESIAN_POINT('Ctrl Pts',(-31.1000279715661,-14.8,-55.9));
#11353=CARTESIAN_POINT('Ctrl Pts',(-27.1000279715661,-14.8,-55.9));
#11354=CARTESIAN_POINT('Ctrl Pts',(-31.1000279715661,-17.2762231549424,
-51.9));
#11355=CARTESIAN_POINT('Ctrl Pts',(-31.1000279715661,-17.2762231549424,
-55.9));
#11356=CARTESIAN_POINT('Ctrl Pts',(-27.1000279715661,-17.2762231549424,
-55.9));
#11357=CARTESIAN_POINT('Ctrl Pts',(-28.6686995287103,-17.745609047395,-51.9));
#11358=CARTESIAN_POINT('Ctrl Pts',(-28.6686995287104,-17.745609047395,-53.4686715571443));
#11359=CARTESIAN_POINT('Ctrl Pts',(-27.1000279715661,-17.745609047395,-53.4686715571442));
#11360=CARTESIAN_POINT('',(-28.9266965090175,-17.6497403839988,-52.5460187225197));
#11361=CARTESIAN_POINT('Ctrl Pts',(-28.9266965090175,-17.6497403839988,
-52.5460187225197));
#11362=CARTESIAN_POINT('Ctrl Pts',(-28.9452213366103,-17.6682652115916,
-52.3247594063716));
#11363=CARTESIAN_POINT('Ctrl Pts',(-28.9531086512236,-17.6761525262049,
-52.1048116859311));
#11364=CARTESIAN_POINT('Ctrl Pts',(-28.9531086512236,-17.6761525262049,
-51.9));
#11365=CARTESIAN_POINT('Origin',(-27.1000279715661,-14.8,-51.9));
#11366=CARTESIAN_POINT('Ctrl Pts',(-27.1000279715661,-17.7019060279459,
-53.6608819914881));
#11367=CARTESIAN_POINT('Ctrl Pts',(-27.373851258816,-17.7337244160383,-53.5395307527446));
#11368=CARTESIAN_POINT('Ctrl Pts',(-27.6453987136463,-17.745609047395,-53.3964759468265));
#11369=CARTESIAN_POINT('Ctrl Pts',(-28.2268876404375,-17.745609047395,-53.0607531584129));
#11370=CARTESIAN_POINT('Ctrl Pts',(-28.6139339502136,-17.7182617782353,
-52.8057139608529));
#11371=CARTESIAN_POINT('Ctrl Pts',(-28.9266965090175,-17.6497403839988,
-52.5460187225197));
#11372=CARTESIAN_POINT('Origin',(-26.0960618160757,20.2,-15.5878048780488));
#11373=CARTESIAN_POINT('',(-22.8460618160757,19.6,-15.5878048780488));
#11374=CARTESIAN_POINT('',(-29.3460618160757,19.6,-15.5878048780488));
#11375=CARTESIAN_POINT('Origin',(-26.0960618160757,19.6,-15.5878048780488));
#11376=CARTESIAN_POINT('Origin',(-26.0960618160757,19.6,-15.5878048780488));
#11377=CARTESIAN_POINT('',(-29.9460618160757,20.2,-15.5878048780488));
#11378=CARTESIAN_POINT('Origin',(-26.0960618160757,20.2,-15.5878048780488));
#11379=CARTESIAN_POINT('Origin',(-13.1234600006173,-17.8,-3.80000000000023));
#11380=CARTESIAN_POINT('',(-13.1234600006173,-12.1,4.19999999999978));
#11381=CARTESIAN_POINT('',(-13.1234600006173,-8.29999999999998,4.19999999999978));
#11382=CARTESIAN_POINT('',(-13.1234600006173,-17.8,-1.50000000000004));
#11383=CARTESIAN_POINT('',(-13.1234600006173,-16.95,-0.650000000000226));
#11384=CARTESIAN_POINT('',(-13.1234600006173,-11.2999999999999,-1.50000000000004));
#11385=CARTESIAN_POINT('',(-13.1234600006173,-8.29999999999996,-1.50000000000004));
#11386=CARTESIAN_POINT('',(-13.1234600006173,-11.2999999999999,-0.300267642735375));
#11387=CARTESIAN_POINT('',(-13.1234600006173,-11.2999999999999,-2.65000000000015));
#11388=CARTESIAN_POINT('',(-13.1234600006173,-10.7999999999999,0.19999999999996));
#11389=CARTESIAN_POINT('Origin',(-13.1234600006173,-10.7999999999999,-0.300267642735373));
#11390=CARTESIAN_POINT('',(-13.1234600006173,20.2,0.199999999999957));
#11391=CARTESIAN_POINT('',(-13.1234600006173,-14.551,0.199999999999959));
#11392=CARTESIAN_POINT('',(-13.1234600006173,20.2,-3.80000000000023));
#11393=CARTESIAN_POINT('Origin',(-24.6117439856173,14.1500000000001,0.199999999999988));
#11394=CARTESIAN_POINT('',(-18.1234600006174,10.7,4.19999999999976));
#11395=CARTESIAN_POINT('Origin',(-15.6234600006173,1.20000000000002,4.19999999999977));
#11396=CARTESIAN_POINT('',(-15.1117439860918,-12.1,4.19999999999977));
#11397=CARTESIAN_POINT('Origin',(-15.1117439860918,-14.95,1.34999999999977));
#11398=CARTESIAN_POINT('',(-15.1117439860918,-17.8,-1.50000000000023));
#11399=CARTESIAN_POINT('Origin',(-34.657055640007,-17.5,-16.7777202170936));
#11400=CARTESIAN_POINT('',(-29.0460618160758,-17.2,-13.8846215839394));
#11401=CARTESIAN_POINT('',(-29.0460618160758,-17.2,-13.8846215839394));
#11402=CARTESIAN_POINT('',(-26.0960618160757,-17.2,-12.1814382898299));
#11403=CARTESIAN_POINT('',(-34.507055640007,-17.2,-17.0375278382289));
#11404=CARTESIAN_POINT('',(-26.0960618160757,-17.8,-11.4886179668024));
#11405=CARTESIAN_POINT('',(-26.0960618160757,-17.2,-12.1814382898299));
#11406=CARTESIAN_POINT('',(-34.807055640007,-17.8,-16.5179125959583));
#11407=CARTESIAN_POINT('Origin',(-29.3460618160757,-17.5,-42.4132454825917));
#11408=CARTESIAN_POINT('',(-29.0460618160758,-17.2,-17.2909881721583));
#11409=CARTESIAN_POINT('',(-29.0460618160758,-17.2,-17.2909881721583));
#11410=CARTESIAN_POINT('',(-29.0460618160757,-17.2,-42.4132454825917));
#11411=CARTESIAN_POINT('Origin',(-12.1630426087623,-17.5,-27.3848140177481));
#11412=CARTESIAN_POINT('',(-26.0960618160757,-17.8,-19.6869917892952));
#11413=CARTESIAN_POINT('',(-12.3130426087623,-17.8,-27.6446216388834));
#11414=CARTESIAN_POINT('',(-26.0960618160757,-17.2,-18.9941714662677));
#11415=CARTESIAN_POINT('',(-26.0960618160757,-17.2,-18.9941714662677));
#11416=CARTESIAN_POINT('',(-12.0130426087623,-17.2,-27.1250063966128));
#11417=CARTESIAN_POINT('Origin',(-26.7246441141438,-17.5,-47.521886429837));
#11418=CARTESIAN_POINT('',(-28.4769561250187,-17.2,-48.8799944025336));
#11419=CARTESIAN_POINT('',(-28.4769561250187,-17.2,-48.8799944025336));
#11420=CARTESIAN_POINT('',(-25.5269561250187,-17.2,-47.1768111084242));
#11421=CARTESIAN_POINT('',(-26.5746441141439,-17.2,-47.7816940509724));
#11422=CARTESIAN_POINT('',(-25.5269561250187,-17.8,-46.4839907853967));
#11423=CARTESIAN_POINT('',(-25.5269561250187,-17.2,-47.1768111084242));
#11424=CARTESIAN_POINT('',(-26.8746441141438,-17.8,-47.2620788087017));
#11425=CARTESIAN_POINT('Origin',(-28.7769561250187,-17.5,-59.9109318918888));
#11426=CARTESIAN_POINT('',(-28.4769561250187,-17.2,-52.2863609907525));
#11427=CARTESIAN_POINT('',(-28.4769561250187,-17.2,-52.2863609907525));
#11428=CARTESIAN_POINT('',(-28.4769561250187,-17.2,-59.9109318918888));
#11429=CARTESIAN_POINT('Origin',(-14.6000279715661,-17.8,-70.941869381244));
#11430=CARTESIAN_POINT('',(-22.5460618160756,-17.8,-13.5382114224256));
#11431=CARTESIAN_POINT('',(-7.28804260876213,-17.8,-22.3474329190685));
#11432=CARTESIAN_POINT('',(-22.5460618160756,-17.8,-17.637398333672));
#11433=CARTESIAN_POINT('',(-22.5460618160755,-17.8,-44.1164287767011));
#11434=CARTESIAN_POINT('',(-32.7320556400069,-17.8,-23.5182846098827));
#11435=CARTESIAN_POINT('',(-21.9769561250187,-17.8,-48.5335842410198));
#11436=CARTESIAN_POINT('',(-14.5090720208041,-17.8,-52.845169138865));
#11437=CARTESIAN_POINT('',(-21.9769561250187,-17.8,-52.6327711522662));
#11438=CARTESIAN_POINT('',(-21.9769561250187,-17.8,-61.6141151859982));
#11439=CARTESIAN_POINT('',(-24.7996441141439,-17.8,-54.2624508226259));
#11440=CARTESIAN_POINT('',(8.00814261270984,-17.8,-21.2009480373418));
#11441=CARTESIAN_POINT('',(-5.60002797156613,-17.8,-38.));
#11442=CARTESIAN_POINT('',(8.89997202843383,-17.8,-18.6831562232634));
#11443=CARTESIAN_POINT('Origin',(4.89997202843383,-17.8,-18.6831562232634));
#11444=CARTESIAN_POINT('',(8.8999720284338,-17.8,-3.79999999999995));
#11445=CARTESIAN_POINT('',(8.8999720284338,-17.8,-4.44999999999994));
#11446=CARTESIAN_POINT('',(7.34887433843381,-17.8,-3.79999999999996));
#11447=CARTESIAN_POINT('',(-121.907873785387,-17.8,-3.80000000000018));
#11448=CARTESIAN_POINT('',(7.238130742997,-17.8,-1.96980071616786));
#11449=CARTESIAN_POINT('',(7.73767652732008,-17.8,-10.225522711678));
#11450=CARTESIAN_POINT('',(6.73904357299961,-17.8,-1.50000000000004));
#11451=CARTESIAN_POINT('Origin',(6.73904357299961,-17.8,-2.00000000000004));
#11452=CARTESIAN_POINT('',(1.19885601359956,-17.8,-1.50000000000004));
#11453=CARTESIAN_POINT('',(0.349972028433765,-17.8,-17.1495934556232));
#11454=CARTESIAN_POINT('',(3.89997202843382,-17.8,-19.1991869112463));
#11455=CARTESIAN_POINT('',(6.54009139817627,-17.8,-20.7234605400599));
#11456=CARTESIAN_POINT('',(0.349972028433756,-17.8,-13.0504065443767));
#11457=CARTESIAN_POINT('',(0.349972028433809,-17.8,-42.1693430435673));
#11458=CARTESIAN_POINT('',(3.89997202843382,-17.8,-11.0008130887535));
#11459=CARTESIAN_POINT('',(-16.1651473413086,-17.8,-22.5854151581963));
#11460=CARTESIAN_POINT('',(7.44997202843389,-17.8,-13.0504065443767));
#11461=CARTESIAN_POINT('',(11.5650913981764,-17.8,-15.426271820245));
#11462=CARTESIAN_POINT('',(7.4499720284339,-17.8,-17.1495934556231));
#11463=CARTESIAN_POINT('',(7.44997202843394,-17.8,-43.8725263376767));
#11464=CARTESIAN_POINT('',(-14.0901473413086,-17.8,-29.5857871721206));
#11465=CARTESIAN_POINT('Origin',(-19.3840720208041,-17.5,-57.8825502375444));
#11466=CARTESIAN_POINT('',(-25.5269561250187,-17.2,-53.9895442848618));
#11467=CARTESIAN_POINT('',(-25.5269561250187,-17.8,-54.6823646078893));
#11468=CARTESIAN_POINT('',(-19.2340720208041,-17.2,-57.622742616409));
#11469=CARTESIAN_POINT('Origin',(-10.0675950006173,-11.3019999999999,0.0999999999999585));
#11470=CARTESIAN_POINT('',(-7.01173000061599,-10.7999999999999,-6.32827124036339E-14));
#11471=CARTESIAN_POINT('',(-10.0675950006173,-10.7999999999999,0.099999999999959));
#11472=CARTESIAN_POINT('',(-7.01173000061599,-9.19999999999995,-6.32827124036339E-14));
#11473=CARTESIAN_POINT('',(-7.01173000061599,-11.3019999999999,-6.32827124036339E-14));
#11474=CARTESIAN_POINT('',(-7.01173000061599,-4.79999999999995,-6.43929354282591E-14));
#11475=CARTESIAN_POINT('Origin',(-7.01173000061734,-6.99999999999995,-4.10782519111308E-14));
#11476=CARTESIAN_POINT('',(-7.01173000061598,11.8000000000001,-6.32827124036339E-14));
#11477=CARTESIAN_POINT('',(-7.01173000061599,-11.3019999999999,-6.32827124036339E-14));
#11478=CARTESIAN_POINT('',(-7.01173000061598,16.2000000000001,-6.32827124036339E-14));
#11479=CARTESIAN_POINT('Origin',(-7.01173000061733,14.0000000000001,-4.21884749357559E-14));
#11480=CARTESIAN_POINT('',(-7.01173000061598,20.2,-6.43929354282591E-14));
#11481=CARTESIAN_POINT('',(-7.01173000061599,-11.3019999999999,-6.32827124036339E-14));
#11482=CARTESIAN_POINT('',(-11.1702451061082,20.2,0.136083076493553));
#11483=CARTESIAN_POINT('Origin',(-10.0839482263146,-10.7999999999999,-0.399732500453328));
#11484=CARTESIAN_POINT('',(-7.01990880129143,-11.2999999999999,-0.500000000000042));
#11485=CARTESIAN_POINT('',(-2.97386877412919,-11.2999999999999,-0.632402446677569));
#11486=CARTESIAN_POINT('Origin',(-7.01990880129109,-10.7999999999999,-0.500000000000047));
#11487=CARTESIAN_POINT('Origin',(-3.00226000061736,1.20000000000005,-1.50000000000004));
#11488=CARTESIAN_POINT('',(4.20421655686404,-11.2999999999999,-1.50000000000004));
#11489=CARTESIAN_POINT('',(-3.00226000061736,-11.2999999999999,-1.50000000000004));
#11490=CARTESIAN_POINT('',(6.73904357299961,-9.91185966637765,-1.50000000000004));
#11491=CARTESIAN_POINT('',(6.73904357299961,1.20000000000005,-1.50000000000004));
#11492=CARTESIAN_POINT('Origin',(4.20421655686402,-8.29999999999995,-1.50000000000004));
#11493=CARTESIAN_POINT('Origin',(5.39997202843378,20.2,9.15000000000004));
#11494=CARTESIAN_POINT('',(6.64828001811099,20.2,-4.10782519111308E-14));
#11495=CARTESIAN_POINT('',(-8.80114398640039,20.2,-4.10782519111308E-14));
#11496=CARTESIAN_POINT('',(7.1473671881084,20.2,-0.469800716167867));
#11497=CARTESIAN_POINT('Origin',(6.64828001811099,20.2,-0.50000000000004));
#11498=CARTESIAN_POINT('',(7.34887433843381,20.2,-3.79999999999996));
#11499=CARTESIAN_POINT('',(10.1154979985885,20.2,-49.5224873499608));
#11500=CARTESIAN_POINT('',(8.8999720284338,20.2,-3.79999999999995));
#11501=CARTESIAN_POINT('',(-2.85002797156621,20.2,-3.79999999999998));
#11502=CARTESIAN_POINT('',(8.89997202843383,20.2,-18.6831562232634));
#11503=CARTESIAN_POINT('',(8.89997202843379,20.2,6.90000000000005));
#11504=CARTESIAN_POINT('',(8.00814261270984,20.2,-21.2009480373418));
#11505=CARTESIAN_POINT('Origin',(4.89997202843383,20.2,-18.6831562232634));
#11506=CARTESIAN_POINT('',(-5.60002797156613,20.2,-38.));
#11507=CARTESIAN_POINT('Origin',(-25.5269561250187,20.2,-50.583177696643));
#11508=CARTESIAN_POINT('',(-1.10002797156619,20.2,-10.1));
#11509=CARTESIAN_POINT('',(-1.10002797156615,20.2,-30.1));
#11510=CARTESIAN_POINT('',(-1.10002797156617,20.2,-20.1));
#11511=CARTESIAN_POINT('',(-21.1000279715662,20.2,-10.1));
#11512=CARTESIAN_POINT('',(-11.1000279715662,20.2,-10.1));
#11513=CARTESIAN_POINT('',(-21.1000279715661,20.2,-30.1));
#11514=CARTESIAN_POINT('',(-21.1000279715662,20.2,-20.1));
#11515=CARTESIAN_POINT('',(-11.1000279715662,20.2,-30.1));
#11516=CARTESIAN_POINT('',(0.0499720284338222,20.2,-15.1));
#11517=CARTESIAN_POINT('Origin',(3.89997202843382,20.2,-15.0999999999999));
#11518=CARTESIAN_POINT('Origin',(-12.7154568524222,15.3,-9.5));
#11519=CARTESIAN_POINT('',(-12.7154568524221,14.3,-46.7838742736085));
#11520=CARTESIAN_POINT('',(-11.7404608093786,15.0777777777778,-45.5802584687478));
#11521=CARTESIAN_POINT('Origin',(-12.7154568524221,15.3,-46.7838742736085));
#11522=CARTESIAN_POINT('',(-11.7404608093786,15.0777777777778,-9.5));
#11523=CARTESIAN_POINT('',(-11.7404608093786,15.0777777777778,-9.5));
#11524=CARTESIAN_POINT('',(-12.7154568524222,14.3,-9.5));
#11525=CARTESIAN_POINT('Origin',(-12.7154568524222,15.3,-9.5));
#11526=CARTESIAN_POINT('',(-12.7154568524222,14.3,-9.5));
#11527=CARTESIAN_POINT('Origin',(-7.01173000061733,14.0000000000001,-9.49999999999999));
#11528=CARTESIAN_POINT('',(-2.28299919185597,15.0777777777778,-33.9051851615991));
#11529=CARTESIAN_POINT('Origin',(-7.01173000061727,14.0000000000001,-39.7427218151735));
#11530=CARTESIAN_POINT('',(-2.28299919185602,15.0777777777778,-9.49999999999999));
#11531=CARTESIAN_POINT('',(-2.28299919185602,15.0777777777778,-9.49999999999999));
#11532=CARTESIAN_POINT('Origin',(-7.01173000061733,14.0000000000001,-9.49999999999999));
#11533=CARTESIAN_POINT('Origin',(-5.60002797156613,-17.8,-38.));
#11534=CARTESIAN_POINT('',(8.00814261270984,14.3,-21.2009480373418));
#11535=CARTESIAN_POINT('',(8.00814261270984,14.3,-21.2009480373418));
#11536=CARTESIAN_POINT('',(-1.30800314881241,14.3,-32.7015693567385));
#11537=CARTESIAN_POINT('',(-5.60002797156613,14.3,-38.));
#11538=CARTESIAN_POINT('Origin',(-1.30800314881241,15.3,-32.7015693567385));
#11539=CARTESIAN_POINT('',(-18.8993565360432,14.3,-54.417791814078));
#11540=CARTESIAN_POINT('',(-5.60002797156613,14.3,-38.));
#11541=CARTESIAN_POINT('',(-18.8993565360432,-17.8,-54.417791814078));
#11542=CARTESIAN_POINT('Origin',(-1.30800314881245,15.3,-9.49999999999998));
#11543=CARTESIAN_POINT('',(-1.30800314881245,14.3,-9.49999999999998));
#11544=CARTESIAN_POINT('',(-1.30800314881245,14.3,-9.49999999999998));
#11545=CARTESIAN_POINT('Origin',(-1.30800314881245,15.3,-9.49999999999998));
#11546=CARTESIAN_POINT('Origin',(-7.01173000061733,14.0000000000001,-8.99999999999998));
#11547=CARTESIAN_POINT('',(-3.01173000061732,14.0000000000001,-8.99999999999998));
#11548=CARTESIAN_POINT('Origin',(-7.01173000061733,14.0000000000001,-8.99999999999998));
#11549=CARTESIAN_POINT('',(-2.51173000061732,14.0000000000001,-9.49999999999998));
#11550=CARTESIAN_POINT('Origin',(-2.51173000061732,14.0000000000001,-8.99999999999997));
#11551=CARTESIAN_POINT('Origin',(-7.01173000061733,14.0000000000001,-9.49999999999999));
#11552=CARTESIAN_POINT('Origin',(232.694027084965,1.20000000000003,-9.49999999999957));
#11553=CARTESIAN_POINT('',(8.89997202843381,14.3,-9.49999999999996));
#11554=CARTESIAN_POINT('',(232.694027084965,14.3,-9.49999999999957));
#11555=CARTESIAN_POINT('',(8.89997202843381,-11.9,-9.49999999999996));
#11556=CARTESIAN_POINT('',(8.89997202843381,4.00000000000002,-9.49999999999996));
#11557=CARTESIAN_POINT('',(-31.1000279715662,-11.9,-9.50000000000003));
#11558=CARTESIAN_POINT('',(232.694027084965,-11.9,-9.49999999999957));
#11559=CARTESIAN_POINT('',(-31.1000279715662,14.3,-9.50000000000003));
#11560=CARTESIAN_POINT('',(-31.1000279715662,1.20000000000003,-9.50000000000003));
#11561=CARTESIAN_POINT('',(232.694027084965,14.3,-9.49999999999957));
#11562=CARTESIAN_POINT('',(-11.5117300006173,-6.99999999999995,-9.5));
#11563=CARTESIAN_POINT('Origin',(-7.01173000061734,-6.99999999999995,-9.49999999999999));
#11564=CARTESIAN_POINT('Origin',(-7.01173000061733,14.0000000000001,-9.49999999999999));
#11565=CARTESIAN_POINT('',(-3.01173000061733,14.0000000000001,-4.99999999999999));
#11566=CARTESIAN_POINT('',(-3.01173000061732,14.0000000000001,-9.49999999999999));
#11567=CARTESIAN_POINT('Origin',(-7.01173000061733,14.0000000000001,-4.99999999999999));
#11568=CARTESIAN_POINT('Origin',(-7.01173000061735,-6.99999999999995,-8.99999999999998));
#11569=CARTESIAN_POINT('',(-11.0117300006173,-6.99999999999995,-8.99999999999999));
#11570=CARTESIAN_POINT('Origin',(-11.5117300006173,-6.99999999999995,-8.99999999999999));
#11571=CARTESIAN_POINT('',(-3.01173000061734,-6.99999999999995,-8.99999999999997));
#11572=CARTESIAN_POINT('Origin',(-7.01173000061735,-6.99999999999995,-8.99999999999998));
#11573=CARTESIAN_POINT('Origin',(-7.01173000061735,-6.99999999999995,-8.99999999999998));
#11574=CARTESIAN_POINT('Origin',(-7.01173000061734,-6.99999999999995,-9.49999999999999));
#11575=CARTESIAN_POINT('',(-3.01173000061735,-6.99999999999995,-4.99999999999999));
#11576=CARTESIAN_POINT('',(-3.01173000061734,-6.99999999999995,-9.49999999999999));
#11577=CARTESIAN_POINT('Origin',(-7.01173000061735,-6.99999999999995,-4.99999999999999));
#11578=CARTESIAN_POINT('Origin',(232.694027084965,14.3,-32.6999999999995));
#11579=CARTESIAN_POINT('',(-31.1000279715661,14.3,-51.9));
#11580=CARTESIAN_POINT('',(-31.1000279715661,14.3,-32.7));
#11581=CARTESIAN_POINT('',(-27.1000279715661,14.3,-55.9));
#11582=CARTESIAN_POINT('Origin',(-27.1000279715661,14.3,-51.9));
#11583=CARTESIAN_POINT('',(-22.0075271203194,14.3,-55.9));
#11584=CARTESIAN_POINT('',(232.694027084965,14.3,-55.8999999999996));
#11585=CARTESIAN_POINT('Origin',(-22.0075271203194,14.3,-51.9));
#11586=CARTESIAN_POINT('',(-24.2960618160757,14.3,-15.5878048780488));
#11587=CARTESIAN_POINT('Origin',(-26.0960618160757,14.3,-15.5878048780488));
#11588=CARTESIAN_POINT('',(-23.7269561250187,14.3,-50.583177696643));
#11589=CARTESIAN_POINT('Origin',(-25.5269561250187,14.3,-50.583177696643));
#11590=CARTESIAN_POINT('Origin',(-7.01173000061733,14.0000000000001,-4.99999999999999));
#11591=CARTESIAN_POINT('',(-4.81173000061734,14.0000000000001,-4.99999999999999));
#11592=CARTESIAN_POINT('Origin',(-7.01173000061734,14.0000000000001,-4.99999999999999));
#11593=CARTESIAN_POINT('Origin',(-7.01173000061735,-6.99999999999995,-4.99999999999999));
#11594=CARTESIAN_POINT('',(-4.81173000061735,-6.99999999999995,-4.99999999999999));
#11595=CARTESIAN_POINT('Origin',(-7.01173000061736,-6.99999999999995,-4.99999999999999));
#11596=CARTESIAN_POINT('Origin',(232.694027084965,14.3,-32.6999999999995));
#11597=CARTESIAN_POINT('',(8.89997202843383,14.3,-18.6831562232634));
#11598=CARTESIAN_POINT('Origin',(4.89997202843383,14.3,-18.6831562232634));
#11599=CARTESIAN_POINT('',(8.89997202843379,14.3,6.90000000000005));
#11600=CARTESIAN_POINT('',(5.69997202843382,14.3,-15.0999999999999));
#11601=CARTESIAN_POINT('Origin',(3.89997202843382,14.3,-15.0999999999999));
#11602=CARTESIAN_POINT('Origin',(-2.00000000061735,2.40000000000005,4.99999999999996));
#11603=CARTESIAN_POINT('',(-2.00000000061735,-6.09999999999995,-4.10782519111308E-14));
#11604=CARTESIAN_POINT('',(-2.00000000061735,-6.09999999999995,4.39999999999996));
#11605=CARTESIAN_POINT('',(-2.00000000061735,-6.09999999999995,4.99999999999996));
#11606=CARTESIAN_POINT('',(-2.00000000061733,10.9000000000001,4.39999999999996));
#11607=CARTESIAN_POINT('',(-2.00000000061733,10.9000000000001,4.39999999999996));
#11608=CARTESIAN_POINT('',(-2.00000000061735,10.9000000000001,-3.99680288865056E-14));
#11609=CARTESIAN_POINT('',(-2.00000000061735,10.9000000000001,3.49999999999996));
#11610=CARTESIAN_POINT('',(-2.00000000061735,2.40000000000005,-4.10782519111308E-14));
#11611=CARTESIAN_POINT('Origin',(-6.17337292396769E-10,-7.09999999999995,
4.99999999999996));
#11612=CARTESIAN_POINT('',(0.999999999382659,-7.09999999999995,3.49999999999996));
#11613=CARTESIAN_POINT('',(0.999999999382659,-7.09999999999995,4.39999999999996));
#11614=CARTESIAN_POINT('',(0.999999999382659,-7.09999999999995,4.99999999999996));
#11615=CARTESIAN_POINT('',(-1.00000000061733,-7.09999999999995,4.39999999999996));
#11616=CARTESIAN_POINT('',(-1.00000000061733,-7.09999999999995,4.39999999999996));
#11617=CARTESIAN_POINT('',(-1.00000000061733,-7.09999999999995,3.49999999999996));
#11618=CARTESIAN_POINT('',(-1.00000000061733,-7.09999999999995,4.99999999999996));
#11619=CARTESIAN_POINT('',(-2.00200000061736,-7.09999999999995,3.49999999999996));
#11620=CARTESIAN_POINT('Origin',(-6.17337292396769E-10,11.9000000000001,
4.99999999999996));
#11621=CARTESIAN_POINT('',(-1.00000000061733,11.9000000000001,3.49999999999996));
#11622=CARTESIAN_POINT('',(-1.00000000061733,11.9000000000001,4.39999999999996));
#11623=CARTESIAN_POINT('',(-1.00000000061733,11.9000000000001,4.99999999999996));
#11624=CARTESIAN_POINT('',(0.999999999382659,11.9000000000001,4.39999999999996));
#11625=CARTESIAN_POINT('',(-6.17337292396769E-10,11.9000000000001,4.39999999999996));
#11626=CARTESIAN_POINT('',(0.999999999382659,11.9000000000001,3.49999999999996));
#11627=CARTESIAN_POINT('',(0.999999999382659,11.9000000000001,4.99999999999996));
#11628=CARTESIAN_POINT('',(-2.00200000061734,11.9000000000001,3.49999999999996));
#11629=CARTESIAN_POINT('Origin',(1.84999999938265,-71.9685261774349,1.74999999999996));
#11630=CARTESIAN_POINT('',(1.99999999938266,-6.09999999999995,3.49999999999996));
#11631=CARTESIAN_POINT('',(1.99999999938266,10.9000000000001,3.49999999999996));
#11632=CARTESIAN_POINT('',(1.99999999938264,-71.9685261774349,3.49999999999996));
#11633=CARTESIAN_POINT('',(1.70710678056921,-6.8071067811865,0.0829124471764037));
#11634=CARTESIAN_POINT('Origin',(0.999999999382659,-6.09999999999994,-8.16666666666669));
#11635=CARTESIAN_POINT('',(1.69999999938266,-6.79999999999995,-3.88578058618805E-14));
#11636=CARTESIAN_POINT('',(2.32076969817342,-7.42076969879069,7.24231315255882));
#11637=CARTESIAN_POINT('',(1.69999999938266,11.6000000000001,-3.99680288865056E-14));
#11638=CARTESIAN_POINT('',(1.69999999938264,-71.9685261774349,-3.99680288865056E-14));
#11639=CARTESIAN_POINT('',(1.70710678056922,11.6071067811866,0.0829124471764886));
#11640=CARTESIAN_POINT('',(1.24383207050339,11.1438320711208,-5.32195917025802));
#11641=CARTESIAN_POINT('Origin',(0.999999999382659,10.9000000000001,-8.1666666666667));
#11642=CARTESIAN_POINT('Origin',(-3.00226000061734,11.9500000000001,-4.10782519111308E-14));
#11643=CARTESIAN_POINT('',(-4.81173000061733,14.0000000000001,-4.19773321892561E-14));
#11644=CARTESIAN_POINT('Origin',(-7.01173000061733,14.0000000000001,-4.21884749357559E-14));
#11645=CARTESIAN_POINT('Origin',(-7.01173000061733,14.0000000000001,-4.21884749357559E-14));
#11646=CARTESIAN_POINT('',(-4.81173000061734,-6.99999999999995,-4.0867109164631E-14));
#11647=CARTESIAN_POINT('Origin',(-7.01173000061734,-6.99999999999995,-4.10782519111308E-14));
#11648=CARTESIAN_POINT('Origin',(-7.01173000061734,-6.99999999999995,-4.10782519111308E-14));
#11649=CARTESIAN_POINT('',(4.1437075202716,-10.7999999999999,-4.10782519111308E-14));
#11650=CARTESIAN_POINT('',(4.1134530019754,-10.7999999999999,-4.10782519111308E-14));
#11651=CARTESIAN_POINT('',(6.64828001811099,-8.29999999999995,-4.10782519111308E-14));
#11652=CARTESIAN_POINT('Origin',(4.1437075202716,-8.29999999999995,-4.10782519111308E-14));
#11653=CARTESIAN_POINT('',(6.64828001811099,11.9500000000001,-4.10782519111308E-14));
#11654=CARTESIAN_POINT('',(-1.71414284347165,-6.79999999999995,-4.10782519111308E-14));
#11655=CARTESIAN_POINT('',(-2.00200000061734,-6.79999999999995,-4.10782519111308E-14));
#11656=CARTESIAN_POINT('Origin',(-1.00000000061733,-6.09999999999995,-4.10782519111308E-14));
#11657=CARTESIAN_POINT('',(-1.71414284347163,11.6000000000001,-3.99680288865056E-14));
#11658=CARTESIAN_POINT('Origin',(-1.00000000061733,10.9000000000001,-3.99680288865056E-14));
#11659=CARTESIAN_POINT('',(-2.00200000061734,11.6000000000001,-3.99680288865056E-14));
#11660=CARTESIAN_POINT('Origin',(-3.00226000061736,-11.2999999999999,-1.50000000000004));
#11661=CARTESIAN_POINT('',(4.1437075202716,-11.2999999999999,-0.50000000000004));
#11662=CARTESIAN_POINT('',(4.12441697939821,-11.2999999999999,-0.181195702993087));
#11663=CARTESIAN_POINT('',(-7.01173000061599,-11.2999999999999,-0.500000000000042));
#11664=CARTESIAN_POINT('Origin',(-7.01173000061736,-6.99999999999995,-1.50000000000004));
#11665=CARTESIAN_POINT('',(-4.81173000061736,-6.99999999999995,-1.50000000000004));
#11666=CARTESIAN_POINT('Origin',(-7.01173000061734,14.0000000000001,-1.50000000000004));
#11667=CARTESIAN_POINT('',(-4.81173000061734,14.0000000000001,-1.50000000000004));
#11668=CARTESIAN_POINT('Origin',(1.99999999938266,2.40000000000005,4.99999999999996));
#11669=CARTESIAN_POINT('',(1.99999999938266,10.9000000000001,4.39999999999996));
#11670=CARTESIAN_POINT('',(1.99999999938266,10.9000000000001,4.99999999999996));
#11671=CARTESIAN_POINT('',(1.99999999938266,-6.09999999999995,4.39999999999996));
#11672=CARTESIAN_POINT('',(1.99999999938266,2.40000000000005,4.39999999999996));
#11673=CARTESIAN_POINT('',(1.99999999938266,-6.09999999999995,3.49999999999996));
#11674=CARTESIAN_POINT('Origin',(-3.00226000061734,11.9500000000001,4.99999999999996));
#11675=CARTESIAN_POINT('',(-1.00000000061733,11.3000000000001,4.99999999999996));
#11676=CARTESIAN_POINT('',(-1.40000000061734,10.9000000000001,4.99999999999996));
#11677=CARTESIAN_POINT('Origin',(-1.00000000061733,10.9000000000001,4.99999999999996));
#11678=CARTESIAN_POINT('',(-1.40000000061734,-6.09999999999995,4.99999999999996));
#11679=CARTESIAN_POINT('',(-1.40000000061734,-6.09999999999995,4.99999999999996));
#11680=CARTESIAN_POINT('',(-1.00000000061733,-6.49999999999995,4.99999999999996));
#11681=CARTESIAN_POINT('Origin',(-1.00000000061733,-6.09999999999995,4.99999999999996));
#11682=CARTESIAN_POINT('',(0.999999999382659,-6.49999999999995,4.99999999999996));
#11683=CARTESIAN_POINT('',(0.999999999382659,-6.49999999999995,4.99999999999996));
#11684=CARTESIAN_POINT('',(1.39999999938267,-6.09999999999995,4.99999999999996));
#11685=CARTESIAN_POINT('Origin',(0.999999999382659,-6.09999999999995,4.99999999999996));
#11686=CARTESIAN_POINT('',(1.39999999938267,10.9000000000001,4.99999999999996));
#11687=CARTESIAN_POINT('',(1.39999999938267,11.9500000000001,4.99999999999996));
#11688=CARTESIAN_POINT('',(0.999999999382659,11.3000000000001,4.99999999999996));
#11689=CARTESIAN_POINT('Origin',(0.999999999382659,10.9000000000001,4.99999999999996));
#11690=CARTESIAN_POINT('',(-3.00226000061734,11.3000000000001,4.99999999999996));
#11691=CARTESIAN_POINT('Origin',(-2.00200000061734,-6.94999999999995,1.74999999999996));
#11692=CARTESIAN_POINT('Origin',(0.999999999382659,-6.09999999999994,-8.16666666666663));
#11693=CARTESIAN_POINT('Origin',(-1.00000000061733,-6.09999999999994,-8.16666666666663));
#11694=CARTESIAN_POINT('Origin',(-2.00200000061733,11.7500000000001,1.74999999999996));
#11695=CARTESIAN_POINT('Origin',(0.999999999382659,10.9000000000001,-8.16666666666663));
#11696=CARTESIAN_POINT('Origin',(-1.00000000061733,10.9000000000001,-8.16666666666663));
#11697=CARTESIAN_POINT('Origin',(4.17792742424016,-8.29999999999995,-1.06553377636899));
#11698=CARTESIAN_POINT('',(7.1473671881084,-8.29999999999995,-0.469800716167866));
#11699=CARTESIAN_POINT('',(7.238130742997,-8.29999999999995,-1.96980071616786));
#11700=CARTESIAN_POINT('',(7.20970355427129,-8.29999999999995,-1.50000000000004));
#11701=CARTESIAN_POINT('Origin',(4.1437075202716,-8.29999999999995,-0.500000000000042));
#11702=CARTESIAN_POINT('Ctrl Pts',(6.73904357299959,-9.91185966637764,-1.50000000000004));
#11703=CARTESIAN_POINT('Ctrl Pts',(6.87276375077283,-9.70233707973366,-1.50000000000003));
#11704=CARTESIAN_POINT('Ctrl Pts',(6.99461000013575,-9.44710553498338,-1.55842174477067));
#11705=CARTESIAN_POINT('Ctrl Pts',(7.16907343805666,-8.93915642738096,-1.71297660259478));
#11706=CARTESIAN_POINT('Ctrl Pts',(7.23092936555975,-8.59205494184097,-1.85078746058135));
#11707=CARTESIAN_POINT('Ctrl Pts',(7.238130742997,-8.29999999999995,-1.96980071616787));
#11708=CARTESIAN_POINT('Origin',(0.999999999382659,-6.09999999999995,4.99999999999996));
#11709=CARTESIAN_POINT('Origin',(0.999999999382659,-6.09999999999995,4.39999999999996));
#11710=CARTESIAN_POINT('Origin',(0.999999999382659,10.9000000000001,4.99999999999996));
#11711=CARTESIAN_POINT('Origin',(0.999999999382659,10.9000000000001,4.39999999999996));
#11712=CARTESIAN_POINT('Origin',(-1.00000000061733,10.9000000000001,4.99999999999996));
#11713=CARTESIAN_POINT('Origin',(-1.00000000061733,10.9000000000001,4.39999999999996));
#11714=CARTESIAN_POINT('Origin',(-1.00000000061733,-6.09999999999995,4.99999999999996));
#11715=CARTESIAN_POINT('Origin',(-1.00000000061733,-6.09999999999995,4.39999999999996));
#11716=CARTESIAN_POINT('Ctrl Pts',(6.64404961556484,-8.28474920627749,-1.74825443810533E-5));
#11717=CARTESIAN_POINT('Ctrl Pts',(7.11864249408137,-8.28184357682251,0.00395145111409645));
#11718=CARTESIAN_POINT('Ctrl Pts',(7.14730805006715,-8.28166832976152,-0.469801310751385));
#11719=CARTESIAN_POINT('Ctrl Pts',(6.64830244274198,-8.94326399367753,-1.74806404451555E-5));
#11720=CARTESIAN_POINT('Ctrl Pts',(7.12368824136574,-9.06579298571734,0.00395082697576821));
#11721=CARTESIAN_POINT('Ctrl Pts',(7.15241696116307,-9.0732122100091,-0.469749944925988));
#11722=CARTESIAN_POINT('Ctrl Pts',(6.10531524426941,-10.2578892563052,-1.77237292853238E-5));
#11723=CARTESIAN_POINT('Ctrl Pts',(6.47535176005567,-10.6429879119407,0.00403101099140712));
#11724=CARTESIAN_POINT('Ctrl Pts',(6.50009131726298,-10.6535127719162,-0.476308533265601));
#11725=CARTESIAN_POINT('Ctrl Pts',(4.78816546309412,-10.7999164084127,-1.83131866937636E-5));
#11726=CARTESIAN_POINT('Ctrl Pts',(4.91159608492463,-11.2972319946807,0.00423101480200083));
#11727=CARTESIAN_POINT('Ctrl Pts',(4.91786296341314,-11.3050436203968,-0.49221651500414));
#11728=CARTESIAN_POINT('Ctrl Pts',(4.12842949467796,-10.7956371648635,-1.86083563746831E-5));
#11729=CARTESIAN_POINT('Ctrl Pts',(4.12535284233284,-11.3001268830194,0.00433407609320702));
#11730=CARTESIAN_POINT('Ctrl Pts',(4.12535348742878,-11.2999409340127,-0.500184534437551));
#11731=CARTESIAN_POINT('Origin',(6.64828001811099,-8.29999999999995,-0.500000000000042));
#11732=CARTESIAN_POINT('Origin',(4.1437075202716,-10.7999999999999,-0.50000000000004));
#11733=CARTESIAN_POINT('Origin',(-3.00226000061734,-10.7999999999999,-0.50000000000004));
#11734=CARTESIAN_POINT('Origin',(6.73904357299961,1.20000000000005,-2.00000000000004));
#11735=CARTESIAN_POINT('',(7.23813074299699,-32.8019999999999,-1.96980071616786));
#11736=CARTESIAN_POINT('Origin',(1.39999999938267,11.9500000000001,4.99999999999996));
#11737=CARTESIAN_POINT('',(1.39999999938267,10.9000000000001,4.99999999999996));
#11738=CARTESIAN_POINT('',(1.99999999938266,-6.09999999999995,4.39999999999996));
#11739=CARTESIAN_POINT('Origin',(0.999999999382659,-6.09999999999995,4.99999999999996));
#11740=CARTESIAN_POINT('',(0.999999999382659,-7.09999999999995,4.39999999999996));
#11741=CARTESIAN_POINT('Origin',(0.999999999382659,10.9000000000001,4.99999999999996));
#11742=CARTESIAN_POINT('',(0.999999999382659,11.3000000000001,4.99999999999996));
#11743=CARTESIAN_POINT('Origin',(-6.17337292396769E-10,-7.09999999999995,
4.39999999999996));
#11744=CARTESIAN_POINT('',(-1.00000000061733,-7.09999999999995,4.39999999999996));
#11745=CARTESIAN_POINT('Origin',(-3.00226000061734,11.3000000000001,4.99999999999996));
#11746=CARTESIAN_POINT('',(-1.00000000061733,11.3000000000001,4.99999999999996));
#11747=CARTESIAN_POINT('Origin',(-1.00000000061733,-6.09999999999995,4.99999999999996));
#11748=CARTESIAN_POINT('',(-2.00000000061735,-6.09999999999995,4.39999999999996));
#11749=CARTESIAN_POINT('Origin',(-1.00000000061733,10.9000000000001,4.99999999999996));
#11750=CARTESIAN_POINT('',(-1.40000000061734,10.9000000000001,4.99999999999996));
#11751=CARTESIAN_POINT('Origin',(-2.00000000061735,2.40000000000005,4.39999999999996));
#11752=CARTESIAN_POINT('Origin',(6.64828001811099,11.9500000000001,-0.50000000000004));
#11753=CARTESIAN_POINT('',(7.14736718810839,-32.8019999999999,-0.469800716167866));
#11754=CARTESIAN_POINT('Origin',(8.91432177682695,-32.8019999999999,-29.6713));
#11755=CARTESIAN_POINT('',(7.3488743384338,-12.351,-3.79999999999996));
#11756=CARTESIAN_POINT('Origin',(-229.215719599207,8.10000000000002,-3.80000000000037));
#11757=CARTESIAN_POINT('',(8.8999720284338,2.60000000000004,-3.79999999999995));
#11758=CARTESIAN_POINT('Origin',(8.89997202843379,4.00000000000002,6.90000000000005));
#11759=CARTESIAN_POINT('',(8.89997202843383,-11.9,-18.6831562232634));
#11760=CARTESIAN_POINT('',(8.89997202843383,-11.9,-18.6831562232634));
#11761=CARTESIAN_POINT('',(8.89997202843379,-11.9,6.90000000000005));
#11762=CARTESIAN_POINT('',(8.89997202843383,20.2,-18.6831562232634));
#11763=CARTESIAN_POINT('Origin',(7.14997202843394,-17.5,-43.8725263376767));
#11764=CARTESIAN_POINT('',(6.84997202843389,-17.2,-13.3968167058905));
#11765=CARTESIAN_POINT('',(6.8499720284339,-17.2,-16.8031832941094));
#11766=CARTESIAN_POINT('',(6.84997202843395,-17.2,-43.8725263376767));
#11767=CARTESIAN_POINT('',(6.8499720284339,-17.2,-16.8031832941094));
#11768=CARTESIAN_POINT('',(6.84997202843389,-17.2,-13.3968167058905));
#11769=CARTESIAN_POINT('Origin',(6.69009139817628,-17.5,-20.4636529189246));
#11770=CARTESIAN_POINT('',(3.89997202843383,-17.2,-18.5063665882188));
#11771=CARTESIAN_POINT('',(3.89997202843382,-17.8,-19.1991869112463));
#11772=CARTESIAN_POINT('',(0.949972028433761,-17.2,-16.8031832941094));
#11773=CARTESIAN_POINT('',(6.84009139817627,-17.2,-20.2038452977892));
#11774=CARTESIAN_POINT('',(0.949972028433761,-17.2,-16.8031832941094));
#11775=CARTESIAN_POINT('Origin',(-14.2401473413086,-17.5,-29.3259795509853));
#11776=CARTESIAN_POINT('',(-14.3901473413086,-17.2,-29.06617192985));
#11777=CARTESIAN_POINT('Origin',(0.649972028433812,-17.5,-42.1693430435673));
#11778=CARTESIAN_POINT('',(0.949972028433752,-17.2,-13.3968167058905));
#11779=CARTESIAN_POINT('',(0.949972028433805,-17.2,-42.1693430435673));
#11780=CARTESIAN_POINT('',(0.949972028433752,-17.2,-13.3968167058905));
#11781=CARTESIAN_POINT('Origin',(-16.0151473413086,-17.5,-22.8452227793316));
#11782=CARTESIAN_POINT('',(3.89997202843382,-17.2,-11.6936334117811));
#11783=CARTESIAN_POINT('',(-15.8651473413086,-17.2,-23.1050304004669));
#11784=CARTESIAN_POINT('',(3.89997202843382,-17.2,-11.6936334117811));
#11785=CARTESIAN_POINT('Origin',(11.4150913981764,-17.5,-15.6860794413803));
#11786=CARTESIAN_POINT('',(11.2650913981764,-17.2,-15.9458870625157));
#11787=CARTESIAN_POINT('Origin',(3.89997202843382,-17.8,-11.6936334117811));
#11788=CARTESIAN_POINT('',(0.949972028433752,-15.3,-13.3968167058905));
#11789=CARTESIAN_POINT('',(0.949972028433752,-17.8,-13.3968167058905));
#11790=CARTESIAN_POINT('',(3.89997202843382,-15.3,-11.6936334117811));
#11791=CARTESIAN_POINT('',(-5.65599664802131,-15.3,-17.2107744995001));
#11792=CARTESIAN_POINT('',(3.89997202843382,-17.8,-11.6936334117811));
#11793=CARTESIAN_POINT('Origin',(0.949972028433752,-17.8,-13.3968167058905));
#11794=CARTESIAN_POINT('',(0.949972028433761,-15.3,-16.8031832941094));
#11795=CARTESIAN_POINT('',(0.949972028433761,-17.8,-16.8031832941094));
#11796=CARTESIAN_POINT('',(0.94997202843377,-15.3,-21.6234083529452));
#11797=CARTESIAN_POINT('Origin',(0.949972028433761,-17.8,-16.8031832941094));
#11798=CARTESIAN_POINT('',(3.89997202843383,-15.3,-18.5063665882188));
#11799=CARTESIAN_POINT('',(3.89997202843383,-17.8,-18.5063665882188));
#11800=CARTESIAN_POINT('',(-0.744059295111077,-15.3,-15.8251338534451));
#11801=CARTESIAN_POINT('Origin',(-22.2769561250187,-17.5,-61.6141151859982));
#11802=CARTESIAN_POINT('',(-22.5769561250187,-17.2,-48.8799944025336));
#11803=CARTESIAN_POINT('',(-22.5769561250187,-17.2,-52.2863609907524));
#11804=CARTESIAN_POINT('',(-22.5769561250187,-17.2,-61.6141151859982));
#11805=CARTESIAN_POINT('',(-22.5769561250187,-17.2,-52.2863609907524));
#11806=CARTESIAN_POINT('',(-22.5769561250187,-17.2,-48.8799944025336));
#11807=CARTESIAN_POINT('Origin',(-24.9496441141438,-17.5,-54.0026432014906));
#11808=CARTESIAN_POINT('',(-25.0996441141438,-17.2,-53.7428355803552));
#11809=CARTESIAN_POINT('Origin',(-14.6590720208041,-17.5,-53.1049767600004));
#11810=CARTESIAN_POINT('',(-14.8090720208041,-17.2,-53.3647843811357));
#11811=CARTESIAN_POINT('Origin',(-25.5269561250187,-17.8,-47.1768111084242));
#11812=CARTESIAN_POINT('',(-28.4769561250187,-15.3,-48.8799944025336));
#11813=CARTESIAN_POINT('',(-28.4769561250187,-17.8,-48.8799944025336));
#11814=CARTESIAN_POINT('',(-25.5269561250187,-15.3,-47.1768111084242));
#11815=CARTESIAN_POINT('',(-16.3654934208565,-15.3,-41.8874381500055));
#11816=CARTESIAN_POINT('',(-25.5269561250187,-17.8,-47.1768111084242));
#11817=CARTESIAN_POINT('Origin',(-28.4769561250187,-17.8,-48.8799944025336));
#11818=CARTESIAN_POINT('',(-28.4769561250187,-15.3,-52.2863609907525));
#11819=CARTESIAN_POINT('',(-28.4769561250187,-17.8,-52.2863609907525));
#11820=CARTESIAN_POINT('',(-28.4769561250187,-15.3,-39.3649972012668));
#11821=CARTESIAN_POINT('Origin',(-28.4769561250187,-17.8,-52.2863609907525));
#11822=CARTESIAN_POINT('',(-25.5269561250187,-15.3,-53.9895442848618));
#11823=CARTESIAN_POINT('',(-25.5269561250187,-17.8,-53.9895442848618));
#11824=CARTESIAN_POINT('',(-26.8182227140911,-15.3,-53.2440311720653));
#11825=CARTESIAN_POINT('Origin',(-22.8460618160755,-17.5,-44.1164287767011));
#11826=CARTESIAN_POINT('',(-23.1460618160756,-17.2,-13.8846215839393));
#11827=CARTESIAN_POINT('',(-23.1460618160756,-17.2,-17.2909881721582));
#11828=CARTESIAN_POINT('',(-23.1460618160755,-17.2,-44.1164287767011));
#11829=CARTESIAN_POINT('',(-23.1460618160756,-17.2,-17.2909881721582));
#11830=CARTESIAN_POINT('',(-22.5460618160756,-17.8,-13.5382114224256));
#11831=CARTESIAN_POINT('Origin',(-32.8820556400069,-17.5,-23.2584769887473));
#11832=CARTESIAN_POINT('',(-33.0320556400069,-17.2,-22.998669367612));
#11833=CARTESIAN_POINT('Origin',(-7.43804260876213,-17.5,-22.6072405402038));
#11834=CARTESIAN_POINT('',(-7.58804260876213,-17.2,-22.8670481613391));
#11835=CARTESIAN_POINT('Origin',(-29.0460618160758,-17.8,-17.2909881721583));
#11836=CARTESIAN_POINT('',(-26.0960618160757,-15.3,-18.9941714662677));
#11837=CARTESIAN_POINT('',(-26.0960618160757,-17.8,-18.9941714662677));
#11838=CARTESIAN_POINT('',(-29.0460618160758,-15.3,-17.2909881721583));
#11839=CARTESIAN_POINT('',(-19.5971933020496,-15.3,-22.7462949522686));
#11840=CARTESIAN_POINT('',(-29.0460618160758,-17.8,-17.2909881721583));
#11841=CARTESIAN_POINT('Origin',(-26.0960618160757,-17.8,-18.9941714662677));
#11842=CARTESIAN_POINT('',(-23.1460618160756,-15.3,-17.2909881721582));
#11843=CARTESIAN_POINT('',(-23.1460618160756,-17.8,-17.2909881721582));
#11844=CARTESIAN_POINT('',(-22.8229049467196,-15.3,-17.1044134666451));
#11845=CARTESIAN_POINT('Origin',(-23.1460618160756,-17.8,-17.2909881721582));
#11846=CARTESIAN_POINT('',(-23.1460618160756,-15.3,-13.8846215839393));
#11847=CARTESIAN_POINT('',(-23.1460618160756,-17.8,-13.8846215839393));
#11848=CARTESIAN_POINT('',(-23.1460618160756,-15.3,-23.5704940860791));
#11849=CARTESIAN_POINT('Origin',(3.89997202843383,-17.8,-18.5063665882188));
#11850=CARTESIAN_POINT('',(6.8499720284339,-15.3,-16.8031832941094));
#11851=CARTESIAN_POINT('',(6.8499720284339,-17.8,-16.8031832941094));
#11852=CARTESIAN_POINT('',(-4.18099664802127,-15.3,-23.1719160288831));
#11853=CARTESIAN_POINT('Origin',(6.84997202843389,-17.8,-13.3968167058905));
#11854=CARTESIAN_POINT('',(6.84997202843389,-15.3,-13.3968167058905));
#11855=CARTESIAN_POINT('',(3.68094070488903,-15.3,-11.5671756181715));
#11856=CARTESIAN_POINT('',(6.84997202843389,-17.8,-13.3968167058905));
#11857=CARTESIAN_POINT('Origin',(6.8499720284339,-17.8,-16.8031832941094));
#11858=CARTESIAN_POINT('',(6.84997202843391,-15.3,-23.3265916470547));
#11859=CARTESIAN_POINT('Origin',(-25.5269561250187,-17.8,-53.9895442848618));
#11860=CARTESIAN_POINT('',(-22.5769561250187,-15.3,-52.2863609907524));
#11861=CARTESIAN_POINT('',(-22.5769561250187,-17.8,-52.2863609907524));
#11862=CARTESIAN_POINT('',(-14.8904934208565,-15.3,-47.8485796793883));
#11863=CARTESIAN_POINT('Origin',(-22.5769561250187,-17.8,-48.8799944025336));
#11864=CARTESIAN_POINT('',(-22.5769561250187,-15.3,-48.8799944025336));
#11865=CARTESIAN_POINT('',(-22.3932227140914,-15.3,-48.9860729367916));
#11866=CARTESIAN_POINT('',(-22.5769561250187,-17.8,-48.8799944025336));
#11867=CARTESIAN_POINT('Origin',(-22.5769561250187,-17.8,-52.2863609907524));
#11868=CARTESIAN_POINT('',(-22.5769561250187,-15.3,-41.0681804953762));
#11869=CARTESIAN_POINT('Origin',(-23.1460618160756,-17.8,-13.8846215839393));
#11870=CARTESIAN_POINT('',(-26.0960618160757,-15.3,-12.1814382898299));
#11871=CARTESIAN_POINT('',(-26.0960618160757,-17.8,-12.1814382898299));
#11872=CARTESIAN_POINT('',(-15.1721933020495,-15.3,-18.488336716995));
#11873=CARTESIAN_POINT('Origin',(-29.0460618160758,-17.8,-13.8846215839394));
#11874=CARTESIAN_POINT('',(-29.0460618160758,-15.3,-13.8846215839394));
#11875=CARTESIAN_POINT('',(-29.0460618160757,-15.3,-21.8673107919697));
#11876=CARTESIAN_POINT('',(-29.0460618160758,-17.8,-13.8846215839394));
#11877=CARTESIAN_POINT('Origin',(-26.0960618160757,-17.8,-12.1814382898299));
#11878=CARTESIAN_POINT('',(-24.2979049467197,-15.3,-11.1432719372621));
#11879=CARTESIAN_POINT('Origin',(3.89997202843382,20.2,-15.0999999999999));
#11880=CARTESIAN_POINT('',(5.69997202843382,-11.9,-15.0999999999999));
#11881=CARTESIAN_POINT('Origin',(3.89997202843382,-11.9,-15.0999999999999));
#11882=CARTESIAN_POINT('',(5.69997202843382,-14.7,-15.0999999999999));
#11883=CARTESIAN_POINT('',(5.69997202843382,20.2,-15.0999999999999));
#11884=CARTESIAN_POINT('Origin',(3.89997202843382,-14.7,-15.0999999999999));
#11885=CARTESIAN_POINT('Origin',(-26.0960618160757,20.2,-15.5878048780488));
#11886=CARTESIAN_POINT('',(-24.2960618160757,-11.9,-15.5878048780488));
#11887=CARTESIAN_POINT('Origin',(-26.0960618160757,-11.9,-15.5878048780488));
#11888=CARTESIAN_POINT('',(-24.2960618160757,-14.7,-15.5878048780488));
#11889=CARTESIAN_POINT('',(-24.2960618160757,20.2,-15.5878048780488));
#11890=CARTESIAN_POINT('Origin',(-26.0960618160757,-14.7,-15.5878048780488));
#11891=CARTESIAN_POINT('Origin',(-25.5269561250187,20.2,-50.583177696643));
#11892=CARTESIAN_POINT('',(-23.7269561250187,-11.9,-50.583177696643));
#11893=CARTESIAN_POINT('Origin',(-25.5269561250187,-11.9,-50.583177696643));
#11894=CARTESIAN_POINT('',(-23.7269561250187,-14.7,-50.583177696643));
#11895=CARTESIAN_POINT('',(-23.7269561250187,20.2,-50.583177696643));
#11896=CARTESIAN_POINT('Origin',(-25.5269561250187,-14.7,-50.583177696643));
#11897=CARTESIAN_POINT('Origin',(-25.6000279715661,-17.8,-55.9));
#11898=CARTESIAN_POINT('',(-27.1000279715661,-11.9,-55.9));
#11899=CARTESIAN_POINT('',(-27.1000279715661,-17.8,-55.9));
#11900=CARTESIAN_POINT('',(-22.0075271203194,-11.9,-55.9));
#11901=CARTESIAN_POINT('',(232.694027084965,-11.9,-55.8999999999996));
#11902=CARTESIAN_POINT('',(-22.0075271203194,-17.8,-55.9));
#11903=CARTESIAN_POINT('Origin',(-5.60002797156613,-17.8,-38.));
#11904=CARTESIAN_POINT('',(-18.8993565360432,-11.9,-54.417791814078));
#11905=CARTESIAN_POINT('',(-18.8993565360432,-17.8,-54.417791814078));
#11906=CARTESIAN_POINT('',(8.00814261270984,-11.9,-21.2009480373418));
#11907=CARTESIAN_POINT('',(-5.60002797156613,-11.9,-38.));
#11908=CARTESIAN_POINT('',(8.00814261270984,-17.8,-21.2009480373418));
#11909=CARTESIAN_POINT('Origin',(-25.6000279715661,-17.8,-55.9));
#11910=CARTESIAN_POINT('',(-22.0075271203194,-17.8,-55.9));
#11911=CARTESIAN_POINT('',(-27.1000279715661,-17.8,-55.9));
#11912=CARTESIAN_POINT('Origin',(232.694027084965,-11.9,-32.6999999999995));
#11913=CARTESIAN_POINT('Origin',(4.89997202843383,-11.9,-18.6831562232634));
#11914=CARTESIAN_POINT('Origin',(-22.0075271203194,-11.9,-51.9));
#11915=CARTESIAN_POINT('',(-31.1000279715661,-11.9,-51.9));
#11916=CARTESIAN_POINT('Origin',(-27.1000279715661,-11.9,-51.9));
#11917=CARTESIAN_POINT('',(-31.1000279715661,-11.9,-32.7));
#11918=CARTESIAN_POINT('Origin',(3.89997202843382,20.2,-15.0999999999999));
#11919=CARTESIAN_POINT('',(5.69997202843382,16.6,-15.0999999999999));
#11920=CARTESIAN_POINT('',(2.09997202843382,16.6,-15.0999999999999));
#11921=CARTESIAN_POINT('Origin',(3.89997202843382,16.6,-15.0999999999999));
#11922=CARTESIAN_POINT('Origin',(3.89997202843382,16.6,-15.0999999999999));
#11923=CARTESIAN_POINT('',(5.69997202843382,20.2,-15.0999999999999));
#11924=CARTESIAN_POINT('Origin',(7.14997202843382,17.2,-15.0999999999999));
#11925=CARTESIAN_POINT('',(7.14997202843382,17.2,-15.0999999999999));
#11926=CARTESIAN_POINT('Origin',(3.89997202843382,17.2,-15.0999999999999));
#11927=CARTESIAN_POINT('',(1.49997202843382,17.2,-15.0999999999999));
#11928=CARTESIAN_POINT('Origin',(3.89997202843382,17.2,-15.0999999999999));
#11929=CARTESIAN_POINT('Origin',(3.89997202843382,20.2,-15.0999999999999));
#11930=CARTESIAN_POINT('',(7.14997202843382,19.6,-15.0999999999999));
#11931=CARTESIAN_POINT('',(0.649972028433824,19.6,-15.1));
#11932=CARTESIAN_POINT('Origin',(3.89997202843382,19.6,-15.0999999999999));
#11933=CARTESIAN_POINT('Origin',(3.89997202843382,19.6,-15.0999999999999));
#11934=CARTESIAN_POINT('',(7.14997202843382,20.2,-15.0999999999999));
#11935=CARTESIAN_POINT('Origin',(-26.0960618160757,20.2,-15.5878048780488));
#11936=CARTESIAN_POINT('',(-24.2960618160757,16.6,-15.5878048780488));
#11937=CARTESIAN_POINT('',(-27.8960618160757,16.6,-15.5878048780488));
#11938=CARTESIAN_POINT('Origin',(-26.0960618160757,16.6,-15.5878048780488));
#11939=CARTESIAN_POINT('Origin',(-26.0960618160757,16.6,-15.5878048780488));
#11940=CARTESIAN_POINT('',(-24.2960618160757,20.2,-15.5878048780488));
#11941=CARTESIAN_POINT('Origin',(-22.8460618160757,17.2,-15.5878048780488));
#11942=CARTESIAN_POINT('',(-22.8460618160757,17.2,-15.5878048780488));
#11943=CARTESIAN_POINT('Origin',(-26.0960618160757,17.2,-15.5878048780488));
#11944=CARTESIAN_POINT('',(-28.4960618160757,17.2,-15.5878048780488));
#11945=CARTESIAN_POINT('Origin',(-26.0960618160757,17.2,-15.5878048780488));
#11946=CARTESIAN_POINT('Origin',(-26.0960618160757,20.2,-15.5878048780488));
#11947=CARTESIAN_POINT('',(-22.8460618160757,20.2,-15.5878048780488));
#11948=CARTESIAN_POINT('Origin',(-25.5269561250187,20.2,-50.583177696643));
#11949=CARTESIAN_POINT('',(-23.7269561250187,16.6,-50.583177696643));
#11950=CARTESIAN_POINT('',(-27.3269561250187,16.6,-50.583177696643));
#11951=CARTESIAN_POINT('Origin',(-25.5269561250187,16.6,-50.583177696643));
#11952=CARTESIAN_POINT('Origin',(-25.5269561250187,16.6,-50.583177696643));
#11953=CARTESIAN_POINT('',(-23.7269561250187,20.2,-50.583177696643));
#11954=CARTESIAN_POINT('Origin',(-22.2769561250187,17.2,-50.583177696643));
#11955=CARTESIAN_POINT('',(-22.2769561250187,17.2,-50.583177696643));
#11956=CARTESIAN_POINT('Origin',(-25.5269561250187,17.2,-50.583177696643));
#11957=CARTESIAN_POINT('',(-27.9269561250187,17.2,-50.583177696643));
#11958=CARTESIAN_POINT('Origin',(-25.5269561250187,17.2,-50.583177696643));
#11959=CARTESIAN_POINT('Origin',(-25.5269561250187,20.2,-50.583177696643));
#11960=CARTESIAN_POINT('',(-22.2769561250187,19.6,-50.583177696643));
#11961=CARTESIAN_POINT('',(-28.7769561250187,19.6,-50.583177696643));
#11962=CARTESIAN_POINT('Origin',(-25.5269561250187,19.6,-50.583177696643));
#11963=CARTESIAN_POINT('Origin',(-25.5269561250187,19.6,-50.583177696643));
#11964=CARTESIAN_POINT('',(-22.2769561250187,20.2,-50.583177696643));
#11965=CARTESIAN_POINT('Origin',(-11.1000279715662,-15.3,-29.85));
#11966=CARTESIAN_POINT('',(-23.1269561250187,-15.3,-50.583177696643));
#11967=CARTESIAN_POINT('Origin',(-25.5269561250187,-15.3,-50.583177696643));
#11968=CARTESIAN_POINT('Origin',(-11.1000279715662,-15.3,-29.85));
#11969=CARTESIAN_POINT('',(-23.6960618160757,-15.3,-15.5878048780488));
#11970=CARTESIAN_POINT('Origin',(-26.0960618160757,-15.3,-15.5878048780488));
#11971=CARTESIAN_POINT('Origin',(-11.1000279715662,-15.3,-29.85));
#11972=CARTESIAN_POINT('',(6.29997202843382,-15.3,-15.0999999999999));
#11973=CARTESIAN_POINT('Origin',(3.89997202843382,-15.3,-15.0999999999999));
#11974=CARTESIAN_POINT('Origin',(-11.1000279715662,19.9,-10.1));
#11975=CARTESIAN_POINT('',(-1.10002797156619,19.9,-10.1));
#11976=CARTESIAN_POINT('',(-1.10002797156619,19.9,-10.1));
#11977=CARTESIAN_POINT('',(-21.1000279715662,19.9,-10.1));
#11978=CARTESIAN_POINT('',(-11.1000279715662,19.9,-10.1));
#11979=CARTESIAN_POINT('',(-21.1000279715662,19.9,-10.1));
#11980=CARTESIAN_POINT('Origin',(-1.10002797156617,19.9,-20.1));
#11981=CARTESIAN_POINT('',(-1.10002797156615,19.9,-30.1));
#11982=CARTESIAN_POINT('',(-1.10002797156615,19.9,-30.1));
#11983=CARTESIAN_POINT('',(-1.10002797156617,19.9,-20.1));
#11984=CARTESIAN_POINT('Origin',(-11.1000279715662,19.9,-30.1));
#11985=CARTESIAN_POINT('',(-21.1000279715661,19.9,-30.1));
#11986=CARTESIAN_POINT('',(-21.1000279715661,19.9,-30.1));
#11987=CARTESIAN_POINT('',(-11.1000279715662,19.9,-30.1));
#11988=CARTESIAN_POINT('Origin',(-1.70002797156617,19.9,-20.1));
#11989=CARTESIAN_POINT('',(-1.70002797156619,20.2,-10.7));
#11990=CARTESIAN_POINT('',(-1.70002797156616,20.2,-29.5));
#11991=CARTESIAN_POINT('',(-1.70002797156617,20.2,-20.1));
#11992=CARTESIAN_POINT('',(-1.70002797156619,19.9,-10.7));
#11993=CARTESIAN_POINT('',(-1.70002797156619,19.9,-10.7));
#11994=CARTESIAN_POINT('',(-1.70002797156616,19.9,-29.5));
#11995=CARTESIAN_POINT('',(-1.70002797156617,19.9,-20.1));
#11996=CARTESIAN_POINT('',(-1.70002797156616,19.9,-29.5));
#11997=CARTESIAN_POINT('Origin',(-11.1000279715662,19.9,-10.7));
#11998=CARTESIAN_POINT('',(-20.5000279715662,20.2,-10.7));
#11999=CARTESIAN_POINT('',(-11.1000279715662,20.2,-10.7));
#12000=CARTESIAN_POINT('',(-20.5000279715662,19.9,-10.7));
#12001=CARTESIAN_POINT('',(-20.5000279715662,19.9,-10.7));
#12002=CARTESIAN_POINT('',(-11.1000279715662,19.9,-10.7));
#12003=CARTESIAN_POINT('Origin',(-20.5000279715662,19.9,-20.1));
#12004=CARTESIAN_POINT('',(-20.5000279715662,20.2,-29.5));
#12005=CARTESIAN_POINT('',(-20.5000279715662,20.2,-20.1));
#12006=CARTESIAN_POINT('',(-20.5000279715662,19.9,-29.5));
#12007=CARTESIAN_POINT('',(-20.5000279715662,19.9,-29.5));
#12008=CARTESIAN_POINT('',(-20.5000279715662,19.9,-20.1));
#12009=CARTESIAN_POINT('Origin',(-11.1000279715662,19.9,-29.5));
#12010=CARTESIAN_POINT('',(-11.1000279715662,20.2,-29.5));
#12011=CARTESIAN_POINT('',(-11.1000279715662,19.9,-29.5));
#12012=CARTESIAN_POINT('Origin',(-21.1000279715662,19.9,-20.1));
#12013=CARTESIAN_POINT('',(-21.1000279715662,19.9,-20.1));
#12014=CARTESIAN_POINT('Origin',(-14.6000279715662,19.9,-17.25));
#12015=CARTESIAN_POINT('Origin',(5.39997202843378,20.2,9.15000000000004));
#12016=CARTESIAN_POINT('Origin',(-25.5269561250187,-14.7,-50.583177696643));
#12017=CARTESIAN_POINT('',(-23.7269561250187,-14.7,-50.583177696643));
#12018=CARTESIAN_POINT('Origin',(-26.0960618160757,-14.7,-15.5878048780488));
#12019=CARTESIAN_POINT('',(-24.2960618160757,-14.7,-15.5878048780488));
#12020=CARTESIAN_POINT('Origin',(3.89997202843382,-14.7,-15.0999999999999));
#12021=CARTESIAN_POINT('',(5.69997202843382,-14.7,-15.0999999999999));
#12022=CARTESIAN_POINT('Origin',(-25.5269561250187,17.2,-50.583177696643));
#12023=CARTESIAN_POINT('',(-27.9269561250187,17.2,-50.583177696643));
#12024=CARTESIAN_POINT('Origin',(-26.0960618160757,17.2,-15.5878048780488));
#12025=CARTESIAN_POINT('',(-28.4960618160757,17.2,-15.5878048780488));
#12026=CARTESIAN_POINT('Origin',(3.89997202843382,17.2,-15.0999999999999));
#12027=CARTESIAN_POINT('',(1.49997202843382,17.2,-15.0999999999999));
#12028=CARTESIAN_POINT('Origin',(3.89997202843382,20.2,-15.0999999999999));
#12029=CARTESIAN_POINT('',(0.0499720284338223,20.2,-15.1));
#12030=CARTESIAN_POINT('Origin',(-25.5269561250187,20.2,-50.583177696643));
#12031=CARTESIAN_POINT('',(-29.3769561250187,20.2,-50.583177696643));
#12032=CARTESIAN_POINT('Origin',(4.89997202843383,4.00000000000003,-18.6831562232634));
#12033=CARTESIAN_POINT('Origin',(4.89997202843383,4.00000000000003,-18.6831562232634));
#12034=CARTESIAN_POINT('Origin',(-22.0075271203194,-17.8,-51.9));
#12035=CARTESIAN_POINT('Origin',(-22.0075271203194,-17.8,-51.9));
#12036=CARTESIAN_POINT('Origin',(-27.1000279715661,-17.8,-51.9));
#12037=CARTESIAN_POINT('',(-31.1000279715661,-17.8,-51.9));
#12038=CARTESIAN_POINT('Origin',(-27.1000279715661,-17.8,-51.9));
#12039=CARTESIAN_POINT('',(-31.1000279715661,-17.8,-51.9));
#12040=CARTESIAN_POINT('Origin',(-31.1000279715661,-17.8,-30.5));
#12041=CARTESIAN_POINT('',(0.,0.,0.));
#12042=CARTESIAN_POINT('Origin',(-25.2375,43.9289321881347,-21.));
#12043=CARTESIAN_POINT('',(-31.1739859903992,47.4644660940673,-24.5355339059327));
#12044=CARTESIAN_POINT('',(-30.3080480832326,43.9289321881346,-26.));
#12045=CARTESIAN_POINT('Ctrl Pts',(-31.1739859903992,47.4644660940673,-24.5355339059327));
#12046=CARTESIAN_POINT('Ctrl Pts',(-31.2085929430131,47.2045474396239,-24.7954525603762));
#12047=CARTESIAN_POINT('Ctrl Pts',(-31.2258711573375,46.9167243551698,-25.0255432686723));
#12048=CARTESIAN_POINT('Ctrl Pts',(-31.2006971555821,46.2696858622424,-25.4366205550902));
#12049=CARTESIAN_POINT('Ctrl Pts',(-31.1478645527086,45.8750120934675,-25.624705643083));
#12050=CARTESIAN_POINT('Ctrl Pts',(-30.9287099253024,45.0791753643372,-25.8838580431291));
#12051=CARTESIAN_POINT('Ctrl Pts',(-30.7611501469206,44.6786748689747,-25.9559101783853));
#12052=CARTESIAN_POINT('Ctrl Pts',(-30.4868889232456,44.1974349697916,-25.9945259510844));
#12053=CARTESIAN_POINT('Ctrl Pts',(-30.401752250842,44.0622178506524,-26.));
#12054=CARTESIAN_POINT('Ctrl Pts',(-30.3080480832326,43.9289321881346,-26.));
#12055=CARTESIAN_POINT('',(-40.,43.9289321881345,-26.));
#12056=CARTESIAN_POINT('',(-25.2375,43.9289321881347,-26.));
#12057=CARTESIAN_POINT('',(-40.,44.1505739955167,-25.9950850752735));
#12058=CARTESIAN_POINT('Origin',(-40.0000000000004,43.9289321881345,-21.));
#12059=CARTESIAN_POINT('',(-39.2813542119007,47.4644660940673,-24.5355339059327));
#12060=CARTESIAN_POINT('Ctrl Pts',(-40.,44.1505739955167,-25.9950850752735));
#12061=CARTESIAN_POINT('Ctrl Pts',(-40.,44.7251960988843,-25.9695879556784));
#12062=CARTESIAN_POINT('Ctrl Pts',(-39.9339358191066,45.317477548878,-25.8392721822791));
#12063=CARTESIAN_POINT('Ctrl Pts',(-39.680958384042,46.4736898057518,-25.3550147012559));
#12064=CARTESIAN_POINT('Ctrl Pts',(-39.4809366385005,47.0249547759904,-24.9735193563535));
#12065=CARTESIAN_POINT('Ctrl Pts',(-39.2832328779634,47.4603359201771,-24.5396604632339));
#12066=CARTESIAN_POINT('Ctrl Pts',(-39.2822938105414,47.4624015879467,-24.5375984120533));
#12067=CARTESIAN_POINT('Ctrl Pts',(-39.2813542119007,47.4644660940673,-24.5355339059327));
#12068=CARTESIAN_POINT('',(-25.2375,47.4644660940674,-24.5355339059327));
#12069=CARTESIAN_POINT('Origin',(-30.4749999999999,48.7500000000001,-23.25));
#12070=CARTESIAN_POINT('',(-39.1882865753566,47.6617755150178,-24.3382244849822));
#12071=CARTESIAN_POINT('Origin',(-32.,44.1505739955167,-27.8494260044834));
#12072=CARTESIAN_POINT('',(-38.0287968997943,50.0355339059328,-21.9644660940673));
#12073=CARTESIAN_POINT('',(-26.933853970488,72.7495902966386,0.74959029663843));
#12074=CARTESIAN_POINT('',(-30.2739426748407,50.0355339059328,-21.9644660940673));
#12075=CARTESIAN_POINT('',(-25.7124999999998,50.0355339059329,-21.9644660940673));
#12076=CARTESIAN_POINT('',(-30.8148743919117,48.7708318284203,-23.2291681715798));
#12077=CARTESIAN_POINT('',(-30.1236986876525,50.3868053820434,-21.6131946179566));
#12078=CARTESIAN_POINT('Origin',(-26.2177244965039,46.8045630677592,-25.1954369322409));
#12079=CARTESIAN_POINT('Origin',(-32.,44.1505739955167,-6.5));
#12080=CARTESIAN_POINT('',(-40.,44.1505739955167,-0.00491492472647015));
#12081=CARTESIAN_POINT('',(-40.,44.1505739955167,-6.5));
#12082=CARTESIAN_POINT('',(-39.2813542119007,47.4644660940673,-1.46446609406726));
#12083=CARTESIAN_POINT('Ctrl Pts',(-39.2813542119007,47.4644660940673,-1.46446609406726));
#12084=CARTESIAN_POINT('Ctrl Pts',(-39.4786849981259,47.0308866929614,-1.03088669296139));
#12085=CARTESIAN_POINT('Ctrl Pts',(-39.6794795376847,46.4788955060306,-0.647811854178056));
#12086=CARTESIAN_POINT('Ctrl Pts',(-39.9335834495048,45.3204542296313,-0.161406115349653));
#12087=CARTESIAN_POINT('Ctrl Pts',(-40.,44.7267131474356,-0.0304793587672555));
#12088=CARTESIAN_POINT('Ctrl Pts',(-40.,44.1505739955167,-0.00491492472647072));
#12089=CARTESIAN_POINT('',(-39.1882865753566,47.6617755150178,-1.66177551501784));
#12090=CARTESIAN_POINT('Origin',(-32.,44.1505739955167,1.84942600448337));
#12091=CARTESIAN_POINT('',(-39.1882865753566,47.6617755150178,-6.5));
#12092=CARTESIAN_POINT('Origin',(-40.,0.,0.));
#12093=CARTESIAN_POINT('',(-40.,3.00000000000001,-26.));
#12094=CARTESIAN_POINT('',(-40.,46.,-26.));
#12095=CARTESIAN_POINT('',(-40.,3.00000000000001,0.));
#12096=CARTESIAN_POINT('',(-40.,3.,0.));
#12097=CARTESIAN_POINT('',(-40.,43.9289321881345,0.));
#12098=CARTESIAN_POINT('',(-40.,46.,0.));
#12099=CARTESIAN_POINT('Origin',(-40.0000000000004,43.9289321881345,-5.));
#12100=CARTESIAN_POINT('Origin',(-25.7124999999999,53.5710678118656,-25.5));
#12101=CARTESIAN_POINT('',(-36.3018245688195,53.5710678118655,-20.5));
#12102=CARTESIAN_POINT('Origin',(-36.3018245688195,53.5710678118655,-25.5));
#12103=CARTESIAN_POINT('',(-28.7617427184203,53.5710678118656,-20.5));
#12104=CARTESIAN_POINT('',(-25.7124999999999,53.5710678118656,-20.5));
#12105=CARTESIAN_POINT('Origin',(-28.7617427184203,53.5710678118656,-25.5));
#12106=CARTESIAN_POINT('Origin',(-20.95,70.1812341215794,-20.5));
#12107=CARTESIAN_POINT('',(-6.10550221341727,115.390310429224,-20.5));
#12108=CARTESIAN_POINT('',(-1.9,124.,-20.5));
#12109=CARTESIAN_POINT('',(-7.27163106633542,101.337305472649,-20.5));
#12110=CARTESIAN_POINT('',(-10.2119245528819,65.9038635877121,-20.5));
#12111=CARTESIAN_POINT('',(-8.22963344424496,101.575280608566,-20.5));
#12112=CARTESIAN_POINT('Origin',(-7.76991845470417,101.3786537325,-20.5));
#12113=CARTESIAN_POINT('',(-32.,46.0000000000001,-20.5));
#12114=CARTESIAN_POINT('Origin',(-25.7124999999999,53.5710678118656,-0.5));
#12115=CARTESIAN_POINT('',(-30.2739426748406,50.0355339059328,-4.03553390593274));
#12116=CARTESIAN_POINT('',(-28.7617427184203,53.5710678118656,-5.5));
#12117=CARTESIAN_POINT('Origin',(-28.7617427184203,53.5710678118656,-0.5));
#12118=CARTESIAN_POINT('',(-36.3018245688195,53.5710678118655,-5.5));
#12119=CARTESIAN_POINT('',(-25.7124999999999,53.5710678118656,-5.5));
#12120=CARTESIAN_POINT('',(-38.0287968997943,50.0355339059328,-4.03553390593275));
#12121=CARTESIAN_POINT('Origin',(-36.3018245688195,53.5710678118655,-0.5));
#12122=CARTESIAN_POINT('',(-25.7124999999998,50.0355339059329,-4.03553390593274));
#12123=CARTESIAN_POINT('Origin',(-20.95,70.1812341215794,-5.5));
#12124=CARTESIAN_POINT('',(-8.22963344424496,101.575280608566,-5.5));
#12125=CARTESIAN_POINT('',(-32.,46.0000000000001,-5.5));
#12126=CARTESIAN_POINT('',(-7.27163106633542,101.337305472649,-5.5));
#12127=CARTESIAN_POINT('Origin',(-7.76991845470417,101.3786537325,-5.5));
#12128=CARTESIAN_POINT('',(-6.10550221341727,115.390310429224,-5.5));
#12129=CARTESIAN_POINT('',(-10.2119245528819,65.9038635877121,-5.5));
#12130=CARTESIAN_POINT('',(-1.9,124.,-5.5));
#12131=CARTESIAN_POINT('Origin',(-25.2375,43.9289321881347,-5.));
#12132=CARTESIAN_POINT('',(-30.3080480832326,43.9289321881346,0.));
#12133=CARTESIAN_POINT('',(-31.1739859903992,47.4644660940673,-1.46446609406727));
#12134=CARTESIAN_POINT('Ctrl Pts',(-30.3080480832326,43.9289321881346,6.93889390390723E-17));
#12135=CARTESIAN_POINT('Ctrl Pts',(-30.401752250842,44.0622178506524,6.83367630679799E-17));
#12136=CARTESIAN_POINT('Ctrl Pts',(-30.4868889232457,44.1974349697916,-0.00547404891561811));
#12137=CARTESIAN_POINT('Ctrl Pts',(-30.7611501469206,44.6786748689747,-0.044089821614691));
#12138=CARTESIAN_POINT('Ctrl Pts',(-30.9287099253024,45.0791753643372,-0.116141956870902));
#12139=CARTESIAN_POINT('Ctrl Pts',(-31.1478645527086,45.8750120934675,-0.375294356917039));
#12140=CARTESIAN_POINT('Ctrl Pts',(-31.2006971555821,46.2696858622424,-0.563379444909812));
#12141=CARTESIAN_POINT('Ctrl Pts',(-31.2258711573375,46.9167243551698,-0.974456731327731));
#12142=CARTESIAN_POINT('Ctrl Pts',(-31.208592943013,47.2045474396239,-1.20454743962377));
#12143=CARTESIAN_POINT('Ctrl Pts',(-31.1739859903992,47.4644660940674,-1.46446609406726));
#12144=CARTESIAN_POINT('',(-25.2375,47.4644660940674,-1.46446609406727));
#12145=CARTESIAN_POINT('',(-25.2375,43.9289321881347,0.));
#12146=CARTESIAN_POINT('Origin',(-20.,23.,0.));
#12147=CARTESIAN_POINT('',(-37.,4.83551273056326E-16,0.));
#12148=CARTESIAN_POINT('Origin',(-37.,3.,0.));
#12149=CARTESIAN_POINT('',(-3.,3.920685997754E-17,0.));
#12150=CARTESIAN_POINT('',(-40.,5.22758133033866E-16,0.));
#12151=CARTESIAN_POINT('',(-7.3848864726759E-16,3.,0.));
#12152=CARTESIAN_POINT('Origin',(-3.,3.,0.));
#12153=CARTESIAN_POINT('',(-1.59594559789866E-15,6.48329099087846,0.));
#12154=CARTESIAN_POINT('',(0.,0.,0.));
#12155=CARTESIAN_POINT('',(-8.,16.3624682431589,0.));
#12156=CARTESIAN_POINT('',(-32.,46.0000000000001,0.));
#12157=CARTESIAN_POINT('',(-16.8706320080671,27.3167864865898,0.));
#12158=CARTESIAN_POINT('',(-32.,46.0000000000001,0.));
#12159=CARTESIAN_POINT('',(-30.1034543037887,43.65796111251,0.));
#12160=CARTESIAN_POINT('',(-32.,46.0000000000001,0.));
#12161=CARTESIAN_POINT('Origin',(-26.2177244965039,46.8045630677592,0.));
#12162=CARTESIAN_POINT('',(-36.65,5.,0.));
#12163=CARTESIAN_POINT('Origin',(-35.,5.,0.));
#12164=CARTESIAN_POINT('',(-6.65,4.99999999999998,0.));
#12165=CARTESIAN_POINT('Origin',(-5.,4.99999999999998,0.));
#12166=CARTESIAN_POINT('',(-36.65,40.,0.));
#12167=CARTESIAN_POINT('Origin',(-35.,40.,0.));
#12168=CARTESIAN_POINT('',(-11.3781162335336,9.99999999999998,0.));
#12169=CARTESIAN_POINT('',(-30.9999999999999,9.99999999999999,0.));
#12170=CARTESIAN_POINT('',(-31.9999999999999,9.99999999999999,0.));
#12171=CARTESIAN_POINT('',(-31.9999999999999,11.,0.));
#12172=CARTESIAN_POINT('Origin',(-30.9999999999999,11.,0.));
#12173=CARTESIAN_POINT('',(-32.,35.2310084690705,0.));
#12174=CARTESIAN_POINT('',(-32.,38.0549213546713,0.));
#12175=CARTESIAN_POINT('',(-30.222854038543,35.8603288601204,0.));
#12176=CARTESIAN_POINT('Origin',(-31.,35.2310084690705,0.));
#12177=CARTESIAN_POINT('',(-10.6009702720766,11.6293203910498,0.));
#12178=CARTESIAN_POINT('',(-9.28157263444544,9.99999999999998,0.));
#12179=CARTESIAN_POINT('Origin',(-11.3781162335336,11.,0.));
#12180=CARTESIAN_POINT('Origin',(-11.3781162335336,11.,0.));
#12181=CARTESIAN_POINT('',(-10.6009702720766,11.6293203910498,-26.));
#12182=CARTESIAN_POINT('',(-10.6009702720766,11.6293203910498,0.));
#12183=CARTESIAN_POINT('',(-11.3781162335336,9.99999999999998,-26.));
#12184=CARTESIAN_POINT('Origin',(-11.3781162335336,11.,-26.));
#12185=CARTESIAN_POINT('',(-11.3781162335336,9.99999999999998,0.));
#12186=CARTESIAN_POINT('Origin',(-9.28157263444544,9.99999999999998,0.));
#12187=CARTESIAN_POINT('',(-30.222854038543,35.8603288601204,-26.));
#12188=CARTESIAN_POINT('',(-30.222854038543,35.8603288601204,0.));
#12189=CARTESIAN_POINT('',(-9.28157263444544,9.99999999999998,-26.));
#12190=CARTESIAN_POINT('Origin',(-30.9999999999999,11.,0.));
#12191=CARTESIAN_POINT('',(-30.9999999999999,9.99999999999999,-26.));
#12192=CARTESIAN_POINT('',(-30.9999999999999,9.99999999999999,0.));
#12193=CARTESIAN_POINT('',(-31.9999999999999,11.,-26.));
#12194=CARTESIAN_POINT('Origin',(-30.9999999999999,11.,-26.));
#12195=CARTESIAN_POINT('',(-31.9999999999999,11.,0.));
#12196=CARTESIAN_POINT('Origin',(-31.9999999999999,9.99999999999999,0.));
#12197=CARTESIAN_POINT('',(-14.6407863172227,9.99999999999998,-26.));
#12198=CARTESIAN_POINT('Origin',(-31.,35.2310084690705,0.));
#12199=CARTESIAN_POINT('',(-32.,35.2310084690705,-26.));
#12200=CARTESIAN_POINT('',(-32.,35.2310084690705,0.));
#12201=CARTESIAN_POINT('Origin',(-31.,35.2310084690705,-26.));
#12202=CARTESIAN_POINT('Origin',(-32.,38.0549213546713,0.));
#12203=CARTESIAN_POINT('',(-32.,38.0549213546713,-26.));
#12204=CARTESIAN_POINT('Origin',(-20.,23.,-26.));
#12205=CARTESIAN_POINT('',(-30.1034543037887,43.65796111251,-26.));
#12206=CARTESIAN_POINT('Origin',(-26.2177244965039,46.8045630677592,-26.));
#12207=CARTESIAN_POINT('',(-16.8706320080671,27.3167864865898,-26.));
#12208=CARTESIAN_POINT('',(-32.,46.0000000000001,-26.));
#12209=CARTESIAN_POINT('',(-8.,16.3624682431589,-26.));
#12210=CARTESIAN_POINT('',(-32.,46.0000000000001,-26.));
#12211=CARTESIAN_POINT('',(-1.11022302462516E-15,6.48329099087846,-26.));
#12212=CARTESIAN_POINT('',(-32.,46.0000000000001,-26.));
#12213=CARTESIAN_POINT('',(-7.3848864726759E-16,3.,-26.));
#12214=CARTESIAN_POINT('',(0.,0.,-26.));
#12215=CARTESIAN_POINT('',(-3.,3.920685997754E-17,-26.));
#12216=CARTESIAN_POINT('Origin',(-3.,3.,-26.));
#12217=CARTESIAN_POINT('',(-37.,4.83551273056326E-16,-26.));
#12218=CARTESIAN_POINT('',(-40.,5.22758133033866E-16,-26.));
#12219=CARTESIAN_POINT('Origin',(-37.,3.,-26.));
#12220=CARTESIAN_POINT('',(-36.65,40.,-26.));
#12221=CARTESIAN_POINT('Origin',(-35.,40.,-26.));
#12222=CARTESIAN_POINT('',(-36.65,5.,-26.));
#12223=CARTESIAN_POINT('Origin',(-35.,5.,-26.));
#12224=CARTESIAN_POINT('',(-6.65,4.99999999999998,-26.));
#12225=CARTESIAN_POINT('Origin',(-5.,4.99999999999998,-26.));
#12226=CARTESIAN_POINT('Origin',(-3.,3.,0.));
#12227=CARTESIAN_POINT('',(-5.55111512312578E-16,3.,0.));
#12228=CARTESIAN_POINT('',(-3.,0.,0.));
#12229=CARTESIAN_POINT('Origin',(0.,0.,0.));
#12230=CARTESIAN_POINT('',(-37.,5.55111512312578E-16,0.));
#12231=CARTESIAN_POINT('Origin',(-37.,3.,0.));
#12232=CARTESIAN_POINT('Origin',(-30.4749999999999,48.7500000000001,-2.75));
#12233=CARTESIAN_POINT('',(-26.9338539704881,72.7495902966386,-26.7495902966384));
#12234=CARTESIAN_POINT('',(-30.8148743919117,48.7708318284203,-2.7708318284202));
#12235=CARTESIAN_POINT('Origin',(-26.2177244965039,46.8045630677592,-0.804563067759091));
#12236=CARTESIAN_POINT('',(-30.1236986876525,50.3868053820435,-4.38680538204336));
#12237=CARTESIAN_POINT('Origin',(-7.76991845470417,101.3786537325,-13.));
#12238=CARTESIAN_POINT('',(-8.22963344424496,101.575280608566,-13.));
#12239=CARTESIAN_POINT('',(-7.27163106633542,101.337305472649,-13.));
#12240=CARTESIAN_POINT('Origin',(-32.,46.0000000000001,-13.));
#12241=CARTESIAN_POINT('',(-30.8148743919117,48.7708318284203,-6.5));
#12242=CARTESIAN_POINT('Origin',(-26.2177244965039,46.8045630677592,-6.5));
#12243=CARTESIAN_POINT('',(-30.1034543037887,43.65796111251,-6.5));
#12244=CARTESIAN_POINT('Origin',(-32.,46.0000000000001,0.));
#12245=CARTESIAN_POINT('',(-16.8706320080671,27.3167864865898,-6.5));
#12246=CARTESIAN_POINT('Origin',(-15.3163400851532,28.5754272686895,-6.5));
#12247=CARTESIAN_POINT('',(-13.3231905316782,28.4100342292883,-25.655511708617));
#12248=CARTESIAN_POINT('Origin',(-15.3163400851532,28.5754272686895,-25.8));
#12249=CARTESIAN_POINT('',(-13.3231905316782,28.4100342292883,-0.344488291382996));
#12250=CARTESIAN_POINT('Origin',(-15.3163400851532,28.5754272686895,-0.199999999999999));
#12251=CARTESIAN_POINT('',(-13.3231905316782,28.4100342292883,-6.5));
#12252=CARTESIAN_POINT('Origin',(-7.01653006000009,104.411524670199,-13.));
#12253=CARTESIAN_POINT('',(-6.10550221341727,115.390310429224,-20.5338016495572));
#12254=CARTESIAN_POINT('',(-6.10550221341727,115.390310429224,-13.0014736382086));
#12255=CARTESIAN_POINT('',(-13.1487787117494,30.5118689996401,-25.5096846163385));
#12256=CARTESIAN_POINT('Ctrl Pts',(-6.10550221342843,115.39031042909,-20.5338016495583));
#12257=CARTESIAN_POINT('Ctrl Pts',(-6.42497903258621,111.540299075799,-20.5648094561173));
#12258=CARTESIAN_POINT('Ctrl Pts',(-6.77285171531134,107.348089507911,-20.6189381711137));
#12259=CARTESIAN_POINT('Ctrl Pts',(-8.06286769421021,91.8021222675316,-20.9339885993192));
#12260=CARTESIAN_POINT('Ctrl Pts',(-8.55796298507397,85.8357347975061,-21.1311031694742));
#12261=CARTESIAN_POINT('Ctrl Pts',(-10.5979177687322,61.2522639278847,-22.867595629822));
#12262=CARTESIAN_POINT('Ctrl Pts',(-11.8727215473539,45.8896187323733,-24.6433205328691));
#12263=CARTESIAN_POINT('Ctrl Pts',(-13.1487787117624,30.5118689996296,-25.5096846161704));
#12264=CARTESIAN_POINT('',(-8.52574895627973,86.2239456759048,-21.6443331380818));
#12265=CARTESIAN_POINT('',(-13.1487787100133,30.5118690206796,-0.490315384983245));
#12266=CARTESIAN_POINT('',(-8.52574895627973,86.2239456759048,-4.3556668619182));
#12267=CARTESIAN_POINT('',(-6.10550221341729,115.390310429224,-5.46619835044282));
#12268=CARTESIAN_POINT('Ctrl Pts',(-6.10550221341727,115.390310429224,-5.46619835044282));
#12269=CARTESIAN_POINT('Ctrl Pts',(-6.26079659526759,113.518859677955,-5.45112577596078));
#12270=CARTESIAN_POINT('Ctrl Pts',(-6.4205958560788,111.593120683831,-5.43064764514719));
#12271=CARTESIAN_POINT('Ctrl Pts',(-6.58742059032951,109.582717792729,-5.40327346153127));
#12272=CARTESIAN_POINT('Ctrl Pts',(-6.80611150963803,106.947276121502,-5.3673885826662));
#12273=CARTESIAN_POINT('Ctrl Pts',(-7.03687758736883,104.166316859543,-5.31976710422519));
#12274=CARTESIAN_POINT('Ctrl Pts',(-7.28539956963799,101.171381402877,-5.25484864477287));
#12275=CARTESIAN_POINT('Ctrl Pts',(-7.4435065764851,99.2660357411758,-5.21354822048278));
#12276=CARTESIAN_POINT('Ctrl Pts',(-7.60880001679094,97.274086455216,-5.16519731159206));
#12277=CARTESIAN_POINT('Ctrl Pts',(-7.78274028346854,95.1779343673473,-5.107717181029));
#12278=CARTESIAN_POINT('Ctrl Pts',(-7.882209657092,93.9792301271942,-5.07484662901646));
#12279=CARTESIAN_POINT('Ctrl Pts',(-7.98654255663366,92.7219155939642,-5.03820711753888));
#12280=CARTESIAN_POINT('Ctrl Pts',(-8.08894620769751,91.4878504112269,-4.99999999999999));
#12281=CARTESIAN_POINT('Ctrl Pts',(-8.37281696579959,88.0669272768301,-4.89408694604164));
#12282=CARTESIAN_POINT('Ctrl Pts',(-8.6274494361542,84.9983544008192,-4.74548459408401));
#12283=CARTESIAN_POINT('Ctrl Pts',(-8.89655280941016,81.7553928458129,-4.55292181924893));
#12284=CARTESIAN_POINT('Ctrl Pts',(-9.09830602460674,79.3240672456724,-4.40855291565589));
#12285=CARTESIAN_POINT('Ctrl Pts',(-9.3112324357183,76.7580935942628,-4.23338481856963));
#12286=CARTESIAN_POINT('Ctrl Pts',(-9.5206789059325,74.2340566692765,-4.04402756979485));
#12287=CARTESIAN_POINT('Ctrl Pts',(-10.3609124504563,64.1084122035508,-3.28438568059714));
#12288=CARTESIAN_POINT('Ctrl Pts',(-11.1992003828459,54.0062142865467,-2.26360270901102));
#12289=CARTESIAN_POINT('Ctrl Pts',(-12.0382260672445,43.8951257288439,-1.43513497383388));
#12290=CARTESIAN_POINT('Ctrl Pts',(-12.4081721897384,39.4369094004666,-1.06984409902626));
#12291=CARTESIAN_POINT('Ctrl Pts',(-12.7782873654772,34.9766558134409,-0.741856149287356));
#12292=CARTESIAN_POINT('Ctrl Pts',(-13.1487787100158,30.511869020678,-0.490315385015418));
#12293=CARTESIAN_POINT('',(-6.10550221341727,115.390310429224,-13.0014736382086));
#12294=CARTESIAN_POINT('Origin',(-1.59656157184081,123.482001357565,-12.9999999999998));
#12295=CARTESIAN_POINT('',(-1.90714988923455,123.873836650895,-11.3871572875255));
#12296=CARTESIAN_POINT('',(-1.56827112421427,123.981200366552,-11.5371805777983));
#12297=CARTESIAN_POINT('Ctrl Pts',(-1.90714988923528,123.873836650894,-11.3871572875255));
#12298=CARTESIAN_POINT('Ctrl Pts',(-1.90714988923528,123.873836650894,-11.4129548227718));
#12299=CARTESIAN_POINT('Ctrl Pts',(-1.90161245270702,123.878392859607,-11.4395512035336));
#12300=CARTESIAN_POINT('Ctrl Pts',(-1.88096756531146,123.893411042916,-11.4874875259465));
#12301=CARTESIAN_POINT('Ctrl Pts',(-1.86582800575306,123.903754296322,-11.5088507522235));
#12302=CARTESIAN_POINT('Ctrl Pts',(-1.83085105693917,123.924212419908,-11.5439791873359));
#12303=CARTESIAN_POINT('Ctrl Pts',(-1.80792001607604,123.935981957278,-11.5598955185512));
#12304=CARTESIAN_POINT('Ctrl Pts',(-1.75676589282947,123.956428697346,-11.5814707112608));
#12305=CARTESIAN_POINT('Ctrl Pts',(-1.72854047929182,123.965070799041,-11.5871572875261));
#12306=CARTESIAN_POINT('Ctrl Pts',(-1.67658856822529,123.976203573494,-11.5871572875261));
#12307=CARTESIAN_POINT('Ctrl Pts',(-1.64980660631727,123.979776666729,-11.5823854096678));
#12308=CARTESIAN_POINT('Ctrl Pts',(-1.60410882271719,123.982383865984,-11.5638225938446));
#12309=CARTESIAN_POINT('Ctrl Pts',(-1.58458075219675,123.982124660607,-11.5515822844485));
#12310=CARTESIAN_POINT('Ctrl Pts',(-1.56827112421427,123.981200366552,-11.5371805777983));
#12311=CARTESIAN_POINT('',(-1.56827112421427,123.981200366552,-14.4628194222023));
#12312=CARTESIAN_POINT('',(-1.56827112421427,123.981200366552,-12.9999999999998));
#12313=CARTESIAN_POINT('',(-1.90714988923455,123.873836650895,-14.6128427124746));
#12314=CARTESIAN_POINT('Ctrl Pts',(-1.56827112421427,123.981200366552,-14.4628194222023));
#12315=CARTESIAN_POINT('Ctrl Pts',(-1.58458075219674,123.982124660607,-14.4484177155521));
#12316=CARTESIAN_POINT('Ctrl Pts',(-1.60410882271719,123.982383865984,-14.4361774061559));
#12317=CARTESIAN_POINT('Ctrl Pts',(-1.64980660631722,123.979776666729,-14.4176145903328));
#12318=CARTESIAN_POINT('Ctrl Pts',(-1.67658856822517,123.976203573494,-14.4128427124745));
#12319=CARTESIAN_POINT('Ctrl Pts',(-1.72854047929156,123.965070799041,-14.4128427124745));
#12320=CARTESIAN_POINT('Ctrl Pts',(-1.75676589282913,123.956428697346,-14.4185292887398));
#12321=CARTESIAN_POINT('Ctrl Pts',(-1.80792001607556,123.935981957278,-14.4401044814492));
#12322=CARTESIAN_POINT('Ctrl Pts',(-1.83085105693863,123.924212419908,-14.4560208126645));
#12323=CARTESIAN_POINT('Ctrl Pts',(-1.86582800575243,123.903754296323,-14.4911492477768));
#12324=CARTESIAN_POINT('Ctrl Pts',(-1.88096756531079,123.893411042917,-14.5125124740538));
#12325=CARTESIAN_POINT('Ctrl Pts',(-1.9016124527063,123.878392859607,-14.5604487964666));
#12326=CARTESIAN_POINT('Ctrl Pts',(-1.90714988923455,123.873836650895,-14.5870451772283));
#12327=CARTESIAN_POINT('Ctrl Pts',(-1.90714988923455,123.873836650895,-14.6128427124746));
#12328=CARTESIAN_POINT('',(-1.90714988923454,123.873836650895,-20.499960136354));
#12329=CARTESIAN_POINT('',(-1.90714988923455,123.873836650895,-12.9999999999998));
#12330=CARTESIAN_POINT('',(-2.04582948280056,123.701451452534,-20.4999295829687));
#12331=CARTESIAN_POINT('Ctrl Pts',(-1.90714988923456,123.873836650895,-20.499960136354));
#12332=CARTESIAN_POINT('Ctrl Pts',(-1.94811757221334,123.84136360944,-20.4999512651961));
#12333=CARTESIAN_POINT('Ctrl Pts',(-1.98374021354922,123.802665588366,-20.4999426207347));
#12334=CARTESIAN_POINT('Ctrl Pts',(-2.01271755876596,123.759155095672,-20.4999362743626));
#12335=CARTESIAN_POINT('Ctrl Pts',(-2.02503859595906,123.740654629367,-20.4999335759137));
#12336=CARTESIAN_POINT('Ctrl Pts',(-2.03609724306407,123.72137570674,-20.4999313042584));
#12337=CARTESIAN_POINT('Ctrl Pts',(-2.04582948280057,123.701451452534,-20.4999295829687));
#12338=CARTESIAN_POINT('',(-2.04582948280227,123.701451452531,-5.50007041703135));
#12339=CARTESIAN_POINT('',(-2.04582948280061,123.701451452534,-12.9999999999998));
#12340=CARTESIAN_POINT('',(-1.90714988923455,123.873836650895,-5.50003986364605));
#12341=CARTESIAN_POINT('Ctrl Pts',(-2.04582948280228,123.701451452531,-5.50007041703134));
#12342=CARTESIAN_POINT('Ctrl Pts',(-2.04194136774337,123.709411376809,-5.50006972936016));
#12343=CARTESIAN_POINT('Ctrl Pts',(-2.03783992368417,123.71727161515,-5.50006895382838));
#12344=CARTESIAN_POINT('Ctrl Pts',(-2.03352868390046,123.725023461454,-5.50006809764149));
#12345=CARTESIAN_POINT('Ctrl Pts',(-2.00159107372745,123.782449041514,-5.5000617550198));
#12346=CARTESIAN_POINT('Ctrl Pts',(-1.95864431100082,123.833019588002,-5.50005101426792));
#12347=CARTESIAN_POINT('Ctrl Pts',(-1.90714988923455,123.873836650895,-5.50003986364605));
#12348=CARTESIAN_POINT('',(-1.90714988923455,123.873836650895,-12.9999999999998));
#12349=CARTESIAN_POINT('Ctrl Pts',(74.7588593898651,-583.260787491392,-6.72588612970574));
#12350=CARTESIAN_POINT('Ctrl Pts',(-164.132216733995,-569.722428328275,
-6.72588612970574));
#12351=CARTESIAN_POINT('Ctrl Pts',(85.6619317243558,-390.870657220755,-4.4839240864705));
#12352=CARTESIAN_POINT('Ctrl Pts',(-153.229144399505,-377.332298057638,
-4.4839240864705));
#12353=CARTESIAN_POINT('Ctrl Pts',(96.5650040588466,-198.480526950118,-2.24196204323524));
#12354=CARTESIAN_POINT('Ctrl Pts',(-142.326072065014,-184.942167787001,
-2.24196204323524));
#12355=CARTESIAN_POINT('Ctrl Pts',(107.468076393337,-6.09039667948065,4.16333634234434E-15));
#12356=CARTESIAN_POINT('Ctrl Pts',(-131.422999730523,7.44796248363648,4.16333634234434E-15));
#12357=CARTESIAN_POINT('Ctrl Pts',(107.829532502435,0.287676012600065,0.0743250023508268));
#12358=CARTESIAN_POINT('Ctrl Pts',(-131.061543621425,13.8260351757172,0.0743250023508268));
#12359=CARTESIAN_POINT('Ctrl Pts',(108.121491633419,5.43943998522421,0.050451528042669));
#12360=CARTESIAN_POINT('Ctrl Pts',(-130.769584490441,18.9777991483413,0.050451528042669));
#12361=CARTESIAN_POINT('Ctrl Pts',(108.366785193495,9.76776676594669,4.43221848112074E-15));
#12362=CARTESIAN_POINT('Ctrl Pts',(-130.524290930366,23.3061259290638,4.43221848112074E-15));
#12363=CARTESIAN_POINT('Ctrl Pts',(108.695017602888,15.5595907642541,-0.0675102379446477));
#12364=CARTESIAN_POINT('Ctrl Pts',(-130.196058520972,29.0979499273712,-0.0675102379446477));
#12365=CARTESIAN_POINT('Ctrl Pts',(108.939593640179,19.8752564988238,-0.280901957743202));
#12366=CARTESIAN_POINT('Ctrl Pts',(-129.951482483681,33.4136156619409,-0.280901957743202));
#12367=CARTESIAN_POINT('Ctrl Pts',(109.155190812937,23.6795757659358,-0.495872418289049));
#12368=CARTESIAN_POINT('Ctrl Pts',(-129.735885310924,37.2179349290529,-0.495872418289049));
#12369=CARTESIAN_POINT('Ctrl Pts',(109.255352998537,25.4469873123961,-0.595743445781712));
#12370=CARTESIAN_POINT('Ctrl Pts',(-129.635723125323,38.9853464755132,-0.595743445781712));
#12371=CARTESIAN_POINT('Ctrl Pts',(109.351443744086,27.1425562756016,-0.703043610763537));
#12372=CARTESIAN_POINT('Ctrl Pts',(-129.539632379774,40.6809154387187,-0.703043610763537));
#12373=CARTESIAN_POINT('Ctrl Pts',(109.449191596078,28.8673657055927,-0.82106279326345));
#12374=CARTESIAN_POINT('Ctrl Pts',(-129.441884527783,42.4057248687099,-0.82106279326345));
#12375=CARTESIAN_POINT('Ctrl Pts',(109.989828108542,38.4071656693991,-1.47381861275529));
#12376=CARTESIAN_POINT('Ctrl Pts',(-128.901248015319,51.9455248325162,-1.47381861275529));
#12377=CARTESIAN_POINT('Ctrl Pts',(110.530255765185,47.9432802684588,-2.4054687323623));
#12378=CARTESIAN_POINT('Ctrl Pts',(-128.360820358675,61.481639431576,-2.4054687323623));
#12379=CARTESIAN_POINT('Ctrl Pts',(111.070827709059,57.4819408873972,-3.23566948622192));
#12380=CARTESIAN_POINT('Ctrl Pts',(-127.820248414802,71.0203000505143,-3.23566948622192));
#12381=CARTESIAN_POINT('Ctrl Pts',(111.224701883711,60.1971271760412,-3.47198670032073));
#12382=CARTESIAN_POINT('Ctrl Pts',(-127.666374240149,73.7354863391584,-3.47198670032073));
#12383=CARTESIAN_POINT('Ctrl Pts',(111.3785877463,62.9125197041269,-3.70008436113359));
#12384=CARTESIAN_POINT('Ctrl Pts',(-127.51248837756,76.450878867244,-3.70008436113359));
#12385=CARTESIAN_POINT('Ctrl Pts',(111.532493440754,65.6282621753347,-3.91119036034522));
#12386=CARTESIAN_POINT('Ctrl Pts',(-127.358582683106,79.1666213384518,-3.91119036034522));
#12387=CARTESIAN_POINT('Ctrl Pts',(111.632774540642,67.397772023491,-4.04874174769887));
#12388=CARTESIAN_POINT('Ctrl Pts',(-127.258301583219,80.9361311866081,-4.04874174769887));
#12389=CARTESIAN_POINT('Ctrl Pts',(111.733064060235,69.1674304415367,-4.17907931817246));
#12390=CARTESIAN_POINT('Ctrl Pts',(-127.158012063626,82.7057896046539,-4.17907931817246));
#12391=CARTESIAN_POINT('Ctrl Pts',(111.833364253232,70.9372771970972,-4.29977629350312));
#12392=CARTESIAN_POINT('Ctrl Pts',(-127.057711870629,84.4756363602144,-4.29977629350312));
#12393=CARTESIAN_POINT('Ctrl Pts',(111.920748826618,72.4792214254443,-4.40493116293198));
#12394=CARTESIAN_POINT('Ctrl Pts',(-126.970327297243,86.0175805885615,-4.40493116293198));
#12395=CARTESIAN_POINT('Ctrl Pts',(112.002786820692,73.926822604522,-4.49638970254623));
#12396=CARTESIAN_POINT('Ctrl Pts',(-126.888289303169,87.4651817676392,-4.49638970254623));
#12397=CARTESIAN_POINT('Ctrl Pts',(112.081546510652,75.3165764781712,-4.57736749086322));
#12398=CARTESIAN_POINT('Ctrl Pts',(-126.809529613209,88.8549356412884,-4.57736749086322));
#12399=CARTESIAN_POINT('Ctrl Pts',(112.261054636699,78.4840865794824,-4.7619310796679));
#12400=CARTESIAN_POINT('Ctrl Pts',(-126.630021487162,92.0224457425995,-4.7619310796679));
#12401=CARTESIAN_POINT('Ctrl Pts',(112.42521688685,81.3808110735596,-4.89900853179672));
#12402=CARTESIAN_POINT('Ctrl Pts',(-126.465859237011,94.9191702366767,-4.89900853179672));
#12403=CARTESIAN_POINT('Ctrl Pts',(112.610352337477,84.6476181139198,-5.));
#12404=CARTESIAN_POINT('Ctrl Pts',(-126.280723786384,98.185977277037,-5.));
#12405=CARTESIAN_POINT('Ctrl Pts',(112.726131566027,86.6906001450401,-5.06315761913289));
#12406=CARTESIAN_POINT('Ctrl Pts',(-126.164944557834,100.228959308157,-5.06315761913289));
#12407=CARTESIAN_POINT('Ctrl Pts',(112.850088034779,88.8778736436949,-5.12518034245192));
#12408=CARTESIAN_POINT('Ctrl Pts',(-126.040988089081,102.416232806812,-5.12518034245192));
#12409=CARTESIAN_POINT('Ctrl Pts',(112.991112253166,91.3663160674855,-5.18612532318762));
#12410=CARTESIAN_POINT('Ctrl Pts',(-125.899963870694,104.904675230603,-5.18612532318762));
#12411=CARTESIAN_POINT('Ctrl Pts',(113.10185257069,93.3203840091683,-5.23398282309341));
#12412=CARTESIAN_POINT('Ctrl Pts',(-125.78922355317,106.858743172285,-5.23398282309341));
#12413=CARTESIAN_POINT('Ctrl Pts',(113.226357044394,95.5173273275562,-5.28175043833407));
#12414=CARTESIAN_POINT('Ctrl Pts',(-125.664719079466,109.055686490673,-5.28175043833407));
#12415=CARTESIAN_POINT('Ctrl Pts',(113.347855538377,97.661228639772,-5.3213604965404));
#12416=CARTESIAN_POINT('Ctrl Pts',(-125.543220585483,111.199587802889,-5.3213604965404));
#12417=CARTESIAN_POINT('Ctrl Pts',(113.720794632048,104.24192430179,-5.44294339624082));
#12418=CARTESIAN_POINT('Ctrl Pts',(-125.170281491813,117.780283464907,-5.44294339624082));
#12419=CARTESIAN_POINT('Ctrl Pts',(114.093771204079,110.823281288121,-5.50247589968186));
#12420=CARTESIAN_POINT('Ctrl Pts',(-124.797304919781,124.361640451238,-5.50247589968186));
#12421=CARTESIAN_POINT('Ctrl Pts',(114.466785193495,117.405298522788,-5.5));
#12422=CARTESIAN_POINT('Ctrl Pts',(-124.424290930366,130.943657685905,-5.5));
#12423=CARTESIAN_POINT('Ctrl Pts',(118.479730311345,188.215709598362,-5.47336386885602));
#12424=CARTESIAN_POINT('Ctrl Pts',(-120.411345812516,201.754068761479,-5.47336386885602));
#12425=CARTESIAN_POINT('Ctrl Pts',(122.492675429194,259.026120673935,-5.44672773771204));
#12426=CARTESIAN_POINT('Ctrl Pts',(-116.398400694666,272.564479837052,-5.44672773771204));
#12427=CARTESIAN_POINT('Ctrl Pts',(126.505620547044,329.836531749509,-5.42009160656806));
#12428=CARTESIAN_POINT('Ctrl Pts',(-112.385455576817,343.374890912626,-5.42009160656806));
#12429=CARTESIAN_POINT('',(-2.27594242807416,123.230354084258,-5.5));
#12430=CARTESIAN_POINT('Ctrl Pts',(-2.04582948280224,123.701451452531,-5.50007041703134));
#12431=CARTESIAN_POINT('Ctrl Pts',(-2.11870501822895,123.55225736669,-5.50008330615822));
#12432=CARTESIAN_POINT('Ctrl Pts',(-2.1954368605916,123.395168514359,-5.50006351010158));
#12433=CARTESIAN_POINT('Ctrl Pts',(-2.27594242807415,123.230354084258,-5.5));
#12434=CARTESIAN_POINT('',(-1.94468103424839,123.211580943797,-5.5));
#12435=CARTESIAN_POINT('Ctrl Pts',(-2.27594242807416,123.230354084258,-5.5));
#12436=CARTESIAN_POINT('Ctrl Pts',(-2.16552196346554,123.224096370771,-5.5));
#12437=CARTESIAN_POINT('Ctrl Pts',(-2.05510149885701,123.217838657283,-5.5));
#12438=CARTESIAN_POINT('Ctrl Pts',(-1.94468103424839,123.211580943797,-5.5));
#12439=CARTESIAN_POINT('Ctrl Pts',(-1.94468103424839,123.211580943797,-5.5));
#12440=CARTESIAN_POINT('Ctrl Pts',(-1.93217069466805,123.432332103447,-5.50008303944082));
#12441=CARTESIAN_POINT('Ctrl Pts',(-1.919660312996,123.653084005827,-5.50009632679475));
#12442=CARTESIAN_POINT('Ctrl Pts',(-1.90714988923454,123.873836650895,-5.50003986364605));
#12443=CARTESIAN_POINT('Origin',(-1.90000000000001,124.,-13.));
#12444=CARTESIAN_POINT('Ctrl Pts',(-6.10550221341729,115.390310429224,-5.46619835044282));
#12445=CARTESIAN_POINT('Ctrl Pts',(-5.4347847909917,116.763432711356,-5.47751035111686));
#12446=CARTESIAN_POINT('Ctrl Pts',(-4.76405987997205,118.136570324467,-5.48598893606945));
#12447=CARTESIAN_POINT('Ctrl Pts',(-3.48753416751203,120.749930050763,-5.4967338328177));
#12448=CARTESIAN_POINT('Ctrl Pts',(-2.88173914522261,121.990140332615,-5.49952209221131));
#12449=CARTESIAN_POINT('Ctrl Pts',(-2.27594242807416,123.230354084258,-5.5));
#12450=CARTESIAN_POINT('',(-2.27594242807309,123.23035408426,-20.5));
#12451=CARTESIAN_POINT('Ctrl Pts',(-2.27594242807309,123.23035408426,-20.5));
#12452=CARTESIAN_POINT('Ctrl Pts',(-2.19895265438195,123.387977512468,-20.4999392609706));
#12453=CARTESIAN_POINT('Ctrl Pts',(-2.12224372573724,123.545016355998,-20.4999160682704));
#12454=CARTESIAN_POINT('Ctrl Pts',(-2.04582948280059,123.701451452534,-20.4999295829687));
#12455=CARTESIAN_POINT('Ctrl Pts',(-2.27594242807309,123.23035408426,-20.5));
#12456=CARTESIAN_POINT('Ctrl Pts',(-2.99825336731895,121.751607279504,-20.5005698248504));
#12457=CARTESIAN_POINT('Ctrl Pts',(-3.72056143363086,120.272866356346,-20.5044241747913));
#12458=CARTESIAN_POINT('Ctrl Pts',(-4.99708386439456,117.659513348484,-20.51704220461));
#12459=CARTESIAN_POINT('Ctrl Pts',(-5.55129573184561,116.524906375749,-20.5244546669331));
#12460=CARTESIAN_POINT('Ctrl Pts',(-6.10550221341727,115.390310429224,-20.5338016495572));
#12461=CARTESIAN_POINT('Ctrl Pts',(133.828956484452,336.394705030444,-20.582523043128));
#12462=CARTESIAN_POINT('Ctrl Pts',(-118.934408281276,350.719230127824,-20.582523043128));
#12463=CARTESIAN_POINT('Ctrl Pts',(129.684705438879,263.267335599909,-20.5550153620854));
#12464=CARTESIAN_POINT('Ctrl Pts',(-123.07865932685,277.591860697289,-20.5550153620854));
#12465=CARTESIAN_POINT('Ctrl Pts',(125.540454393305,190.139966169374,-20.5275076810427));
#12466=CARTESIAN_POINT('Ctrl Pts',(-127.222910372424,204.464491266754,-20.5275076810427));
#12467=CARTESIAN_POINT('Ctrl Pts',(121.396203347731,117.012596738838,-20.5));
#12468=CARTESIAN_POINT('Ctrl Pts',(-131.367161417998,131.337121836218,-20.5));
#12469=CARTESIAN_POINT('Ctrl Pts',(120.966610807222,109.432222850048,-20.4971485572537));
#12470=CARTESIAN_POINT('Ctrl Pts',(-131.796753958507,123.756747947429,-20.4971485572537));
#12471=CARTESIAN_POINT('Ctrl Pts',(120.537086939613,101.853060728728,-20.5765430488002));
#12472=CARTESIAN_POINT('Ctrl Pts',(-132.226277826116,116.177585826108,-20.5765430488002));
#12473=CARTESIAN_POINT('Ctrl Pts',(120.107631803839,94.2751114148026,-20.7382257453607));
#12474=CARTESIAN_POINT('Ctrl Pts',(-132.655732961889,108.599636512183,-20.7382257453607));
#12475=CARTESIAN_POINT('Ctrl Pts',(119.918309680885,90.9344284604103,-20.8095023673126));
#12476=CARTESIAN_POINT('Ctrl Pts',(-132.845055084844,105.258953557791,-20.8095023673126));
#12477=CARTESIAN_POINT('Ctrl Pts',(119.728636628329,87.5875531787818,-20.8969734409802));
#12478=CARTESIAN_POINT('Ctrl Pts',(-133.0347281374,101.912078276162,-20.8969734409802));
#12479=CARTESIAN_POINT('Ctrl Pts',(119.539770491713,84.25491632997,-21.));
#12480=CARTESIAN_POINT('Ctrl Pts',(-133.223594274016,98.5794414273503,-21.));
#12481=CARTESIAN_POINT('Ctrl Pts',(118.818492465347,71.5276070728402,-21.393457474615));
#12482=CARTESIAN_POINT('Ctrl Pts',(-133.944872300382,85.8521321702204,-21.393457474615));
#12483=CARTESIAN_POINT('Ctrl Pts',(118.12945299645,59.3691631851121,-22.5541754570449));
#12484=CARTESIAN_POINT('Ctrl Pts',(-134.633911769279,73.6936882824924,-22.5541754570449));
#12485=CARTESIAN_POINT('Ctrl Pts',(117.458627236398,47.5321092423388,-23.6159720402181));
#12486=CARTESIAN_POINT('Ctrl Pts',(-135.304737529331,61.8566343397191,-23.6159720402181));
#12487=CARTESIAN_POINT('Ctrl Pts',(117.123214356372,41.6135822709522,-24.1468703318046));
#12488=CARTESIAN_POINT('Ctrl Pts',(-135.640150409357,55.9381073683325,-24.1468703318046));
#12489=CARTESIAN_POINT('Ctrl Pts',(116.793026374501,35.7872512243422,-24.6596972690423));
#12490=CARTESIAN_POINT('Ctrl Pts',(-135.970338391228,50.1117763217225,-24.6596972690423));
#12491=CARTESIAN_POINT('Ctrl Pts',(116.46076386276,29.9243140671065,-25.0776463745725));
#12492=CARTESIAN_POINT('Ctrl Pts',(-136.302600902969,44.2488391644868,-25.0776463745725));
#12493=CARTESIAN_POINT('Ctrl Pts',(116.294632606889,26.9928454884887,-25.2866209273376));
#12494=CARTESIAN_POINT('Ctrl Pts',(-136.468732158839,41.317370585869,-25.2866209273376));
#12495=CARTESIAN_POINT('Ctrl Pts',(116.128373732403,24.0591250159609,-25.4712113793393));
#12496=CARTESIAN_POINT('Ctrl Pts',(-136.634991033326,38.3836501133412,-25.4712113793393));
#12497=CARTESIAN_POINT('Ctrl Pts',(115.962055780173,21.1243620872952,-25.6201997455276));
#12498=CARTESIAN_POINT('Ctrl Pts',(-136.801308985556,35.4488871846755,-25.6201997455276));
#12499=CARTESIAN_POINT('Ctrl Pts',(115.911434982015,20.2311329447895,-25.6655460831394));
#12500=CARTESIAN_POINT('Ctrl Pts',(-136.851929783714,34.5556580421698,-25.6655460831394));
#12501=CARTESIAN_POINT('Ctrl Pts',(115.86080871288,19.3378072641673,-25.7075948090411));
#12502=CARTESIAN_POINT('Ctrl Pts',(-136.902556052849,33.6623323615476,-25.7075948090411));
#12503=CARTESIAN_POINT('Ctrl Pts',(115.810178908631,18.4444192047139,-25.7460312151794));
#12504=CARTESIAN_POINT('Ctrl Pts',(-136.953185857098,32.7689443020942,-25.7460312151794));
#12505=CARTESIAN_POINT('Ctrl Pts',(115.774202997605,17.8096063743003,-25.7733428895557));
#12506=CARTESIAN_POINT('Ctrl Pts',(-136.989161768124,32.1341314716806,-25.7733428895557));
#12507=CARTESIAN_POINT('Ctrl Pts',(115.738225301717,17.1747620491043,-25.7988306983454));
#12508=CARTESIAN_POINT('Ctrl Pts',(-137.025139464012,31.4992871464846,-25.7988306983454));
#12509=CARTESIAN_POINT('Ctrl Pts',(115.702246515232,16.539898479783,-25.822382094528));
#12510=CARTESIAN_POINT('Ctrl Pts',(-137.061118250497,30.8644235771633,-25.822382094528));
#12511=CARTESIAN_POINT('Ctrl Pts',(115.675096216516,16.0608179649985,-25.8401544405127));
#12512=CARTESIAN_POINT('Ctrl Pts',(-137.088268549212,30.3853430623788,-25.8401544405127));
#12513=CARTESIAN_POINT('Ctrl Pts',(115.642992031301,15.4943236607839,-25.8602085626543));
#12514=CARTESIAN_POINT('Ctrl Pts',(-137.120372734428,29.8188487581642,-25.8602085626543));
#12515=CARTESIAN_POINT('Ctrl Pts',(115.603611878904,14.7994412994418,-25.8820094901752));
#12516=CARTESIAN_POINT('Ctrl Pts',(-137.159752886825,29.1239663968221,-25.8820094901752));
#12517=CARTESIAN_POINT('Ctrl Pts',(115.527321248953,13.453255216802,-25.9242441285111));
#12518=CARTESIAN_POINT('Ctrl Pts',(-137.236043516776,27.7777803141823,-25.9242441285111));
#12519=CARTESIAN_POINT('Ctrl Pts',(115.42598120803,11.6650598277713,-25.9733075285134));
#12520=CARTESIAN_POINT('Ctrl Pts',(-137.337383557699,25.9895849251516,-25.9733075285134));
#12521=CARTESIAN_POINT('Ctrl Pts',(115.296203347731,9.37506498199712,-26.));
#12522=CARTESIAN_POINT('Ctrl Pts',(-137.467161417998,23.6995900793774,-26.));
#12523=CARTESIAN_POINT('Ctrl Pts',(115.080412305768,5.56732479640015,-26.0443835044083));
#12524=CARTESIAN_POINT('Ctrl Pts',(-137.682952459961,19.8918498937804,-26.0443835044083));
#12525=CARTESIAN_POINT('Ctrl Pts',(114.786032924839,0.372854310611794,-26.0798938379427));
#12526=CARTESIAN_POINT('Ctrl Pts',(-137.97733184089,14.6973794079921,-26.0798938379427));
#12527=CARTESIAN_POINT('Ctrl Pts',(114.397494547574,-6.4830984634302,-26.));
#12528=CARTESIAN_POINT('Ctrl Pts',(-138.365870218155,7.84142663395008,-26.));
#12529=CARTESIAN_POINT('Ctrl Pts',(102.074233375034,-223.933166628529,-23.4660093091092));
#12530=CARTESIAN_POINT('Ctrl Pts',(-150.689131390695,-209.608641531149,
-23.4660093091092));
#12531=CARTESIAN_POINT('Ctrl Pts',(89.7509722024941,-441.383234793628,-20.9320186182185));
#12532=CARTESIAN_POINT('Ctrl Pts',(-163.012392563235,-427.058709696248,
-20.9320186182185));
#12533=CARTESIAN_POINT('Ctrl Pts',(77.4277110299542,-658.833302958727,-18.3980279273277));
#12534=CARTESIAN_POINT('Ctrl Pts',(-175.335653735775,-644.508777861347,
-18.3980279273277));
#12535=CARTESIAN_POINT('',(-1.94468103424819,123.2115809438,-20.5));
#12536=CARTESIAN_POINT('Ctrl Pts',(-1.90714988923456,123.873836650895,-20.499960136354));
#12537=CARTESIAN_POINT('Ctrl Pts',(-1.91966032914617,123.653083720849,-20.4999036731324));
#12538=CARTESIAN_POINT('Ctrl Pts',(-1.93217071081787,123.432331818476,-20.4999169606664));
#12539=CARTESIAN_POINT('Ctrl Pts',(-1.9446810342482,123.2115809438,-20.5));
#12540=CARTESIAN_POINT('Ctrl Pts',(-1.94468103424813,123.211580943801,-20.5));
#12541=CARTESIAN_POINT('Ctrl Pts',(-2.05510149885644,123.217838657288,-20.5));
#12542=CARTESIAN_POINT('Ctrl Pts',(-2.16552196346478,123.224096370773,-20.5));
#12543=CARTESIAN_POINT('Ctrl Pts',(-2.27594242807309,123.23035408426,-20.5));
#12544=CARTESIAN_POINT('Origin',(-5.39935440007875,62.2521523988658,-13.));
#12545=CARTESIAN_POINT('',(-8.,16.3624682431589,-14.6128427124746));
#12546=CARTESIAN_POINT('',(-8.01246094724399,16.1425886358317,-14.6128427124746));
#12547=CARTESIAN_POINT('',(-7.99999999999998,16.3624682431588,-20.2871572875257));
#12548=CARTESIAN_POINT('',(-8.,16.3624682431589,-6.5));
#12549=CARTESIAN_POINT('',(-6.20014803923492,48.1217506340542,-20.2871572875257));
#12550=CARTESIAN_POINT('',(-8.01246094724399,16.1425886358318,-20.2871572875257));
#12551=CARTESIAN_POINT('',(-6.20014803923484,48.1217506340541,-22.5128427124743));
#12552=CARTESIAN_POINT('',(-6.20014803923495,48.1217506340541,-17.7564213562369));
#12553=CARTESIAN_POINT('',(-7.9999999999999,16.3624682431588,-22.5128427124743));
#12554=CARTESIAN_POINT('',(-8.01246094724399,16.1425886358317,-22.5128427124743));
#12555=CARTESIAN_POINT('',(-8.,16.3624682431589,-6.5));
#12556=CARTESIAN_POINT('',(-5.12985553949024,67.007593737395,-22.5128427124743));
#12557=CARTESIAN_POINT('Ctrl Pts',(-5.12986031449157,67.0075094801235,-22.5077740451794));
#12558=CARTESIAN_POINT('Ctrl Pts',(-5.36836667038874,62.7989462904365,-22.8648054534972));
#12559=CARTESIAN_POINT('Ctrl Pts',(-5.60407477735464,58.6397595938977,-23.2463814052879));
#12560=CARTESIAN_POINT('Ctrl Pts',(-5.83757611133357,54.5195125035006,-23.6159720402181));
#12561=CARTESIAN_POINT('Ctrl Pts',(-6.17298899135963,48.600985532114,-24.1468703318046));
#12562=CARTESIAN_POINT('Ctrl Pts',(-6.5031769732302,42.774654485504,-24.6596972690423));
#12563=CARTESIAN_POINT('Ctrl Pts',(-6.83543948497128,36.9117173282683,-25.0776463745725));
#12564=CARTESIAN_POINT('Ctrl Pts',(-7.00157074084182,33.9802487496505,-25.2866209273376));
#12565=CARTESIAN_POINT('Ctrl Pts',(-7.16782961532852,31.0465282771227,-25.4712113793393));
#12566=CARTESIAN_POINT('Ctrl Pts',(-7.33414756755825,28.111765348457,-25.6201997455276));
#12567=CARTESIAN_POINT('Ctrl Pts',(-7.38476836571623,27.2185362059512,-25.6655460831394));
#12568=CARTESIAN_POINT('Ctrl Pts',(-7.43539463485166,26.3252105253288,-25.7075948090411));
#12569=CARTESIAN_POINT('Ctrl Pts',(-7.48602443910041,25.4318224658753,-25.7460312151794));
#12570=CARTESIAN_POINT('Ctrl Pts',(-7.52200035012622,24.7970096354619,-25.7733428895558));
#12571=CARTESIAN_POINT('Ctrl Pts',(-7.55797804601433,24.162165310266,-25.7988306983455));
#12572=CARTESIAN_POINT('Ctrl Pts',(-7.5939568324994,23.5273017409449,-25.822382094528));
#12573=CARTESIAN_POINT('Ctrl Pts',(-7.62110713121479,23.0482212261603,-25.8401544405127));
#12574=CARTESIAN_POINT('Ctrl Pts',(-7.65321131643074,22.4817269219458,-25.8602085626543));
#12575=CARTESIAN_POINT('Ctrl Pts',(-7.69259146882741,21.7868445606036,-25.8820094901752));
#12576=CARTESIAN_POINT('Ctrl Pts',(-7.76888209877844,20.4406584779638,-25.9242441285111));
#12577=CARTESIAN_POINT('Ctrl Pts',(-7.87022213970142,18.6524630889331,-25.9733075285134));
#12578=CARTESIAN_POINT('Ctrl Pts',(-8.,16.3624682431589,-26.));
#12579=CARTESIAN_POINT('Ctrl Pts',(-1.94468103424819,123.2115809438,-20.5));
#12580=CARTESIAN_POINT('Ctrl Pts',(-2.35937521743745,115.894095974553,-20.5027526009874));
#12581=CARTESIAN_POINT('Ctrl Pts',(-2.77400540498956,108.577740240129,-20.5821485078174));
#12582=CARTESIAN_POINT('Ctrl Pts',(-3.18857154388977,101.262514676001,-20.7382257453599));
#12583=CARTESIAN_POINT('Ctrl Pts',(-3.37789366684501,97.9218317215961,-20.809502367312));
#12584=CARTESIAN_POINT('Ctrl Pts',(-3.56756671940188,94.5749564399556,-20.8969734409799));
#12585=CARTESIAN_POINT('Ctrl Pts',(-3.75643285601815,91.2423195911318,-21.));
#12586=CARTESIAN_POINT('Ctrl Pts',(-4.22664810072676,82.94513789689,-21.256502618887));
#12587=CARTESIAN_POINT('Ctrl Pts',(-4.6831619876334,74.8897234707667,-21.8390902605002));
#12588=CARTESIAN_POINT('Ctrl Pts',(-5.12986031449157,67.0075094801235,-22.5077740451794));
#12589=CARTESIAN_POINT('Origin',(-5.33254466842723,47.1711379942456,-16.2164213562372));
#12590=CARTESIAN_POINT('',(-4.80646585878246,46.5818494397247,-19.2914214851754));
#12591=CARTESIAN_POINT('',(-4.48490925797971,46.2216569723422,-19.4328427124748));
#12592=CARTESIAN_POINT('Origin',(-4.67327268252364,46.4326527549873,-19.4328427124745));
#12593=CARTESIAN_POINT('',(-4.48490925798016,46.2216569723422,-23.3671572875252));
#12594=CARTESIAN_POINT('',(-4.48490925797934,46.2216569723421,-16.2164213562373));
#12595=CARTESIAN_POINT('',(-4.80646573734629,46.5818493036971,-23.5085786437625));
#12596=CARTESIAN_POINT('Origin',(-4.67327268252356,46.4326527549867,-23.367157287525));
#12597=CARTESIAN_POINT('',(-5.87745994196328,47.7815262630577,-22.371421356237));
#12598=CARTESIAN_POINT('',(-1.10661513116737,42.4374519706633,-27.4369958671536));
#12599=CARTESIAN_POINT('',(-6.18018007887584,48.1206190161491,-22.4256647336044));
#12600=CARTESIAN_POINT('Origin',(-6.01065299678585,47.9307228117679,-22.5128427124743));
#12601=CARTESIAN_POINT('',(-6.18018007887561,48.1206190161491,-20.3743352663963));
#12602=CARTESIAN_POINT('',(-6.18018007887513,48.120619016149,-16.2164213562371));
#12603=CARTESIAN_POINT('',(-5.87745994196329,47.781526263058,-20.428578643763));
#12604=CARTESIAN_POINT('Origin',(-6.01065299678589,47.9307228117683,-20.2871572875257));
#12605=CARTESIAN_POINT('',(-0.032841858889891,41.2346620313962,-14.2228960944848));
#12606=CARTESIAN_POINT('Origin',(-7.81278134364937,16.1312724567812,-20.2871572875257));
#12607=CARTESIAN_POINT('Origin',(-6.00046843564033,48.1104344550035,-20.2871572875257));
#12608=CARTESIAN_POINT('',(-7.68039776217918,15.9677923484517,-20.428578643763));
#12609=CARTESIAN_POINT('Origin',(-7.81278134364937,16.1312724567812,-20.2871572875257));
#12610=CARTESIAN_POINT('',(-7.68039776217918,15.9677923484517,-20.428578643763));
#12611=CARTESIAN_POINT('Origin',(-5.29160584288009,48.0702620193739,-12.9999999999996));
#12612=CARTESIAN_POINT('Origin',(-6.00046843564027,48.1104344550035,-22.5128427124743));
#12613=CARTESIAN_POINT('Origin',(-7.81278134364932,16.1312724567811,-22.5128427124743));
#12614=CARTESIAN_POINT('',(-7.68039776217916,15.9677923484517,-22.371421356237));
#12615=CARTESIAN_POINT('',(-7.68039776217916,15.9677923484517,-22.371421356237));
#12616=CARTESIAN_POINT('Origin',(-7.81278134364932,16.1312724567811,-22.5128427124743));
#12617=CARTESIAN_POINT('Origin',(-6.61591246503025,14.6532624818291,-23.5085786437625));
#12618=CARTESIAN_POINT('',(-6.61591246503025,14.6532624818291,-23.5085786437625));
#12619=CARTESIAN_POINT('',(-6.61591246503025,14.6532624818291,-23.5085786437625));
#12620=CARTESIAN_POINT('',(-18.7822279680272,29.6774109019884,-10.5116735915138));
#12621=CARTESIAN_POINT('Origin',(-5.3325446684276,47.1711379942456,-7.81642135623722));
#12622=CARTESIAN_POINT('',(-4.80646573734624,46.5818493036976,-2.49142135623751));
#12623=CARTESIAN_POINT('',(-4.4849092579797,46.2216569723422,-2.63284271247481));
#12624=CARTESIAN_POINT('Origin',(-4.67327268252368,46.4326527549874,-2.63284271247482));
#12625=CARTESIAN_POINT('',(-4.4849092579797,46.2216569723422,-6.56715728752518));
#12626=CARTESIAN_POINT('',(-4.4849092579797,46.2216569723422,-7.81642135623722));
#12627=CARTESIAN_POINT('',(-4.80646585878269,46.5818494397249,-6.70857851482486));
#12628=CARTESIAN_POINT('Origin',(-4.67327268252405,46.4326527549878,-6.56715728752518));
#12629=CARTESIAN_POINT('',(-5.87745994196323,47.7815262630581,-5.57142135623703));
#12630=CARTESIAN_POINT('',(0.211928777872277,40.9604815624577,-12.0369958005112));
#12631=CARTESIAN_POINT('',(-6.18018007887549,48.1206190161491,-5.62566473360373));
#12632=CARTESIAN_POINT('Origin',(-6.01065299678582,47.9307228117683,-5.71284271247427));
#12633=CARTESIAN_POINT('',(-6.18018007887549,48.1206190161491,-3.57433526639931));
#12634=CARTESIAN_POINT('',(-6.18018007887549,48.1206190161491,-7.81642135623722));
#12635=CARTESIAN_POINT('',(-5.8774599419632,47.781526263058,-3.62857864376306));
#12636=CARTESIAN_POINT('Origin',(-6.01065299678655,47.9307228117691,-3.48715728752577));
#12637=CARTESIAN_POINT('',(-1.35138583069595,42.71163250991,1.17710390551494));
#12638=CARTESIAN_POINT('Origin',(-5.29160584288009,48.0702620193739,-12.9999999999996));
#12639=CARTESIAN_POINT('',(-6.20014803923482,48.1217506340541,-5.71284271247427));
#12640=CARTESIAN_POINT('Origin',(-6.00046843564026,48.1104344550035,-5.71284271247427));
#12641=CARTESIAN_POINT('',(-6.2001480392362,48.1217506340542,-3.48715728752577));
#12642=CARTESIAN_POINT('',(-6.20014803923495,48.1217506340541,-9.35642135623694));
#12643=CARTESIAN_POINT('Origin',(-6.00046843564103,48.1104344550036,-3.48715728752577));
#12644=CARTESIAN_POINT('Origin',(-7.81278134364931,16.1312724567811,-5.71284271247427));
#12645=CARTESIAN_POINT('',(-7.68039776217914,15.9677923484517,-5.57142135623703));
#12646=CARTESIAN_POINT('',(-7.68039776217914,15.9677923484517,-5.57142135623703));
#12647=CARTESIAN_POINT('',(-7.99999999999988,16.3624682431587,-5.71284271247427));
#12648=CARTESIAN_POINT('Origin',(-7.81278134364931,16.1312724567811,-5.71284271247427));
#12649=CARTESIAN_POINT('',(-8.01246094724399,16.1425886358317,-5.71284271247427));
#12650=CARTESIAN_POINT('Origin',(-6.6159125857285,14.653262630879,-6.70857851482449));
#12651=CARTESIAN_POINT('',(-6.61591258572866,14.6532626308792,-6.70857851482486));
#12652=CARTESIAN_POINT('',(-6.61591258572866,14.6532626308792,-6.70857851482486));
#12653=CARTESIAN_POINT('',(-16.3345885600998,26.6548279569157,3.67358762589821));
#12654=CARTESIAN_POINT('Origin',(-6.48352888356045,14.4897823735001,-6.56715728752518));
#12655=CARTESIAN_POINT('',(-6.29631022720948,14.258586587122,-6.56715728752518));
#12656=CARTESIAN_POINT('',(-6.29631022720948,14.258586587122,-6.56715728752518));
#12657=CARTESIAN_POINT('Origin',(-6.48352888356045,14.4897823735001,-6.56715728752518));
#12658=CARTESIAN_POINT('Origin',(-0.268923284249242,122.655558447994,-11.1991546228422));
#12659=CARTESIAN_POINT('',(0.586791639783903,121.697027137817,-9.25688788944812));
#12660=CARTESIAN_POINT('',(0.908348119148286,121.336834806461,-9.39830924568481));
#12661=CARTESIAN_POINT('Origin',(0.719984694605575,121.547830589107,-9.39830924568468));
#12662=CARTESIAN_POINT('',(0.908348119150604,121.336834806461,-16.6016919850611));
#12663=CARTESIAN_POINT('',(0.908348119150607,121.336834806461,-11.1991546228422));
#12664=CARTESIAN_POINT('',(0.58679019107401,121.697028760593,-16.743110572336));
#12665=CARTESIAN_POINT('Origin',(0.719984694605899,121.547830589107,-16.6016907543155));
#12666=CARTESIAN_POINT('',(-1.44619468764909,123.974282089526,-14.5845334667953));
#12667=CARTESIAN_POINT('',(16.4670846501483,103.908675389227,-33.6044460439453));
#12668=CARTESIAN_POINT('',(-1.44619468764909,123.974282089526,-11.4154665332053));
#12669=CARTESIAN_POINT('',(-1.44619468764909,123.974282089526,-11.1991546228422));
#12670=CARTESIAN_POINT('',(15.9266094425165,104.514090106605,7.0305817611301));
#12671=CARTESIAN_POINT('Origin',(-0.425099821358959,123.916414925697,-12.9999999999996));
#12672=CARTESIAN_POINT('',(-1.55912559463807,123.980682074006,-11.5285786437626));
#12673=CARTESIAN_POINT('Origin',(-1.7003203964055,123.988683820949,-11.3871572875255));
#12674=CARTESIAN_POINT('',(-1.64288519273529,123.985428871336,-11.612472638531));
#12675=CARTESIAN_POINT('',(-1.55912559463893,123.980682074006,-14.4714213562372));
#12676=CARTESIAN_POINT('',(-0.508860187329793,123.921161766544,-15.5233719695221));
#12677=CARTESIAN_POINT('Origin',(-1.70032039640533,123.988683820949,-14.6128427124746));
#12678=CARTESIAN_POINT('Origin',(-5.55388474874887,13.3417674748318,-16.7431105723458));
#12679=CARTESIAN_POINT('',(-5.55388474874469,13.3417674748267,-16.743110572336));
#12680=CARTESIAN_POINT('',(-5.55388474874469,13.3417674748267,-16.743110572336));
#12681=CARTESIAN_POINT('',(-7.68039776217916,15.9677923484517,-14.4714213562372));
#12682=CARTESIAN_POINT('',(-17.100240788495,27.6003297166557,-4.40848937079036));
#12683=CARTESIAN_POINT('',(-7.68039776217916,15.9677923484517,-14.4714213562372));
#12684=CARTESIAN_POINT('Ctrl Pts',(-5.2342810710184,12.9470898019831,-16.6016919850611));
#12685=CARTESIAN_POINT('Ctrl Pts',(-5.23428189206114,12.947089848513,-16.7353280750403));
#12686=CARTESIAN_POINT('Ctrl Pts',(-5.35754819596704,12.9540755573225,-16.7864673235569));
#12687=CARTESIAN_POINT('Ctrl Pts',(-5.48081449987295,12.961061266132,-16.8376065720736));
#12688=CARTESIAN_POINT('Ctrl Pts',(-5.57515705273867,12.9664078173125,-16.7431105316564));
#12689=CARTESIAN_POINT('Ctrl Pts',(0.927666132178185,121.677710747565,-16.6016919850611));
#12690=CARTESIAN_POINT('Ctrl Pts',(0.92766531113545,121.677710794095,-16.7353280750403));
#12691=CARTESIAN_POINT('Ctrl Pts',(0.804399007229541,121.684696502905,-16.7864673235569));
#12692=CARTESIAN_POINT('Ctrl Pts',(0.681132703323633,121.691682211714,-16.8376065720736));
#12693=CARTESIAN_POINT('Ctrl Pts',(0.586790150457912,121.697028762895,-16.7431105316564));
#12694=CARTESIAN_POINT('',(-5.23428107101834,12.9470898019842,-16.6016919850611));
#12695=CARTESIAN_POINT('',(-5.23428107101834,12.9470898019842,-16.6016919850611));
#12696=CARTESIAN_POINT('Origin',(-5.42149972736967,13.1782855883628,-16.6016907543155));
#12697=CARTESIAN_POINT('Origin',(-6.29631022720948,14.258586587122,-2.63284271247481));
#12698=CARTESIAN_POINT('',(-6.29631022720948,14.258586587122,-2.63284271247481));
#12699=CARTESIAN_POINT('',(-6.29631022720948,14.258586587122,-2.63284271247481));
#12700=CARTESIAN_POINT('',(-6.29631022720948,14.258586587122,-1.31642135623741));
#12701=CARTESIAN_POINT('Origin',(-6.48352888356009,14.4897823734997,-2.63284271247482));
#12702=CARTESIAN_POINT('',(-6.61591246503023,14.6532624818291,-2.49142135623751));
#12703=CARTESIAN_POINT('',(-6.61591246503023,14.6532624818291,-2.49142135623751));
#12704=CARTESIAN_POINT('Origin',(-6.48352888356009,14.4897823734997,-2.63284271247482));
#12705=CARTESIAN_POINT('Origin',(-7.68039776217934,15.9677923484519,-3.62857864376252));
#12706=CARTESIAN_POINT('',(-7.68039776217911,15.9677923484516,-3.62857864376306));
#12707=CARTESIAN_POINT('',(-7.68039776217911,15.9677923484516,-3.62857864376306));
#12708=CARTESIAN_POINT('',(-15.5264571537984,25.6568687811674,-12.0102854079885));
#12709=CARTESIAN_POINT('Origin',(-7.81278134365003,16.131272456782,-3.48715728752577));
#12710=CARTESIAN_POINT('',(-8.00000000000118,16.3624682431603,-3.48715728752577));
#12711=CARTESIAN_POINT('',(-8.01246094724395,16.1425886358326,-3.48715728752577));
#12712=CARTESIAN_POINT('Origin',(-7.81278134365003,16.131272456782,-3.48715728752577));
#12713=CARTESIAN_POINT('Origin',(-6.48352888355995,14.4897823734995,-23.367157287525));
#12714=CARTESIAN_POINT('',(-6.29631022720991,14.2585865871225,-23.3671572875252));
#12715=CARTESIAN_POINT('',(-6.29631022720991,14.2585865871225,-23.3671572875252));
#12716=CARTESIAN_POINT('Origin',(-6.48352888355995,14.4897823734995,-23.367157287525));
#12717=CARTESIAN_POINT('Origin',(-6.29631022720949,14.258586587122,-19.4328427124748));
#12718=CARTESIAN_POINT('',(-6.29631022720949,14.258586587122,-19.4328427124748));
#12719=CARTESIAN_POINT('',(-6.29631022720949,14.258586587122,-19.4328427124748));
#12720=CARTESIAN_POINT('',(-6.29631022720844,14.2585865871207,-9.71642135624091));
#12721=CARTESIAN_POINT('Origin',(-6.48352888356005,14.4897823734996,-19.4328427124745));
#12722=CARTESIAN_POINT('',(-6.61591258572843,14.653262630879,-19.2914214851754));
#12723=CARTESIAN_POINT('',(-6.61591258572843,14.653262630879,-19.2914214851754));
#12724=CARTESIAN_POINT('Origin',(-6.48352888356005,14.4897823734997,-19.4328427124745));
#12725=CARTESIAN_POINT('Origin',(-7.6803977621793,15.9677923484519,-20.4285786437627));
#12726=CARTESIAN_POINT('',(-13.0788176855224,22.6342857615704,-26.1955465609277));
#12727=CARTESIAN_POINT('Origin',(-14.3535461405186,67.9063768553077,-23.25));
#12728=CARTESIAN_POINT('Ctrl Pts',(-13.1487787072463,30.5118690000429,-25.5096846161329));
#12729=CARTESIAN_POINT('Ctrl Pts',(-13.134221458122,30.353627758709,-25.5185117493839));
#12730=CARTESIAN_POINT('Ctrl Pts',(-13.1184018890499,30.1954475912412,-25.5272369384469));
#12731=CARTESIAN_POINT('Ctrl Pts',(-12.9554650156564,28.6886449134555,-25.6094005301758));
#12732=CARTESIAN_POINT('Ctrl Pts',(-12.7181580982663,27.3586576943263,-25.6746571266117));
#12733=CARTESIAN_POINT('Ctrl Pts',(-11.1474407837224,21.156357164461,-25.9429128843392));
#12734=CARTESIAN_POINT('Ctrl Pts',(-8.90449355943384,17.7207297321701,-25.9848141865465));
#12735=CARTESIAN_POINT('Ctrl Pts',(-8.00000000000001,16.3624682431588,-26.));
#12736=CARTESIAN_POINT('Origin',(-14.3535461405186,67.9063768553077,-2.75));
#12737=CARTESIAN_POINT('Ctrl Pts',(-8.,16.3624682431588,5.6768825751341E-15));
#12738=CARTESIAN_POINT('Ctrl Pts',(-8.91500942633676,17.7365212177908,-0.0153623674945904));
#12739=CARTESIAN_POINT('Ctrl Pts',(-9.73608353100064,19.1673955197275,-0.0416007625687444));
#12740=CARTESIAN_POINT('Ctrl Pts',(-11.9259792367523,23.7973028224255,-0.162783409620898));
#12741=CARTESIAN_POINT('Ctrl Pts',(-12.8311511606228,27.0591715011834,-0.297714386361793));
#12742=CARTESIAN_POINT('Ctrl Pts',(-13.1487787091518,30.5118690207567,-0.490315385022575));
#12743=CARTESIAN_POINT('Origin',(-32.,46.0000000000001,0.));
#12744=CARTESIAN_POINT('Origin',(-7.81278134364932,16.1312724567811,-14.6128427124746));
#12745=CARTESIAN_POINT('',(-5.23428107102051,12.9470898019869,-9.39830924568481));
#12746=CARTESIAN_POINT('',(-5.23428107101833,12.9470898019843,-4.69915462284242));
#12747=CARTESIAN_POINT('',(-5.55388330883925,13.3417656966915,-9.25688788944812));
#12748=CARTESIAN_POINT('Origin',(-5.42149972736999,13.1782855883632,-9.39830924568468));
#12749=CARTESIAN_POINT('',(-7.68039776217835,15.9677923484507,-11.5285786437626));
#12750=CARTESIAN_POINT('',(-14.3754838324196,24.235535099349,-18.680735593));
#12751=CARTESIAN_POINT('',(-8.00000000000066,16.3624682431597,-11.3871572875253));
#12752=CARTESIAN_POINT('Origin',(-7.81278134364949,16.1312724567813,-11.3871572875255));
#12753=CARTESIAN_POINT('',(-8.,16.3624682431589,-6.5));
#12754=CARTESIAN_POINT('',(-8.,16.3624682431589,-6.5));
#12755=CARTESIAN_POINT('',(-1.59594559789866E-15,6.48329099087846,0.));
#12756=CARTESIAN_POINT('Origin',(-5.23428107101833,12.9470898019842,-9.39830924568481));
#12757=CARTESIAN_POINT('',(-5.23428107102051,12.9470898019869,-9.39830924568481));
#12758=CARTESIAN_POINT('Origin',(-5.42149972736999,13.1782855883632,-9.39830924568468));
#12759=CARTESIAN_POINT('',(-5.55388330883925,13.3417656966915,-9.25688788944812));
#12760=CARTESIAN_POINT('Origin',(-7.68039776217846,15.9677923484508,-11.5285786437623));
#12761=CARTESIAN_POINT('',(-7.68039776217835,15.9677923484507,-11.5285786437626));
#12762=CARTESIAN_POINT('Origin',(-7.81278134364949,16.1312724567813,-11.3871572875255));
#12763=CARTESIAN_POINT('',(-8.01246094724398,16.1425886358319,-11.3871572875255));
#12764=CARTESIAN_POINT('Origin',(-7.81278134364932,16.1312724567811,-14.6128427124746));
#12765=CARTESIAN_POINT('Origin',(-5.39935440007875,62.2521523988658,-13.));
#12766=CARTESIAN_POINT('',(-5.12985553949019,67.007593737396,-3.48715728752577));
#12767=CARTESIAN_POINT('Ctrl Pts',(-5.1298555395392,67.007593736531,-3.48715729515414));
#12768=CARTESIAN_POINT('Ctrl Pts',(-5.0313409806808,68.7459320902412,-3.63393114524548));
#12769=CARTESIAN_POINT('Ctrl Pts',(-4.93282043067149,70.4843761607869,-3.77604269684029));
#12770=CARTESIAN_POINT('Ctrl Pts',(-4.83429175274069,72.2229636525468,-3.91119036034522));
#12771=CARTESIAN_POINT('Ctrl Pts',(-4.73401065285308,73.992473500705,-4.04874174769901));
#12772=CARTESIAN_POINT('Ctrl Pts',(-4.63372113325988,75.7621319187525,-4.17907931817273));
#12773=CARTESIAN_POINT('Ctrl Pts',(-4.5334209402629,77.5319786743149,-4.29977629350349));
#12774=CARTESIAN_POINT('Ctrl Pts',(-4.44603636687674,79.073922902661,-4.40493116293227));
#12775=CARTESIAN_POINT('Ctrl Pts',(-4.36399837280313,80.5215240817374,-4.49638970254642));
#12776=CARTESIAN_POINT('Ctrl Pts',(-4.28523868284288,81.9112779553857,-4.57736749086335));
#12777=CARTESIAN_POINT('Ctrl Pts',(-4.10573055679591,85.0787880566959,-4.76193107966796));
#12778=CARTESIAN_POINT('Ctrl Pts',(-3.94156830664523,87.9755125507726,-4.89900853179674));
#12779=CARTESIAN_POINT('Ctrl Pts',(-3.75643285601812,91.2423195911321,-5.));
#12780=CARTESIAN_POINT('Ctrl Pts',(-3.64065362746811,93.2853016222523,-5.0631576191329));
#12781=CARTESIAN_POINT('Ctrl Pts',(-3.51669715871579,95.4725751209071,-5.12518034245192));
#12782=CARTESIAN_POINT('Ctrl Pts',(-3.37567294032871,97.9610175446977,-5.18612532318762));
#12783=CARTESIAN_POINT('Ctrl Pts',(-3.26493262280459,99.9150854863806,-5.23398282309341));
#12784=CARTESIAN_POINT('Ctrl Pts',(-3.14042814910075,102.112028804768,-5.28175043833407));
#12785=CARTESIAN_POINT('Ctrl Pts',(-3.01892965511763,104.255930116984,-5.3213604965404));
#12786=CARTESIAN_POINT('Ctrl Pts',(-2.66088130873975,110.573871142187,-5.43808882275885));
#12787=CARTESIAN_POINT('Ctrl Pts',(-2.30279841712965,116.892421735181,-5.49762293684916));
#12788=CARTESIAN_POINT('Ctrl Pts',(-1.94468103424837,123.211580943797,-5.5));
#12789=CARTESIAN_POINT('Ctrl Pts',(-5.12985553953995,67.0075937365178,-3.48715729515302));
#12790=CARTESIAN_POINT('Ctrl Pts',(-5.18522462058557,66.0305787825186,-3.40466458244883));
#12791=CARTESIAN_POINT('Ctrl Pts',(-5.24059180909559,65.0535972232507,-3.32069910332775));
#12792=CARTESIAN_POINT('Ctrl Pts',(-5.29595748443618,64.0766423646094,-3.23566948622192));
#12793=CARTESIAN_POINT('Ctrl Pts',(-5.83652942830953,54.537981745671,-2.4054687323623));
#12794=CARTESIAN_POINT('Ctrl Pts',(-6.37695708495325,45.0018671466113,-1.47381861275529));
#12795=CARTESIAN_POINT('Ctrl Pts',(-6.91759359741694,35.4620671828049,-0.82106279326345));
#12796=CARTESIAN_POINT('Ctrl Pts',(-7.01534144940889,33.7372577528138,-0.703043610763537));
#12797=CARTESIAN_POINT('Ctrl Pts',(-7.11143219495775,32.0416887896083,-0.595743445781712));
#12798=CARTESIAN_POINT('Ctrl Pts',(-7.21159438055825,30.274277243148,-0.495872418289049));
#12799=CARTESIAN_POINT('Ctrl Pts',(-7.42719155331588,26.4699579760357,-0.28090195774319));
#12800=CARTESIAN_POINT('Ctrl Pts',(-7.67176759060691,22.1542922414658,-0.0675102379446232));
#12801=CARTESIAN_POINT('Ctrl Pts',(-8.00000000000006,16.3624682431579,1.60402183149119E-14));
#12802=CARTESIAN_POINT('Origin',(-1.59594559789866E-15,6.48329099087846,
0.));
#12803=CARTESIAN_POINT('Origin',(-5.,4.99999999999998,0.));
#12804=CARTESIAN_POINT('',(-6.65,4.99999999999998,0.));
#12805=CARTESIAN_POINT('Origin',(-35.,5.,0.));
#12806=CARTESIAN_POINT('',(-36.65,5.,0.));
#12807=CARTESIAN_POINT('Ctrl Pts',(31.9678722603409,131.626325035697,-20.5035792172741));
#12808=CARTESIAN_POINT('Ctrl Pts',(-21.5657249552015,134.660164047841,-20.5035792172741));
#12809=CARTESIAN_POINT('Ctrl Pts',(31.7881264055083,128.454620091811,-20.5023861448494));
#12810=CARTESIAN_POINT('Ctrl Pts',(-21.7454708100341,131.488459103955,-20.5023861448494));
#12811=CARTESIAN_POINT('Ctrl Pts',(31.6083805506757,125.282915147926,-20.5011930724247));
#12812=CARTESIAN_POINT('Ctrl Pts',(-21.9252166648666,128.31675416007,-20.5011930724247));
#12813=CARTESIAN_POINT('Ctrl Pts',(31.4286346958432,122.11121020404,-20.5));
#12814=CARTESIAN_POINT('Ctrl Pts',(-22.1049625196992,125.145049216184,-20.5));
#12815=CARTESIAN_POINT('Ctrl Pts',(30.9990421553341,114.530836315262,-20.4971485572537));
#12816=CARTESIAN_POINT('Ctrl Pts',(-22.5345550602083,117.564675327406,-20.4971485572537));
#12817=CARTESIAN_POINT('Ctrl Pts',(30.5695182877261,106.951674193954,-20.5765430488));
#12818=CARTESIAN_POINT('Ctrl Pts',(-22.9640789278163,109.985513206098,-20.5765430488));
#12819=CARTESIAN_POINT('Ctrl Pts',(30.1400631519534,99.3737248800405,-20.7382257453599));
#12820=CARTESIAN_POINT('Ctrl Pts',(-23.393534063589,102.407563892185,-20.7382257453599));
#12821=CARTESIAN_POINT('Ctrl Pts',(29.9507410289981,96.0330419256361,-20.809502367312));
#12822=CARTESIAN_POINT('Ctrl Pts',(-23.5828561865442,99.0668809377802,-20.809502367312));
#12823=CARTESIAN_POINT('Ctrl Pts',(29.7610679764413,92.6861666439956,-20.8969734409799));
#12824=CARTESIAN_POINT('Ctrl Pts',(-23.7725292391011,95.7200056561398,-20.8969734409799));
#12825=CARTESIAN_POINT('Ctrl Pts',(29.572201839825,89.3535297951718,-21.));
#12826=CARTESIAN_POINT('Ctrl Pts',(-23.9613953757174,92.3873688073159,-21.));
#12827=CARTESIAN_POINT('Ctrl Pts',(28.8509238134589,76.6262205380419,-21.393457474615));
#12828=CARTESIAN_POINT('Ctrl Pts',(-24.6826734020835,79.6600595501861,-21.393457474615));
#12829=CARTESIAN_POINT('Ctrl Pts',(28.1618843445617,64.4677766503139,-22.5541754570449));
#12830=CARTESIAN_POINT('Ctrl Pts',(-25.3717128709807,67.501615662458,-22.5541754570449));
#12831=CARTESIAN_POINT('Ctrl Pts',(27.4910585845096,52.6307227075406,-23.6159720402181));
#12832=CARTESIAN_POINT('Ctrl Pts',(-26.0425386310328,55.6645617196848,-23.6159720402181));
#12833=CARTESIAN_POINT('Ctrl Pts',(27.1556457044835,46.712195736154,-24.1468703318046));
#12834=CARTESIAN_POINT('Ctrl Pts',(-26.3779515110588,49.7460347482981,-24.1468703318046));
#12835=CARTESIAN_POINT('Ctrl Pts',(26.8254577226129,40.885864689544,-24.6596972690423));
#12836=CARTESIAN_POINT('Ctrl Pts',(-26.7081394929294,43.9197037016881,-24.6596972690423));
#12837=CARTESIAN_POINT('Ctrl Pts',(26.4931952108719,35.0229275323083,-25.0776463745725));
#12838=CARTESIAN_POINT('Ctrl Pts',(-27.0404020046705,38.0567665444524,-25.0776463745725));
#12839=CARTESIAN_POINT('Ctrl Pts',(26.3270639550013,32.0914589536905,-25.2866209273376));
#12840=CARTESIAN_POINT('Ctrl Pts',(-27.206533260541,35.1252979658346,-25.2866209273376));
#12841=CARTESIAN_POINT('Ctrl Pts',(26.1608050805146,29.1577384811627,-25.4712113793393));
#12842=CARTESIAN_POINT('Ctrl Pts',(-27.3727921350277,32.1915774933068,-25.4712113793393));
#12843=CARTESIAN_POINT('Ctrl Pts',(25.9944871282849,26.222975552497,-25.6201997455276));
#12844=CARTESIAN_POINT('Ctrl Pts',(-27.5391100872575,29.2568145646412,-25.6201997455276));
#12845=CARTESIAN_POINT('Ctrl Pts',(25.9438663301269,25.3297464099912,-25.6655460831394));
#12846=CARTESIAN_POINT('Ctrl Pts',(-27.5897308854154,28.3635854221353,-25.6655460831394));
#12847=CARTESIAN_POINT('Ctrl Pts',(25.8932400609915,24.4364207293688,-25.7075948090411));
#12848=CARTESIAN_POINT('Ctrl Pts',(-27.6403571545509,27.4702597415129,-25.7075948090411));
#12849=CARTESIAN_POINT('Ctrl Pts',(25.8426102567427,23.5430326699153,-25.7460312151794));
#12850=CARTESIAN_POINT('Ctrl Pts',(-27.6909869587996,26.5768716820594,-25.7460312151794));
#12851=CARTESIAN_POINT('Ctrl Pts',(25.8066343457169,22.9082198395019,-25.7733428895558));
#12852=CARTESIAN_POINT('Ctrl Pts',(-27.7269628698254,25.942058851646,-25.7733428895558));
#12853=CARTESIAN_POINT('Ctrl Pts',(25.7706566498288,22.273375514306,-25.7988306983455));
#12854=CARTESIAN_POINT('Ctrl Pts',(-27.7629405657135,25.3072145264501,-25.7988306983455));
#12855=CARTESIAN_POINT('Ctrl Pts',(25.7346778633438,21.6385119449849,-25.822382094528));
#12856=CARTESIAN_POINT('Ctrl Pts',(-27.7989193521986,24.672350957129,-25.822382094528));
#12857=CARTESIAN_POINT('Ctrl Pts',(25.7075275646284,21.1594314302003,-25.8401544405127));
#12858=CARTESIAN_POINT('Ctrl Pts',(-27.826069650914,24.1932704423445,-25.8401544405127));
#12859=CARTESIAN_POINT('Ctrl Pts',(25.6754233794124,20.5929371259857,-25.8602085626543));
#12860=CARTESIAN_POINT('Ctrl Pts',(-27.85817383613,23.6267761381299,-25.8602085626543));
#12861=CARTESIAN_POINT('Ctrl Pts',(25.6360432270157,19.8980547646436,-25.8820094901752));
#12862=CARTESIAN_POINT('Ctrl Pts',(-27.8975539885266,22.9318937767878,-25.8820094901752));
#12863=CARTESIAN_POINT('Ctrl Pts',(25.5597525970647,18.5518686820038,-25.9242441285111));
#12864=CARTESIAN_POINT('Ctrl Pts',(-27.9738446184777,21.5857076941479,-25.9242441285111));
#12865=CARTESIAN_POINT('Ctrl Pts',(25.4584125561417,16.7636732929731,-25.9733075285134));
#12866=CARTESIAN_POINT('Ctrl Pts',(-28.0751846594006,19.7975123051172,-25.9733075285134));
#12867=CARTESIAN_POINT('Ctrl Pts',(25.3286346958432,14.4736784471989,-26.));
#12868=CARTESIAN_POINT('Ctrl Pts',(-28.2049625196992,17.507517459343,-26.));
#12869=CARTESIAN_POINT('Ctrl Pts',(25.1128436538801,10.6659382616019,-26.0443835044083));
#12870=CARTESIAN_POINT('Ctrl Pts',(-28.4207535616623,13.6997772737461,-26.0443835044083));
#12871=CARTESIAN_POINT('Ctrl Pts',(24.818464272951,5.47146777581358,-26.0798938379427));
#12872=CARTESIAN_POINT('Ctrl Pts',(-28.7151329425913,8.5053067879577,-26.0798938379427));
#12873=CARTESIAN_POINT('Ctrl Pts',(24.4299258956856,-1.38448499822842,-26.));
#12874=CARTESIAN_POINT('Ctrl Pts',(-29.1036713198567,1.64935401391571,-26.));
#12875=CARTESIAN_POINT('Ctrl Pts',(16.2300602017169,-146.075190577966,-24.3138892340144));
#12876=CARTESIAN_POINT('Ctrl Pts',(-37.3035370138255,-143.041351565822,
-24.3138892340144));
#12877=CARTESIAN_POINT('Ctrl Pts',(8.03019450774807,-290.765896157703,-22.6277784680289));
#12878=CARTESIAN_POINT('Ctrl Pts',(-45.5034027077943,-287.732057145559,
-22.6277784680289));
#12879=CARTESIAN_POINT('Ctrl Pts',(-0.169671186220715,-435.45660173744,
-20.9416677020433));
#12880=CARTESIAN_POINT('Ctrl Pts',(-53.7032684017631,-432.422762725296,
-20.9416677020433));
#12881=CARTESIAN_POINT('Ctrl Pts',(5.01276582394873,-344.009924199656,-3.99268522070956));
#12882=CARTESIAN_POINT('Ctrl Pts',(-49.7912224899236,-340.904089986829,
-3.99268522070956));
#12883=CARTESIAN_POINT('Ctrl Pts',(11.4851524999559,-229.801444465021,-2.66179014713971));
#12884=CARTESIAN_POINT('Ctrl Pts',(-43.3188358139165,-226.695610252194,
-2.66179014713971));
#12885=CARTESIAN_POINT('Ctrl Pts',(17.957539175963,-115.592964730386,-1.33089507356985));
#12886=CARTESIAN_POINT('Ctrl Pts',(-36.8464491379093,-112.487130517559,
-1.33089507356985));
#12887=CARTESIAN_POINT('Ctrl Pts',(24.4299258519701,-1.38448499575102,4.16333634234434E-15));
#12888=CARTESIAN_POINT('Ctrl Pts',(-30.3740624619022,1.7213492170757,4.16333634234434E-15));
#12889=CARTESIAN_POINT('Ctrl Pts',(24.7913819610677,4.99358769632969,0.0743250023508268));
#12890=CARTESIAN_POINT('Ctrl Pts',(-30.0126063528047,8.09942190915642,0.0743250023508268));
#12891=CARTESIAN_POINT('Ctrl Pts',(25.0833410920519,10.1453516689538,0.050451528042669));
#12892=CARTESIAN_POINT('Ctrl Pts',(-29.7206472218205,13.2511858817806,0.050451528042669));
#12893=CARTESIAN_POINT('Ctrl Pts',(25.3286346521277,14.4736784496763,4.43221848112074E-15));
#12894=CARTESIAN_POINT('Ctrl Pts',(-29.4753536617447,17.579512662503,4.43221848112074E-15));
#12895=CARTESIAN_POINT('Ctrl Pts',(25.6568670615208,20.2655024479837,-0.0675102379446477));
#12896=CARTESIAN_POINT('Ctrl Pts',(-29.1471212523516,23.3713366608105,-0.0675102379446477));
#12897=CARTESIAN_POINT('Ctrl Pts',(25.9014430988118,24.5811681825534,-0.280901957743202));
#12898=CARTESIAN_POINT('Ctrl Pts',(-28.9025452150606,27.6870023953801,-0.280901957743202));
#12899=CARTESIAN_POINT('Ctrl Pts',(26.1170402715694,28.3854874496654,-0.495872418289049));
#12900=CARTESIAN_POINT('Ctrl Pts',(-28.686948042303,31.4913216624921,-0.495872418289049));
#12901=CARTESIAN_POINT('Ctrl Pts',(26.2172024571699,30.1528989961257,-0.595743445781712));
#12902=CARTESIAN_POINT('Ctrl Pts',(-28.5867858567025,33.2587332089524,-0.595743445781712));
#12903=CARTESIAN_POINT('Ctrl Pts',(26.3132932027188,31.8484679593312,-0.703043610763537));
#12904=CARTESIAN_POINT('Ctrl Pts',(-28.4906951111536,34.954302172158,-0.703043610763537));
#12905=CARTESIAN_POINT('Ctrl Pts',(26.4110410547107,33.5732773893224,-0.82106279326345));
#12906=CARTESIAN_POINT('Ctrl Pts',(-28.3929472591617,36.6791116021491,-0.82106279326345));
#12907=CARTESIAN_POINT('Ctrl Pts',(26.9516775671744,43.1130773531287,-1.47381861275529));
#12908=CARTESIAN_POINT('Ctrl Pts',(-27.852310746698,46.2189115659554,-1.47381861275529));
#12909=CARTESIAN_POINT('Ctrl Pts',(27.4921052238181,52.6491919521885,-2.4054687323623));
#12910=CARTESIAN_POINT('Ctrl Pts',(-27.3118830900542,55.7550261650152,-2.4054687323623));
#12911=CARTESIAN_POINT('Ctrl Pts',(28.0326771676915,62.1878525711268,-3.23566948622192));
#12912=CARTESIAN_POINT('Ctrl Pts',(-26.7713111461809,65.2936867839535,-3.23566948622192));
#12913=CARTESIAN_POINT('Ctrl Pts',(28.1865513423441,64.9030388597709,-3.47198670032073));
#12914=CARTESIAN_POINT('Ctrl Pts',(-26.6174369715283,68.0088730725976,-3.47198670032073));
#12915=CARTESIAN_POINT('Ctrl Pts',(28.3404372049328,67.6184313878565,-3.70008436113359));
#12916=CARTESIAN_POINT('Ctrl Pts',(-26.4635511089396,70.7242656006833,-3.70008436113359));
#12917=CARTESIAN_POINT('Ctrl Pts',(28.494342899387,70.3341738590643,-3.91119036034522));
#12918=CARTESIAN_POINT('Ctrl Pts',(-26.3096454144854,73.4400080718911,-3.91119036034522));
#12919=CARTESIAN_POINT('Ctrl Pts',(28.5946239992746,72.1036837072225,-4.04874174769901));
#12920=CARTESIAN_POINT('Ctrl Pts',(-26.2093643145978,75.2095179200492,-4.04874174769901));
#12921=CARTESIAN_POINT('Ctrl Pts',(28.6949135188678,73.87334212527,-4.17907931817273));
#12922=CARTESIAN_POINT('Ctrl Pts',(-26.1090747950046,76.9791763380968,-4.17907931817273));
#12923=CARTESIAN_POINT('Ctrl Pts',(28.7952137118648,75.6431888808324,-4.29977629350349));
#12924=CARTESIAN_POINT('Ctrl Pts',(-26.0087746020076,78.7490230936591,-4.29977629350349));
#12925=CARTESIAN_POINT('Ctrl Pts',(28.8825982852509,77.1851331091784,-4.40493116293227));
#12926=CARTESIAN_POINT('Ctrl Pts',(-25.9213900286214,80.2909673220052,-4.40493116293227));
#12927=CARTESIAN_POINT('Ctrl Pts',(28.9646362793245,78.6327342882548,-4.49638970254642));
#12928=CARTESIAN_POINT('Ctrl Pts',(-25.8393520345478,81.7385685010815,-4.49638970254642));
#12929=CARTESIAN_POINT('Ctrl Pts',(29.0433959692848,80.0224881619031,-4.57736749086335));
#12930=CARTESIAN_POINT('Ctrl Pts',(-25.7605923445876,83.1283223747298,-4.57736749086335));
#12931=CARTESIAN_POINT('Ctrl Pts',(29.2229040953317,83.1899982632134,-4.76193107966796));
#12932=CARTESIAN_POINT('Ctrl Pts',(-25.5810842185406,86.2958324760401,-4.76193107966796));
#12933=CARTESIAN_POINT('Ctrl Pts',(29.3870663454824,86.08672275729,-4.89900853179674));
#12934=CARTESIAN_POINT('Ctrl Pts',(-25.4169219683899,89.1925569701167,-4.89900853179674));
#12935=CARTESIAN_POINT('Ctrl Pts',(29.5722017961095,89.3535297976495,-5.));
#12936=CARTESIAN_POINT('Ctrl Pts',(-25.2317865177628,92.4593640104762,-5.));
#12937=CARTESIAN_POINT('Ctrl Pts',(29.6879810246595,91.3965118287697,-5.06315761913289));
#12938=CARTESIAN_POINT('Ctrl Pts',(-25.1160072892128,94.5023460415965,-5.06315761913289));
#12939=CARTESIAN_POINT('Ctrl Pts',(29.8119374934119,93.5837853274246,-5.12518034245192));
#12940=CARTESIAN_POINT('Ctrl Pts',(-24.9920508204605,96.6896195402513,-5.12518034245192));
#12941=CARTESIAN_POINT('Ctrl Pts',(29.9529617117989,96.0722277512151,-5.18612532318762));
#12942=CARTESIAN_POINT('Ctrl Pts',(-24.8510266020734,99.1780619640418,-5.18612532318762));
#12943=CARTESIAN_POINT('Ctrl Pts',(30.0637020293231,98.026295692898,-5.23398282309341));
#12944=CARTESIAN_POINT('Ctrl Pts',(-24.7402862845493,101.132129905725,-5.23398282309341));
#12945=CARTESIAN_POINT('Ctrl Pts',(30.1882065030269,100.223239011286,-5.28175043833407));
#12946=CARTESIAN_POINT('Ctrl Pts',(-24.6157818108455,103.329073224113,-5.28175043833407));
#12947=CARTESIAN_POINT('Ctrl Pts',(30.30970499701,102.367140323502,-5.3213604965404));
#12948=CARTESIAN_POINT('Ctrl Pts',(-24.4942833168624,105.472974536328,-5.3213604965404));
#12949=CARTESIAN_POINT('Ctrl Pts',(30.6826440906804,108.94783598552,-5.44294339624082));
#12950=CARTESIAN_POINT('Ctrl Pts',(-24.121344223192,112.053670198347,-5.44294339624082));
#12951=CARTESIAN_POINT('Ctrl Pts',(31.0556206627121,115.529192971851,-5.50247589968186));
#12952=CARTESIAN_POINT('Ctrl Pts',(-23.7483676511603,118.635027184677,-5.50247589968186));
#12953=CARTESIAN_POINT('Ctrl Pts',(31.4286346521277,122.111210206517,-5.5));
#12954=CARTESIAN_POINT('Ctrl Pts',(-23.3753536617447,125.217044419344,-5.5));
#12955=CARTESIAN_POINT('Ctrl Pts',(31.6828177465152,126.596397238353,-5.49831284654092));
#12956=CARTESIAN_POINT('Ctrl Pts',(-23.1211705673571,129.702231451179,-5.49831284654092));
#12957=CARTESIAN_POINT('Ctrl Pts',(31.9370008409028,131.081584270188,-5.49662569308184));
#12958=CARTESIAN_POINT('Ctrl Pts',(-22.8669874729696,134.187418483015,-5.49662569308184));
#12959=CARTESIAN_POINT('Ctrl Pts',(32.1911839352904,135.566771302023,-5.49493853962275));
#12960=CARTESIAN_POINT('Ctrl Pts',(-22.612804378582,138.67260551485,-5.49493853962275));
#12961=CARTESIAN_POINT('Origin',(-35.,40.,0.));
#12962=CARTESIAN_POINT('',(-36.65,40.,0.));
#12963=CARTESIAN_POINT('Origin',(-7.81278134364932,16.1312724567811,-14.6128427124746));
#12964=CARTESIAN_POINT('',(-1.78019223784324,123.99321029257,-14.6128427709734));
#12965=CARTESIAN_POINT('',(-1.64384263455436,123.985483131174,-14.5562740108695));
#12966=CARTESIAN_POINT('Origin',(-1.70032039640533,123.988683820949,-14.6128427124746));
#12967=CARTESIAN_POINT('',(-7.88766880618964,16.2237507713323,-14.6128427709734));
#12968=CARTESIAN_POINT('',(-7.89265318508724,16.1357989284014,-14.6128427124746));
#12969=CARTESIAN_POINT('',(-7.75982806000351,16.0658805973777,-14.5562740108695));
#12970=CARTESIAN_POINT('Origin',(-7.81278134364932,16.1312724567811,-14.6128427124746));
#12971=CARTESIAN_POINT('',(-7.75982806000351,16.0658805973777,-14.5562740108695));
#12972=CARTESIAN_POINT('Origin',(-5.63331352086892,13.43985383967,-16.8279648568389));
#12973=CARTESIAN_POINT('',(-1.30499988588264,123.966280342582,-14.8956604505167));
#12974=CARTESIAN_POINT('',(-0.557950181571941,123.9239437791,-15.6439088352909));
#12975=CARTESIAN_POINT('',(-5.63331352086892,13.43985383967,-16.8279648568389));
#12976=CARTESIAN_POINT('',(-14.0957324766294,23.8900709455469,-7.78781990472005));
#12977=CARTESIAN_POINT('',(0.514877490300471,121.927739939977,-16.8279648568389));
#12978=CARTESIAN_POINT('',(-5.63331352086892,13.43985383967,-16.8279648568389));
#12979=CARTESIAN_POINT('',(16.7005434818114,103.797323847889,-34.0135368761203));
#12980=CARTESIAN_POINT('Origin',(-0.295350656101705,122.835319117225,-13.0000000000057));
#12981=CARTESIAN_POINT('',(-1.30499988588265,123.966280342582,-11.1043395494813));
#12982=CARTESIAN_POINT('',(-1.30499988588265,123.966280342582,-13.0000000000028));
#12983=CARTESIAN_POINT('',(1.02936792081905,121.351432138642,-16.6016880185826));
#12984=CARTESIAN_POINT('Origin',(0.727986441550095,121.689025390873,-16.6016907543164));
#12985=CARTESIAN_POINT('',(1.02936792081962,121.351432138642,-9.39831030533647));
#12986=CARTESIAN_POINT('',(1.02936792081948,121.351432138642,-11.1991551526667));
#12987=CARTESIAN_POINT('',(0.514877578216828,121.927739841497,-9.17203504981611));
#12988=CARTESIAN_POINT('Origin',(0.727986441550159,121.689025390873,-9.39830924568449));
#12989=CARTESIAN_POINT('',(15.5947118877062,105.036024000198,6.8393900407463));
#12990=CARTESIAN_POINT('Ctrl Pts',(-5.12194997792196,12.8083705530422,-16.6016880185826));
#12991=CARTESIAN_POINT('Ctrl Pts',(-5.12194815288269,12.8083704496142,-16.8155062065092));
#12992=CARTESIAN_POINT('Ctrl Pts',(-5.31917360422717,12.8195475477282,-16.8973316995324));
#12993=CARTESIAN_POINT('Ctrl Pts',(-5.51639905557165,12.8307246458423,-16.9791571925557));
#12994=CARTESIAN_POINT('Ctrl Pts',(-5.66734909385896,12.8392792384507,-16.8279648568495));
#12995=CARTESIAN_POINT('Ctrl Pts',(1.06027661447219,121.896831400061,-16.6016880185826));
#12996=CARTESIAN_POINT('Ctrl Pts',(1.06027843951145,121.896831296633,-16.8155062065092));
#12997=CARTESIAN_POINT('Ctrl Pts',(0.863052988166973,121.908008394747,-16.8973316995324));
#12998=CARTESIAN_POINT('Ctrl Pts',(0.665827536822494,121.919185492861,-16.9791571925557));
#12999=CARTESIAN_POINT('Ctrl Pts',(0.514877498535181,121.927740085469,-16.8279648568495));
#13000=CARTESIAN_POINT('',(-5.12194987720971,12.8083723301598,-16.6016880185826));
#13001=CARTESIAN_POINT('Origin',(-5.42149972736929,13.1782855883624,-16.6016907543164));
#13002=CARTESIAN_POINT('',(-5.12194987720971,12.8083723301598,-16.6016880185826));
#13003=CARTESIAN_POINT('Origin',(-5.12194987720915,12.8083723301591,-9.39831030533647));
#13004=CARTESIAN_POINT('',(-5.12194987720915,12.8083723301591,-9.39831030533647));
#13005=CARTESIAN_POINT('',(-5.12194987720929,12.8083723301593,-11.1991551526706));
#13006=CARTESIAN_POINT('',(-5.12194987720915,12.8083723301591,-9.39831030533647));
#13007=CARTESIAN_POINT('Origin',(-5.42149972736923,13.1782855883623,-9.39830924568449));
#13008=CARTESIAN_POINT('',(-5.63331343348687,13.4398537317621,-9.17203504981611));
#13009=CARTESIAN_POINT('Origin',(-5.42149972736923,13.1782855883623,-9.39830924568449));
#13010=CARTESIAN_POINT('',(-5.63331343348687,13.4398537317621,-9.17203504981611));
#13011=CARTESIAN_POINT('Origin',(-7.75982791106309,16.0658804134516,-11.4437258300199));
#13012=CARTESIAN_POINT('',(-1.64384247570073,123.985483122172,-11.4437258300199));
#13013=CARTESIAN_POINT('',(-1.69197592117802,123.988210925501,-11.4919365081368));
#13014=CARTESIAN_POINT('',(-7.75982791106309,16.0658804134516,-11.4437258300199));
#13015=CARTESIAN_POINT('',(-15.1589896717373,25.2030842324511,-19.3480254387007));
#13016=CARTESIAN_POINT('',(-7.75982791106309,16.0658804134516,-11.4437258300199));
#13017=CARTESIAN_POINT('Origin',(-7.81278134364948,16.1312724567813,-11.3871572875255));
#13018=CARTESIAN_POINT('',(-1.78019223784324,123.99321029257,-11.3871572875255));
#13019=CARTESIAN_POINT('Origin',(-1.7003203964055,123.988683820949,-11.3871572875255));
#13020=CARTESIAN_POINT('',(-7.88766880615847,16.2237507712938,-11.3871595413644));
#13021=CARTESIAN_POINT('Origin',(-7.81278134364948,16.1312724567813,-11.3871572875255));
#13022=CARTESIAN_POINT('',(-7.89265318508723,16.1357989284015,-11.3871572875255));
#13023=CARTESIAN_POINT('Origin',(-0.282595210883782,123.90833894969,-13.));
#13024=CARTESIAN_POINT('',(-1.78019223784324,123.99321029257,-5.5));
#13025=CARTESIAN_POINT('',(-1.78019223784324,123.99321029257,-5.5));
#13026=CARTESIAN_POINT('',(-1.12558179192079,123.956112417368,-5.5));
#13027=CARTESIAN_POINT('',(1.21500181607567,123.82346760681,-5.5));
#13028=CARTESIAN_POINT('',(1.21500181607568,123.82346760681,-5.5));
#13029=CARTESIAN_POINT('',(1.21500181607567,123.82346760681,-5.5));
#13030=CARTESIAN_POINT('',(1.21500181607568,123.82346760681,-20.5));
#13031=CARTESIAN_POINT('',(1.21500181607568,123.82346760681,-20.5));
#13032=CARTESIAN_POINT('',(-1.12558179192079,123.956112417368,-20.5));
#13033=CARTESIAN_POINT('',(-1.78019223784324,123.99321029257,-20.5));
#13034=CARTESIAN_POINT('',(-1.78019223784324,123.99321029257,-20.5));
#13035=CARTESIAN_POINT('',(-1.78019223784324,123.99321029257,-20.5));
#13036=CARTESIAN_POINT('',(-1.78019223784324,123.99321029257,-5.5));
#13037=CARTESIAN_POINT('Origin',(-8.77890103800075,0.497515090301214,-26.));
#13038=CARTESIAN_POINT('',(-7.88766880618974,16.2237507713324,-5.71284271247428));
#13039=CARTESIAN_POINT('',(-7.88766880618964,16.2237507713323,-19.5));
#13040=CARTESIAN_POINT('',(-6.07799661965979,48.156315926593,-5.71284271247428));
#13041=CARTESIAN_POINT('',(-7.89265318508723,16.1357989284014,-5.71284271247428));
#13042=CARTESIAN_POINT('',(-6.07799661965949,48.1563159265926,-3.48715728752577));
#13043=CARTESIAN_POINT('',(-6.07799661965969,48.1563159265929,-19.5));
#13044=CARTESIAN_POINT('',(-7.88766880618944,16.223750771332,-3.48715728752577));
#13045=CARTESIAN_POINT('',(-7.89265318508724,16.1357989284014,-3.48715728752577));
#13046=CARTESIAN_POINT('',(-7.88766880618964,16.2237507713323,0.00152497059844105));
#13047=CARTESIAN_POINT('',(-7.88766880618964,16.2237507713323,-19.5));
#13048=CARTESIAN_POINT('Ctrl Pts',(-7.88766880618562,16.2237507714032,0.00152497059762822));
#13049=CARTESIAN_POINT('Ctrl Pts',(-7.8851766141401,16.267726738689,0.00102091193756143));
#13050=CARTESIAN_POINT('Ctrl Pts',(-7.88268442469264,16.3117026601308,0.000512588405020172));
#13051=CARTESIAN_POINT('Ctrl Pts',(-6.46483189840939,41.3304151723158,-0.291108710042593));
#13052=CARTESIAN_POINT('Ctrl Pts',(-5.05229446446689,66.2553402384907,-4.22775174747145));
#13053=CARTESIAN_POINT('Ctrl Pts',(-3.01803314190694,102.150892321897,-5.33744217671415));
#13054=CARTESIAN_POINT('Ctrl Pts',(-2.399222189901,113.070119124853,-5.50410884338082));
#13055=CARTESIAN_POINT('Ctrl Pts',(-1.78019223784324,123.99321029257,-5.5));
#13056=CARTESIAN_POINT('Origin',(-8.77890103800075,0.497515090301214,-26.));
#13057=CARTESIAN_POINT('',(-7.88766880618964,16.2237507713323,-26.0015249705984));
#13058=CARTESIAN_POINT('Ctrl Pts',(-7.88766880618562,16.2237507714032,-26.0015249705976));
#13059=CARTESIAN_POINT('Ctrl Pts',(-7.8851766141401,16.267726738689,-26.0010209119376));
#13060=CARTESIAN_POINT('Ctrl Pts',(-7.88268442469264,16.3117026601308,-26.000512588405));
#13061=CARTESIAN_POINT('Ctrl Pts',(-6.46483189840941,41.3304151723158,-25.7088912899574));
#13062=CARTESIAN_POINT('Ctrl Pts',(-5.05229446446737,66.2553402384904,-21.7722482525285));
#13063=CARTESIAN_POINT('Ctrl Pts',(-3.01803314190721,102.150892321897,-20.6625578232858));
#13064=CARTESIAN_POINT('Ctrl Pts',(-2.39922218990116,113.070119124853,-20.4958911566192));
#13065=CARTESIAN_POINT('Ctrl Pts',(-1.78019223784324,123.99321029257,-20.5));
#13066=CARTESIAN_POINT('',(-7.88766880618975,16.2237507713324,-22.5128427124743));
#13067=CARTESIAN_POINT('',(-7.88766880618964,16.2237507713323,-19.5));
#13068=CARTESIAN_POINT('',(-6.0779966196598,48.156315926593,-22.5128427124743));
#13069=CARTESIAN_POINT('',(-7.89265318508723,16.1357989284014,-22.5128427124743));
#13070=CARTESIAN_POINT('',(-6.0779966196597,48.1563159265929,-20.2871572875257));
#13071=CARTESIAN_POINT('',(-6.07799661965969,48.1563159265929,-19.5));
#13072=CARTESIAN_POINT('',(-7.88766880618965,16.2237507713323,-20.2871572875257));
#13073=CARTESIAN_POINT('',(-7.89265318508723,16.1357989284014,-20.2871572875257));
#13074=CARTESIAN_POINT('',(-7.88766880618964,16.2237507713323,-19.5));
#13075=CARTESIAN_POINT('Origin',(-6.48352888356115,14.489782373501,-6.56715728752525));
#13076=CARTESIAN_POINT('',(-4.87837968580189,46.8125618806757,-6.79343160349344));
#13077=CARTESIAN_POINT('',(-4.36388945630951,46.2362543045214,-6.56715728752384));
#13078=CARTESIAN_POINT('Origin',(-4.66527093558094,46.5738475567549,-6.56715728752525));
#13079=CARTESIAN_POINT('',(-6.69534247725385,14.7513503780676,-6.79343160349344));
#13080=CARTESIAN_POINT('',(-6.69534247725385,14.7513503780676,-6.79343160349344));
#13081=CARTESIAN_POINT('',(-6.18397903339912,14.1198691152954,-6.56715728752384));
#13082=CARTESIAN_POINT('Origin',(-6.48352888356115,14.489782373501,-6.56715728752525));
#13083=CARTESIAN_POINT('',(-6.18397903339912,14.1198691152954,-6.56715728752384));
#13084=CARTESIAN_POINT('Origin',(-6.18397903339912,14.1198691152954,-2.63284271247479));
#13085=CARTESIAN_POINT('',(-4.36388945630951,46.2362543045214,-2.63284271247479));
#13086=CARTESIAN_POINT('',(-4.3638894563095,46.2362543045214,-7.81642135623735));
#13087=CARTESIAN_POINT('',(-6.18397903339912,14.1198691152954,-2.63284271247479));
#13088=CARTESIAN_POINT('',(-6.18397903339912,14.1198691152954,-7.81642135623739));
#13089=CARTESIAN_POINT('',(-6.18397903339912,14.1198691152954,-2.63284271247479));
#13090=CARTESIAN_POINT('Origin',(-6.48352888356009,14.4897823734997,-2.63284271247482));
#13091=CARTESIAN_POINT('',(-4.87837974740705,46.8125619496829,-2.40656846191759));
#13092=CARTESIAN_POINT('Origin',(-4.66527093557987,46.5738475567537,-2.63284271247482));
#13093=CARTESIAN_POINT('',(-6.69534253848461,14.7513504536813,-2.40656846191759));
#13094=CARTESIAN_POINT('Origin',(-6.48352888356009,14.4897823734997,-2.63284271247482));
#13095=CARTESIAN_POINT('',(-6.69534253848461,14.7513504536813,-2.40656846191759));
#13096=CARTESIAN_POINT('Origin',(-7.75982791106149,16.0658804134496,-3.54372583002078));
#13097=CARTESIAN_POINT('',(-5.94937402791323,48.0122389940509,-3.54372583002078));
#13098=CARTESIAN_POINT('',(-2.14606089429618,43.7519478403136,0.494545551832131));
#13099=CARTESIAN_POINT('',(-7.7598279110615,16.0658804134496,-3.54372583002078));
#13100=CARTESIAN_POINT('',(-16.30996299311,26.624417914262,-12.6775752537026));
#13101=CARTESIAN_POINT('',(-7.7598279110615,16.0658804134496,-3.54372583002078));
#13102=CARTESIAN_POINT('Origin',(-7.81278134364931,16.1312724567811,-3.48715728752577));
#13103=CARTESIAN_POINT('Origin',(-6.00265124984201,48.0719176135347,-3.48715728752577));
#13104=CARTESIAN_POINT('Origin',(-7.81278134364931,16.1312724567811,-3.48715728752577));
#13105=CARTESIAN_POINT('Origin',(-7.81278134364935,16.1312724567812,-5.71284271247428));
#13106=CARTESIAN_POINT('',(-5.9493740279129,48.0122389940505,-5.65627416997928));
#13107=CARTESIAN_POINT('Origin',(-6.00265124984206,48.0719176135347,-5.71284271247428));
#13108=CARTESIAN_POINT('',(-7.75982791106116,16.0658804134492,-5.65627416997928));
#13109=CARTESIAN_POINT('Origin',(-7.81278134364935,16.1312724567812,-5.71284271247428));
#13110=CARTESIAN_POINT('',(-7.75982791106116,16.0658804134492,-5.65627416997928));
#13111=CARTESIAN_POINT('Origin',(-6.69534247725385,14.7513503780676,-6.79343160349344));
#13112=CARTESIAN_POINT('',(1.04458155599189,40.1779413548751,-13.0822971368499));
#13113=CARTESIAN_POINT('',(-13.3300808079311,22.9445698769751,0.294257689882391));
#13114=CARTESIAN_POINT('Origin',(-5.15434651057323,47.1216868412019,-12.9999999999999));
#13115=CARTESIAN_POINT('Origin',(-6.4835288835601,14.4897823734997,-23.3671572875253));
#13116=CARTESIAN_POINT('',(-4.87837974740706,46.8125619496829,-23.5934315380824));
#13117=CARTESIAN_POINT('',(-4.36388945630952,46.2362543045214,-23.3671572875252));
#13118=CARTESIAN_POINT('Origin',(-4.66527093557988,46.5738475567538,-23.3671572875253));
#13119=CARTESIAN_POINT('',(-6.69534253848463,14.7513504536813,-23.5934315380824));
#13120=CARTESIAN_POINT('',(-6.69534253848463,14.7513504536813,-23.5934315380824));
#13121=CARTESIAN_POINT('',(-6.18397903339913,14.1198691152954,-23.3671572875252));
#13122=CARTESIAN_POINT('Origin',(-6.4835288835601,14.4897823734997,-23.3671572875253));
#13123=CARTESIAN_POINT('',(-6.18397903339913,14.1198691152954,-23.3671572875252));
#13124=CARTESIAN_POINT('Origin',(-6.18397903339912,14.1198691152954,-19.4328427124762));
#13125=CARTESIAN_POINT('',(-4.36388945630951,46.2362543045214,-19.4328427124762));
#13126=CARTESIAN_POINT('',(-4.36388945630951,46.2362543045214,-16.216421356238));
#13127=CARTESIAN_POINT('',(-6.18397903339912,14.1198691152954,-19.4328427124762));
#13128=CARTESIAN_POINT('',(-6.18397903339912,14.1198691152954,-16.2164213562381));
#13129=CARTESIAN_POINT('',(-6.18397903339912,14.1198691152954,-19.4328427124762));
#13130=CARTESIAN_POINT('Origin',(-6.48352888356009,14.4897823734997,-19.4328427124745));
#13131=CARTESIAN_POINT('',(-4.87837968580237,46.8125618806762,-19.206568396507));
#13132=CARTESIAN_POINT('Origin',(-4.66527093557987,46.5738475567537,-19.4328427124745));
#13133=CARTESIAN_POINT('',(-6.69534247725434,14.7513503780682,-19.206568396507));
#13134=CARTESIAN_POINT('Origin',(-6.48352888356009,14.4897823734997,-19.4328427124745));
#13135=CARTESIAN_POINT('',(-6.69534247725434,14.7513503780682,-19.206568396507));
#13136=CARTESIAN_POINT('Origin',(-7.75982791106126,16.0658804134493,-20.3437258300207));
#13137=CARTESIAN_POINT('',(-5.949374027913,48.0122389940506,-20.3437258300207));
#13138=CARTESIAN_POINT('',(0.491027049319343,40.7980068832808,-13.5054544481655));
#13139=CARTESIAN_POINT('',(-7.75982791106126,16.0658804134493,-20.3437258300207));
#13140=CARTESIAN_POINT('',(-13.8623235248351,23.6018348946663,-26.8628364066393));
#13141=CARTESIAN_POINT('',(-7.75982791106126,16.0658804134493,-20.3437258300207));
#13142=CARTESIAN_POINT('Origin',(-7.81278134364937,16.1312724567812,-20.2871572875257));
#13143=CARTESIAN_POINT('Origin',(-6.00265124984207,48.0719176135347,-20.2871572875257));
#13144=CARTESIAN_POINT('Origin',(-7.81278134364937,16.1312724567812,-20.2871572875257));
#13145=CARTESIAN_POINT('Origin',(-7.81278134364936,16.1312724567812,-22.5128427124743));
#13146=CARTESIAN_POINT('',(-5.94937402791296,48.0122389940506,-22.4562741699793));
#13147=CARTESIAN_POINT('Origin',(-6.00265124984206,48.0719176135347,-22.5128427124743));
#13148=CARTESIAN_POINT('',(-7.75982791106122,16.0658804134493,-22.4562741699793));
#13149=CARTESIAN_POINT('Origin',(-7.81278134364936,16.1312724567812,-22.5128427124743));
#13150=CARTESIAN_POINT('',(-7.75982791106122,16.0658804134493,-22.4562741699793));
#13151=CARTESIAN_POINT('Origin',(-6.69534253848463,14.7513504536813,-23.5934315380824));
#13152=CARTESIAN_POINT('',(-1.59250641946531,43.1318823475755,-27.0822971030389));
#13153=CARTESIAN_POINT('',(-15.7777203068209,25.9671529343769,-13.8910034303481));
#13154=CARTESIAN_POINT('Origin',(-5.15434651057323,47.1216868412019,-12.9999999999999));
#13155=CARTESIAN_POINT('Origin',(-28.5880526552452,41.7865959257151,-13.));
#13156=CARTESIAN_POINT('',(-5.51599752078853,13.2949806447546,-26.0277479533316));
#13157=CARTESIAN_POINT('Ctrl Pts',(-5.51599752078853,13.2949806447546,-26.0277479533316));
#13158=CARTESIAN_POINT('Ctrl Pts',(-5.92179252092433,13.7960957365585,-26.0242370711852));
#13159=CARTESIAN_POINT('Ctrl Pts',(-6.32758555993981,14.2972084065804,-26.0202252997638));
#13160=CARTESIAN_POINT('Ctrl Pts',(-7.11814288603119,15.2734654006486,-26.0114337503021));
#13161=CARTESIAN_POINT('Ctrl Pts',(-7.5029069422647,15.7486094396282,-26.0067045384705));
#13162=CARTESIAN_POINT('Ctrl Pts',(-7.88766880618964,16.2237507713323,-26.0015249705984));
#13163=CARTESIAN_POINT('',(-0.0173445591907573,6.50470973770449,-22.5294892855702));
#13164=CARTESIAN_POINT('Ctrl Pts',(-0.0173445591907548,6.50470973770448,
-22.5294892855702));
#13165=CARTESIAN_POINT('Ctrl Pts',(-0.555476502772397,7.16924734467413,
-23.0963207327234));
#13166=CARTESIAN_POINT('Ctrl Pts',(-1.1231111344683,7.87021773717494,-23.5971407535056));
#13167=CARTESIAN_POINT('Ctrl Pts',(-2.91135261682375,10.0785120589337,-24.9415827377745));
#13168=CARTESIAN_POINT('Ctrl Pts',(-4.20620328598477,11.6775194685494,-25.5974101130793));
#13169=CARTESIAN_POINT('Ctrl Pts',(-5.51599752078852,13.2949806447546,-26.0277479533316));
#13170=CARTESIAN_POINT('',(-0.0173445591907572,6.50470973770449,-3.47051071442973));
#13171=CARTESIAN_POINT('Ctrl Pts',(-0.0173445591907573,6.50470973770449,
-3.47051071442973));
#13172=CARTESIAN_POINT('Ctrl Pts',(-0.0173445591907576,6.50470973770449,
-9.82350357147656));
#13173=CARTESIAN_POINT('Ctrl Pts',(-0.0173445591907574,6.50470973770449,
-16.1764964285234));
#13174=CARTESIAN_POINT('Ctrl Pts',(-0.0173445591907573,6.50470973770449,
-22.5294892855702));
#13175=CARTESIAN_POINT('',(-5.51599752078854,13.2949806447546,0.0277479533316435));
#13176=CARTESIAN_POINT('Ctrl Pts',(-5.51599752078854,13.2949806447546,0.027747953331643));
#13177=CARTESIAN_POINT('Ctrl Pts',(-4.19552130808051,11.6643283244093,-0.406099491085072));
#13178=CARTESIAN_POINT('Ctrl Pts',(-2.89011718180438,10.0522884807836,-1.06916759450563));
#13179=CARTESIAN_POINT('Ctrl Pts',(-1.1038538170914,7.8464369308768,-2.41988259367978));
#13180=CARTESIAN_POINT('Ctrl Pts',(-0.546365290825242,7.157995934948,-2.9132763958524));
#13181=CARTESIAN_POINT('Ctrl Pts',(-0.0173445591907578,6.50470973770449,
-3.47051071442973));
#13182=CARTESIAN_POINT('Ctrl Pts',(-7.88766880618964,16.2237507713323,0.00152497059843659));
#13183=CARTESIAN_POINT('Ctrl Pts',(-7.5025040774331,15.7481119429932,0.00670996173596443));
#13184=CARTESIAN_POINT('Ctrl Pts',(-7.11733715199367,15.2724704019767,0.0114436532460067));
#13185=CARTESIAN_POINT('Ctrl Pts',(-6.32677981738903,14.2962133973955,0.0202332650426387));
#13186=CARTESIAN_POINT('Ctrl Pts',(-5.92138964758089,13.7955982294122,0.0242405567895544));
#13187=CARTESIAN_POINT('Ctrl Pts',(-5.51599752078854,13.2949806447546,0.027747953331644));
#13188=CARTESIAN_POINT('Ctrl Pts',(1.35094523749735,7.89024538755734,-3.47051071442973));
#13189=CARTESIAN_POINT('Ctrl Pts',(1.35094523749734,7.89024538755734,-9.82350357147656));
#13190=CARTESIAN_POINT('Ctrl Pts',(1.35094523749734,7.89024538755734,-16.1764964285234));
#13191=CARTESIAN_POINT('Ctrl Pts',(1.35094523749734,7.89024538755734,-22.5294892855702));
#13192=CARTESIAN_POINT('Ctrl Pts',(0.894848638601311,7.42840017093972,-3.47051071442973));
#13193=CARTESIAN_POINT('Ctrl Pts',(0.894848638601311,7.42840017093972,-9.82350357147656));
#13194=CARTESIAN_POINT('Ctrl Pts',(0.89484863860131,7.42840017093972,-16.1764964285234));
#13195=CARTESIAN_POINT('Ctrl Pts',(0.89484863860131,7.42840017093972,-22.5294892855702));
#13196=CARTESIAN_POINT('Ctrl Pts',(0.438752039705277,6.9665549543221,-3.47051071442973));
#13197=CARTESIAN_POINT('Ctrl Pts',(0.438752039705277,6.9665549543221,-9.82350357147656));
#13198=CARTESIAN_POINT('Ctrl Pts',(0.438752039705276,6.9665549543221,-16.1764964285234));
#13199=CARTESIAN_POINT('Ctrl Pts',(0.438752039705276,6.9665549543221,-22.5294892855702));
#13200=CARTESIAN_POINT('Ctrl Pts',(-0.0173445591907573,6.50470973770449,
-3.47051071442973));
#13201=CARTESIAN_POINT('Ctrl Pts',(-0.0173445591907576,6.50470973770449,
-9.82350357147656));
#13202=CARTESIAN_POINT('Ctrl Pts',(-0.0173445591907574,6.50470973770449,
-16.1764964285234));
#13203=CARTESIAN_POINT('Ctrl Pts',(-0.0173445591907573,6.50470973770449,
-22.5294892855702));
#13204=CARTESIAN_POINT('',(1.35094523749734,7.89024538755734,-20.8675730116989));
#13205=CARTESIAN_POINT('Ctrl Pts',(-0.0173445591907573,6.50470973770449,
-22.5294892855702));
#13206=CARTESIAN_POINT('Ctrl Pts',(0.467725606518254,6.9958937024586,-22.0264475722728));
#13207=CARTESIAN_POINT('Ctrl Pts',(0.92751659583724,7.4614798734032,-21.4724793276059));
#13208=CARTESIAN_POINT('Ctrl Pts',(1.35094523749734,7.89024538755734,-20.8675730116989));
#13209=CARTESIAN_POINT('',(1.35094523749735,7.89024538755734,-5.13242698830098));
#13210=CARTESIAN_POINT('Ctrl Pts',(1.35094523749734,7.89024538755734,-20.8675730116989));
#13211=CARTESIAN_POINT('Ctrl Pts',(1.35094523749734,7.89024538755734,-15.6225243372329));
#13212=CARTESIAN_POINT('Ctrl Pts',(1.35094523749734,7.89024538755734,-10.377475662767));
#13213=CARTESIAN_POINT('Ctrl Pts',(1.35094523749735,7.89024538755734,-5.13242698830098));
#13214=CARTESIAN_POINT('Ctrl Pts',(1.35094523749734,7.89024538755733,-5.13242698830098));
#13215=CARTESIAN_POINT('Ctrl Pts',(0.927516595837247,7.4614798734032,-4.52752067239405));
#13216=CARTESIAN_POINT('Ctrl Pts',(0.467725606518277,6.99589370245862,-3.97355242772721));
#13217=CARTESIAN_POINT('Ctrl Pts',(-0.0173445591907573,6.50470973770449,
-3.47051071442973));
#13218=CARTESIAN_POINT('Ctrl Pts',(1.36024270102375,6.42663955019506,-20.8408784964343));
#13219=CARTESIAN_POINT('Ctrl Pts',(1.34003622996133,9.56313957280892,-20.8989868839434));
#13220=CARTESIAN_POINT('Ctrl Pts',(1.32164517212279,12.6993044892106,-20.951289191422));
#13221=CARTESIAN_POINT('Ctrl Pts',(1.17259220069863,40.8975895004135,-21.3693966630929));
#13222=CARTESIAN_POINT('Ctrl Pts',(1.28205992515224,65.8963617191393,-21.2652124966798));
#13223=CARTESIAN_POINT('Ctrl Pts',(1.24393055823308,101.909359669239,-20.8841125481626));
#13224=CARTESIAN_POINT('Ctrl Pts',(1.2304227655229,112.864421039188,-20.7174458814959));
#13225=CARTESIAN_POINT('Ctrl Pts',(1.21500181607568,123.82346760681,-20.5));
#13226=CARTESIAN_POINT('Ctrl Pts',(-0.313624628688271,6.52150042766584,
-23.2597268606659));
#13227=CARTESIAN_POINT('Ctrl Pts',(-0.333178545354182,9.65796346892428,
-23.2928882579219));
#13228=CARTESIAN_POINT('Ctrl Pts',(-0.349342558581734,12.7940021749614,
-23.3130466507592));
#13229=CARTESIAN_POINT('Ctrl Pts',(-0.464211033723274,40.9903498932524,
-23.3773899647173));
#13230=CARTESIAN_POINT('Ctrl Pts',(-0.294396984719267,65.9857021842471,
-21.5006178851082));
#13231=CARTESIAN_POINT('Ctrl Pts',(0.101635773873326,101.974095436316,-20.7812496327446));
#13232=CARTESIAN_POINT('Ctrl Pts',(0.252835716540678,112.919822541819,-20.6145829660779));
#13233=CARTESIAN_POINT('Ctrl Pts',(0.434807280076853,123.867682543663,-20.5));
#13234=CARTESIAN_POINT('Ctrl Pts',(-2.77356079706492,6.6609091486034,-25.1138187983691));
#13235=CARTESIAN_POINT('Ctrl Pts',(-2.77637555404262,9.79642355352253,-25.1267257076425));
#13236=CARTESIAN_POINT('Ctrl Pts',(-2.77655837403791,12.9315565784545,-25.1212389404151));
#13237=CARTESIAN_POINT('Ctrl Pts',(-2.75453520855738,41.1201464171828,-24.9064991110219));
#13238=CARTESIAN_POINT('Ctrl Pts',(-2.96017828432675,66.1367764950585,-21.6807544732294));
#13239=CARTESIAN_POINT('Ctrl Pts',(-1.88368018250077,102.0866066314,-20.7025370138394));
#13240=CARTESIAN_POINT('Ctrl Pts',(-1.44912994860623,113.016275799228,-20.5358703471728));
#13241=CARTESIAN_POINT('Ctrl Pts',(-0.907378309946641,123.943746458967,
-20.5));
#13242=CARTESIAN_POINT('Ctrl Pts',(-5.56498833657993,6.81910404320121,-26.0446673285405));
#13243=CARTESIAN_POINT('Ctrl Pts',(-5.54853122662692,9.9535262790009,-26.0513128103695));
#13244=CARTESIAN_POINT('Ctrl Pts',(-5.52154744600297,13.0871197269742,-26.036423700856));
#13245=CARTESIAN_POINT('Ctrl Pts',(-5.18424266209066,41.2578420259974,-25.7088912899574));
#13246=CARTESIAN_POINT('Ctrl Pts',(-3.62850069614433,66.1746514504347,-21.7722482525285));
#13247=CARTESIAN_POINT('Ctrl Pts',(-2.10378092362557,102.099080110669,-20.6625578232858));
#13248=CARTESIAN_POINT('Ctrl Pts',(-1.62316551020315,113.026138687278,-20.4958911566192));
#13249=CARTESIAN_POINT('Ctrl Pts',(-1.12558179192079,123.956112417368,-20.5));
#13250=CARTESIAN_POINT('',(-2.56742803218805,91.1749366875387,-21.));
#13251=CARTESIAN_POINT('Ctrl Pts',(-5.51599752078853,13.2949806447546,-26.0277479533316));
#13252=CARTESIAN_POINT('Ctrl Pts',(-5.50636341211008,14.2700288184716,-26.0205840397078));
#13253=CARTESIAN_POINT('Ctrl Pts',(-5.49570990341661,15.2449967325937,-26.0113347219306));
#13254=CARTESIAN_POINT('Ctrl Pts',(-5.18424266209068,41.2578420259972,-25.7088912899574));
#13255=CARTESIAN_POINT('Ctrl Pts',(-3.62850069614432,66.1746514504347,-21.7722482525285));
#13256=CARTESIAN_POINT('Ctrl Pts',(-2.56742803218805,91.1749366875387,-21.));
#13257=CARTESIAN_POINT('Ctrl Pts',(-2.56742803218805,91.1749366875387,-21.));
#13258=CARTESIAN_POINT('Ctrl Pts',(-2.10378092362557,102.099080110669,-20.6625578232858));
#13259=CARTESIAN_POINT('Ctrl Pts',(-1.62316551020315,113.026138687278,-20.4958911566192));
#13260=CARTESIAN_POINT('Ctrl Pts',(-1.12558179192079,123.956112417368,-20.5));
#13261=CARTESIAN_POINT('Ctrl Pts',(1.35094523749734,7.89024538755734,-20.8675730116989));
#13262=CARTESIAN_POINT('Ctrl Pts',(1.33435876489133,10.5387806553953,-20.915117457036));
#13263=CARTESIAN_POINT('Ctrl Pts',(1.31906686156159,13.1870769593429,-20.9585215927598));
#13264=CARTESIAN_POINT('Ctrl Pts',(1.17259220069863,40.8975895004135,-21.3693966630929));
#13265=CARTESIAN_POINT('Ctrl Pts',(1.28205992515224,65.8963617191393,-21.2652124966798));
#13266=CARTESIAN_POINT('Ctrl Pts',(1.24393055823308,101.909359669239,-20.8841125481626));
#13267=CARTESIAN_POINT('Ctrl Pts',(1.2304227655229,112.864421039188,-20.7174458814959));
#13268=CARTESIAN_POINT('Ctrl Pts',(1.21500181607568,123.82346760681,-20.5));
#13269=CARTESIAN_POINT('Ctrl Pts',(-5.51599752078853,13.2949806447546,-26.0277479533316));
#13270=CARTESIAN_POINT('Ctrl Pts',(-5.50636341211008,14.2700288184716,-26.0205840397078));
#13271=CARTESIAN_POINT('Ctrl Pts',(-5.4957099034166,15.2449967325937,-26.0113347219306));
#13272=CARTESIAN_POINT('Ctrl Pts',(-5.18424266209068,41.2578420259973,-25.7088912899574));
#13273=CARTESIAN_POINT('Ctrl Pts',(-3.62850069614432,66.1746514504346,-21.7722482525285));
#13274=CARTESIAN_POINT('Ctrl Pts',(-2.10378092362556,102.099080110669,-20.6625578232858));
#13275=CARTESIAN_POINT('Ctrl Pts',(-1.62316551020315,113.026138687278,-20.4958911566192));
#13276=CARTESIAN_POINT('Ctrl Pts',(-1.12558179192079,123.956112417368,-20.5));
#13277=CARTESIAN_POINT('Ctrl Pts',(-6.35917271738629,13.3427648015938,-26.0277479533316));
#13278=CARTESIAN_POINT('Ctrl Pts',(-6.33437945783637,14.316953880729,-26.0205840397078));
#13279=CARTESIAN_POINT('Ctrl Pts',(-6.30890702173644,15.2910819813056,-26.0113347219306));
#13280=CARTESIAN_POINT('Ctrl Pts',(-5.61110574086359,41.2820330747702,-25.7088912899574));
#13281=CARTESIAN_POINT('Ctrl Pts',(-4.10309861891867,66.2015477131199,-21.7722482525285));
#13282=CARTESIAN_POINT('Ctrl Pts',(-2.40853166305278,102.116350847745,-20.6625578232858));
#13283=CARTESIAN_POINT('Ctrl Pts',(-1.88185107010248,113.040798833137,-20.4958911566192));
#13284=CARTESIAN_POINT('Ctrl Pts',(-1.34378527389494,123.968478375769,-20.5));
#13285=CARTESIAN_POINT('Ctrl Pts',(-7.20234791398405,13.3905489584329,-26.0277479533316));
#13286=CARTESIAN_POINT('Ctrl Pts',(-7.16239550356267,14.3638789429865,-26.0205840397078));
#13287=CARTESIAN_POINT('Ctrl Pts',(-7.12210414005627,15.3371672300176,-26.0113347219306));
#13288=CARTESIAN_POINT('Ctrl Pts',(-6.03796881963651,41.306224123543,-25.7088912899574));
#13289=CARTESIAN_POINT('Ctrl Pts',(-4.57769654169302,66.2284439758051,-21.7722482525285));
#13290=CARTESIAN_POINT('Ctrl Pts',(-2.71328240247999,102.133621584821,-20.6625578232858));
#13291=CARTESIAN_POINT('Ctrl Pts',(-2.14053663000182,113.055458978995,-20.4958911566192));
#13292=CARTESIAN_POINT('Ctrl Pts',(-1.56198875586909,123.980844334169,-20.5));
#13293=CARTESIAN_POINT('Ctrl Pts',(-8.04552311058182,13.4383331152721,-26.0277479533316));
#13294=CARTESIAN_POINT('Ctrl Pts',(-7.99041154928896,14.410804005244,-26.0205840397078));
#13295=CARTESIAN_POINT('Ctrl Pts',(-7.9353012583761,15.3832524787295,-26.0113347219306));
#13296=CARTESIAN_POINT('Ctrl Pts',(-6.46483189840942,41.3304151723158,-25.7088912899574));
#13297=CARTESIAN_POINT('Ctrl Pts',(-5.05229446446736,66.2553402384904,-21.7722482525285));
#13298=CARTESIAN_POINT('Ctrl Pts',(-3.01803314190721,102.150892321897,-20.6625578232858));
#13299=CARTESIAN_POINT('Ctrl Pts',(-2.39922218990116,113.070119124853,-20.4958911566192));
#13300=CARTESIAN_POINT('Ctrl Pts',(-1.78019223784324,123.99321029257,-20.5));
#13301=CARTESIAN_POINT('Ctrl Pts',(-8.04552311058182,13.4383331152721,0.0277479533316436));
#13302=CARTESIAN_POINT('Ctrl Pts',(-7.99041154928896,14.410804005244,0.0205840397077786));
#13303=CARTESIAN_POINT('Ctrl Pts',(-7.9353012583761,15.3832524787295,0.0113347219305641));
#13304=CARTESIAN_POINT('Ctrl Pts',(-6.4648318984094,41.3304151723158,-0.291108710042598));
#13305=CARTESIAN_POINT('Ctrl Pts',(-5.05229446446736,66.2553402384904,-4.22775174747145));
#13306=CARTESIAN_POINT('Ctrl Pts',(-3.0180331419072,102.150892321897,-5.33744217671416));
#13307=CARTESIAN_POINT('Ctrl Pts',(-2.39922218990116,113.070119124853,-5.50410884338082));
#13308=CARTESIAN_POINT('Ctrl Pts',(-1.78019223784324,123.99321029257,-5.5));
#13309=CARTESIAN_POINT('Ctrl Pts',(-7.20234791398406,13.3905489584329,0.0277479533316437));
#13310=CARTESIAN_POINT('Ctrl Pts',(-7.16239550356267,14.3638789429865,0.0205840397077788));
#13311=CARTESIAN_POINT('Ctrl Pts',(-7.12210414005628,15.3371672300176,0.0113347219305643));
#13312=CARTESIAN_POINT('Ctrl Pts',(-6.0379688196365,41.306224123543,-0.291108710042597));
#13313=CARTESIAN_POINT('Ctrl Pts',(-4.57769654169301,66.2284439758051,-4.22775174747145));
#13314=CARTESIAN_POINT('Ctrl Pts',(-2.71328240247999,102.133621584821,-5.33744217671416));
#13315=CARTESIAN_POINT('Ctrl Pts',(-2.14053663000182,113.055458978995,-5.50410884338082));
#13316=CARTESIAN_POINT('Ctrl Pts',(-1.56198875586909,123.980844334169,-5.5));
#13317=CARTESIAN_POINT('Ctrl Pts',(-6.3591727173863,13.3427648015938,0.0277479533316439));
#13318=CARTESIAN_POINT('Ctrl Pts',(-6.33437945783638,14.3169538807291,0.020584039707779));
#13319=CARTESIAN_POINT('Ctrl Pts',(-6.30890702173645,15.2910819813056,0.0113347219305645));
#13320=CARTESIAN_POINT('Ctrl Pts',(-5.61110574086362,41.2820330747701,-0.291108710042596));
#13321=CARTESIAN_POINT('Ctrl Pts',(-4.10309861891866,66.2015477131199,-4.22775174747145));
#13322=CARTESIAN_POINT('Ctrl Pts',(-2.40853166305278,102.116350847745,-5.33744217671416));
#13323=CARTESIAN_POINT('Ctrl Pts',(-1.88185107010248,113.040798833137,-5.50410884338082));
#13324=CARTESIAN_POINT('Ctrl Pts',(-1.34378527389494,123.968478375769,-5.5));
#13325=CARTESIAN_POINT('Ctrl Pts',(-5.51599752078854,13.2949806447546,0.027747953331644));
#13326=CARTESIAN_POINT('Ctrl Pts',(-5.50636341211009,14.2700288184716,0.0205840397077792));
#13327=CARTESIAN_POINT('Ctrl Pts',(-5.49570990341662,15.2449967325937,0.0113347219305647));
#13328=CARTESIAN_POINT('Ctrl Pts',(-5.18424266209072,41.2578420259973,-0.291108710042595));
#13329=CARTESIAN_POINT('Ctrl Pts',(-3.62850069614432,66.1746514504347,-4.22775174747145));
#13330=CARTESIAN_POINT('Ctrl Pts',(-2.10378092362556,102.099080110669,-5.33744217671416));
#13331=CARTESIAN_POINT('Ctrl Pts',(-1.62316551020314,113.026138687278,-5.50410884338082));
#13332=CARTESIAN_POINT('Ctrl Pts',(-1.12558179192079,123.956112417368,-5.5));
#13333=CARTESIAN_POINT('',(-2.56742803218805,91.1749366875387,-5.));
#13334=CARTESIAN_POINT('Ctrl Pts',(-5.51599752078854,13.2949806447546,0.0277479533316435));
#13335=CARTESIAN_POINT('Ctrl Pts',(-5.50636341211009,14.2700288184716,0.0205840397077785));
#13336=CARTESIAN_POINT('Ctrl Pts',(-5.49570990341662,15.2449967325937,0.0113347219305641));
#13337=CARTESIAN_POINT('Ctrl Pts',(-5.18424266209072,41.2578420259972,-0.291108710042597));
#13338=CARTESIAN_POINT('Ctrl Pts',(-3.62850069614432,66.1746514504347,-4.22775174747146));
#13339=CARTESIAN_POINT('Ctrl Pts',(-2.56742803218805,91.1749366875387,-5.));
#13340=CARTESIAN_POINT('Ctrl Pts',(-2.56742803218805,91.1749366875387,-5.));
#13341=CARTESIAN_POINT('Ctrl Pts',(-2.10378092362556,102.099080110669,-5.33744217671416));
#13342=CARTESIAN_POINT('Ctrl Pts',(-1.62316551020315,113.026138687278,-5.50410884338082));
#13343=CARTESIAN_POINT('Ctrl Pts',(-1.12558179192079,123.956112417368,-5.5));
#13344=CARTESIAN_POINT('Ctrl Pts',(-5.56498833657994,6.81910404320121,0.0446673285405429));
#13345=CARTESIAN_POINT('Ctrl Pts',(-5.54853122662693,9.95352627900088,0.051312810369465));
#13346=CARTESIAN_POINT('Ctrl Pts',(-5.52154744600298,13.0871197269742,0.0364237008559507));
#13347=CARTESIAN_POINT('Ctrl Pts',(-5.18424266209072,41.2578420259973,-0.291108710042597));
#13348=CARTESIAN_POINT('Ctrl Pts',(-3.62850069614432,66.1746514504347,-4.22775174747145));
#13349=CARTESIAN_POINT('Ctrl Pts',(-2.10378092362556,102.099080110669,-5.33744217671415));
#13350=CARTESIAN_POINT('Ctrl Pts',(-1.62316551020315,113.026138687278,-5.50410884338082));
#13351=CARTESIAN_POINT('Ctrl Pts',(-1.12558179192079,123.956112417368,-5.5));
#13352=CARTESIAN_POINT('Ctrl Pts',(-2.77356079706493,6.6609091486034,-0.886181201630909));
#13353=CARTESIAN_POINT('Ctrl Pts',(-2.77637555404264,9.79642355352251,-0.873274292357469));
#13354=CARTESIAN_POINT('Ctrl Pts',(-2.77655837403794,12.9315565784544,-0.878761059584923));
#13355=CARTESIAN_POINT('Ctrl Pts',(-2.75453520855748,41.1201464171827,-1.09350088897806));
#13356=CARTESIAN_POINT('Ctrl Pts',(-2.96017828432674,66.1367764950585,-4.31924552677062));
#13357=CARTESIAN_POINT('Ctrl Pts',(-1.88368018250077,102.0866066314,-5.29746298616057));
#13358=CARTESIAN_POINT('Ctrl Pts',(-1.44912994860623,113.016275799228,-5.46412965282724));
#13359=CARTESIAN_POINT('Ctrl Pts',(-0.907378309946643,123.943746458967,
-5.5));
#13360=CARTESIAN_POINT('Ctrl Pts',(-0.313624628688284,6.52150042766584,
-2.74027313933404));
#13361=CARTESIAN_POINT('Ctrl Pts',(-0.333178545354206,9.65796346892426,
-2.70711174207806));
#13362=CARTESIAN_POINT('Ctrl Pts',(-0.349342558581764,12.7940021749613,
-2.68695334924071));
#13363=CARTESIAN_POINT('Ctrl Pts',(-0.46421103372337,40.9903498932523,-2.6226100352825));
#13364=CARTESIAN_POINT('Ctrl Pts',(-0.294396984719299,65.9857021842471,
-4.49938211489175));
#13365=CARTESIAN_POINT('Ctrl Pts',(0.101635773873309,101.974095436316,-5.21875036725541));
#13366=CARTESIAN_POINT('Ctrl Pts',(0.252835716540671,112.919822541819,-5.38541703392207));
#13367=CARTESIAN_POINT('Ctrl Pts',(0.434807280076852,123.867682543663,-5.5));
#13368=CARTESIAN_POINT('Ctrl Pts',(1.36024270102375,6.42663955019506,-5.15912150356564));
#13369=CARTESIAN_POINT('Ctrl Pts',(1.34003622996134,9.5631395728089,-5.10101311605652));
#13370=CARTESIAN_POINT('Ctrl Pts',(1.32164517212279,12.6993044892106,-5.04871080857787));
#13371=CARTESIAN_POINT('Ctrl Pts',(1.17259220069861,40.8975895004134,-4.63060333690677));
#13372=CARTESIAN_POINT('Ctrl Pts',(1.28205992515219,65.8963617191393,-4.73478750332024));
#13373=CARTESIAN_POINT('Ctrl Pts',(1.24393055823305,101.909359669239,-5.11588745183739));
#13374=CARTESIAN_POINT('Ctrl Pts',(1.23042276552289,112.864421039188,-5.28255411850406));
#13375=CARTESIAN_POINT('Ctrl Pts',(1.21500181607567,123.82346760681,-5.5));
#13376=CARTESIAN_POINT('Ctrl Pts',(1.35094523749735,7.89024538755734,-5.13242698830099));
#13377=CARTESIAN_POINT('Ctrl Pts',(1.33435876489133,10.5387806553953,-5.08488254296387));
#13378=CARTESIAN_POINT('Ctrl Pts',(1.31906686156159,13.1870769593429,-5.0414784072401));
#13379=CARTESIAN_POINT('Ctrl Pts',(1.17259220069862,40.8975895004135,-4.63060333690677));
#13380=CARTESIAN_POINT('Ctrl Pts',(1.28205992515219,65.8963617191393,-4.73478750332024));
#13381=CARTESIAN_POINT('Ctrl Pts',(1.24393055823306,101.909359669239,-5.11588745183739));
#13382=CARTESIAN_POINT('Ctrl Pts',(1.23042276552289,112.864421039188,-5.28255411850406));
#13383=CARTESIAN_POINT('Ctrl Pts',(1.21500181607568,123.82346760681,-5.5));
#13384=CARTESIAN_POINT('Ctrl Pts',(1.35094523749735,7.89024538755733,-5.13242698830098));
#13385=CARTESIAN_POINT('Ctrl Pts',(1.33435876489133,10.5387806553953,-5.08488254296386));
#13386=CARTESIAN_POINT('Ctrl Pts',(1.31906686156159,13.1870769593429,-5.0414784072401));
#13387=CARTESIAN_POINT('Ctrl Pts',(1.17259220069862,40.8975895004135,-4.63060333690676));
#13388=CARTESIAN_POINT('Ctrl Pts',(1.28205992515219,65.8963617191393,-4.73478750332024));
#13389=CARTESIAN_POINT('Ctrl Pts',(1.24393055823306,101.909359669239,-5.11588745183739));
#13390=CARTESIAN_POINT('Ctrl Pts',(1.23042276552289,112.864421039188,-5.28255411850406));
#13391=CARTESIAN_POINT('Ctrl Pts',(1.21500181607568,123.82346760681,-5.5));
#13392=CARTESIAN_POINT('Ctrl Pts',(1.35094523749734,7.89024538755733,-10.377475662767));
#13393=CARTESIAN_POINT('Ctrl Pts',(1.33435876489133,10.5387806553953,-10.3616275143213));
#13394=CARTESIAN_POINT('Ctrl Pts',(1.31906686156159,13.1870769593429,-10.34715946908));
#13395=CARTESIAN_POINT('Ctrl Pts',(1.17259220069863,40.8975895004135,-10.2102011123022));
#13396=CARTESIAN_POINT('Ctrl Pts',(1.28205992515221,65.8963617191393,-10.2449291677734));
#13397=CARTESIAN_POINT('Ctrl Pts',(1.24393055823306,101.909359669239,-10.3719624839458));
#13398=CARTESIAN_POINT('Ctrl Pts',(1.23042276552289,112.864421039188,-10.4275180395014));
#13399=CARTESIAN_POINT('Ctrl Pts',(1.21500181607568,123.82346760681,-10.5));
#13400=CARTESIAN_POINT('Ctrl Pts',(1.35094523749734,7.89024538755733,-15.622524337233));
#13401=CARTESIAN_POINT('Ctrl Pts',(1.33435876489133,10.5387806553953,-15.6383724856787));
#13402=CARTESIAN_POINT('Ctrl Pts',(1.31906686156159,13.1870769593429,-15.6528405309199));
#13403=CARTESIAN_POINT('Ctrl Pts',(1.17259220069863,40.8975895004135,-15.7897988876976));
#13404=CARTESIAN_POINT('Ctrl Pts',(1.28205992515222,65.8963617191393,-15.7550708322266));
#13405=CARTESIAN_POINT('Ctrl Pts',(1.24393055823307,101.909359669239,-15.6280375160542));
#13406=CARTESIAN_POINT('Ctrl Pts',(1.2304227655229,112.864421039188,-15.5724819604986));
#13407=CARTESIAN_POINT('Ctrl Pts',(1.21500181607568,123.82346760681,-15.5));
#13408=CARTESIAN_POINT('Ctrl Pts',(1.35094523749734,7.89024538755733,-20.867573011699));
#13409=CARTESIAN_POINT('Ctrl Pts',(1.33435876489133,10.5387806553953,-20.915117457036));
#13410=CARTESIAN_POINT('Ctrl Pts',(1.31906686156159,13.1870769593429,-20.9585215927598));
#13411=CARTESIAN_POINT('Ctrl Pts',(1.17259220069863,40.8975895004135,-21.3693966630929));
#13412=CARTESIAN_POINT('Ctrl Pts',(1.28205992515224,65.8963617191393,-21.2652124966798));
#13413=CARTESIAN_POINT('Ctrl Pts',(1.24393055823308,101.909359669239,-20.8841125481626));
#13414=CARTESIAN_POINT('Ctrl Pts',(1.2304227655229,112.864421039188,-20.7174458814959));
#13415=CARTESIAN_POINT('Ctrl Pts',(1.21500181607568,123.82346760681,-20.5));
#13416=CARTESIAN_POINT('',(-2.77555756156289E-16,-5.,0.));
#13417=CARTESIAN_POINT('',(8.82108373422335,-15.0386656097268,-11.8));
#13418=CARTESIAN_POINT('',(97.7999440568676,-4.99999999999983,4.16333634234434E-16));
#13419=CARTESIAN_POINT('',(88.988598574656,-14.9777321769618,14.2));
#13420=UNCERTAINTY_MEASURE_WITH_UNIT(LENGTH_MEASURE(0.01),#13430,
'DISTANCE_ACCURACY_VALUE',
'Maximum model space distance between geometric entities at asserted c
onnectivities');
#13421=UNCERTAINTY_MEASURE_WITH_UNIT(LENGTH_MEASURE(0.01),#13430,
'DISTANCE_ACCURACY_VALUE',
'Maximum model space distance between geometric entities at asserted c
onnectivities');
#13422=UNCERTAINTY_MEASURE_WITH_UNIT(LENGTH_MEASURE(0.01),#13430,
'DISTANCE_ACCURACY_VALUE',
'Maximum model space distance between geometric entities at asserted c
onnectivities');
#13423=UNCERTAINTY_MEASURE_WITH_UNIT(LENGTH_MEASURE(0.01),#13430,
'DISTANCE_ACCURACY_VALUE',
'Maximum model space distance between geometric entities at asserted c
onnectivities');
#13424=UNCERTAINTY_MEASURE_WITH_UNIT(LENGTH_MEASURE(0.01),#13430,
'DISTANCE_ACCURACY_VALUE',
'Maximum model space distance between geometric entities at asserted c
onnectivities');
#13425=(
GEOMETRIC_REPRESENTATION_CONTEXT(3)
GLOBAL_UNCERTAINTY_ASSIGNED_CONTEXT((#13420))
GLOBAL_UNIT_ASSIGNED_CONTEXT((#13430,#13432,#13433))
REPRESENTATION_CONTEXT('','3D')
);
#13426=(
GEOMETRIC_REPRESENTATION_CONTEXT(3)
GLOBAL_UNCERTAINTY_ASSIGNED_CONTEXT((#13421))
GLOBAL_UNIT_ASSIGNED_CONTEXT((#13430,#13432,#13433))
REPRESENTATION_CONTEXT('','3D')
);
#13427=(
GEOMETRIC_REPRESENTATION_CONTEXT(3)
GLOBAL_UNCERTAINTY_ASSIGNED_CONTEXT((#13422))
GLOBAL_UNIT_ASSIGNED_CONTEXT((#13430,#13432,#13433))
REPRESENTATION_CONTEXT('','3D')
);
#13428=(
GEOMETRIC_REPRESENTATION_CONTEXT(3)
GLOBAL_UNCERTAINTY_ASSIGNED_CONTEXT((#13423))
GLOBAL_UNIT_ASSIGNED_CONTEXT((#13430,#13432,#13433))
REPRESENTATION_CONTEXT('','3D')
);
#13429=(
GEOMETRIC_REPRESENTATION_CONTEXT(3)
GLOBAL_UNCERTAINTY_ASSIGNED_CONTEXT((#13424))
GLOBAL_UNIT_ASSIGNED_CONTEXT((#13430,#13432,#13433))
REPRESENTATION_CONTEXT('','3D')
);
#13430=(
LENGTH_UNIT()
NAMED_UNIT(*)
SI_UNIT(.MILLI.,.METRE.)
);
#13431=(
LENGTH_UNIT()
NAMED_UNIT(*)
SI_UNIT($,.METRE.)
);
#13432=(
NAMED_UNIT(*)
PLANE_ANGLE_UNIT()
SI_UNIT($,.RADIAN.)
);
#13433=(
NAMED_UNIT(*)
SI_UNIT($,.STERADIAN.)
SOLID_ANGLE_UNIT()
);
#13434=SHAPE_DEFINITION_REPRESENTATION(#13438,#13446);
#13435=SHAPE_DEFINITION_REPRESENTATION(#13439,#13447);
#13436=SHAPE_DEFINITION_REPRESENTATION(#13440,#13448);
#13437=SHAPE_DEFINITION_REPRESENTATION(#13441,#13449);
#13438=PRODUCT_DEFINITION_SHAPE('',$,#13451);
#13439=PRODUCT_DEFINITION_SHAPE('',$,#13452);
#13440=PRODUCT_DEFINITION_SHAPE('',$,#13453);
#13441=PRODUCT_DEFINITION_SHAPE('',$,#13454);
#13442=PRODUCT_DEFINITION_SHAPE($,$,#23);
#13443=PRODUCT_DEFINITION_SHAPE($,$,#24);
#13444=PRODUCT_DEFINITION_SHAPE($,$,#25);
#13445=PRODUCT_DEFINITION_SHAPE($,$,#26);
#13446=SHAPE_REPRESENTATION('',(#7447,#8156,#8157,#8158,#8159),#13425);
#13447=SHAPE_REPRESENTATION('',(#7448),#13426);
#13448=SHAPE_REPRESENTATION('',(#7714),#13427);
#13449=SHAPE_REPRESENTATION('',(#7980),#13428);
#13450=PRODUCT_DEFINITION_CONTEXT('part definition',#13464,'design');
#13451=PRODUCT_DEFINITION('YAM-UMI Flow Finger',
'YAM-UMI Flow Finger v11',#13455,#13450);
#13452=PRODUCT_DEFINITION('Part 1','Tip',#13456,#13450);
#13453=PRODUCT_DEFINITION('Part 1_1','Tip(Mirror)',#13457,#13450);
#13454=PRODUCT_DEFINITION('UMI_Flow_Chopstick_fingers',
'UMI_Flow_Chopstick_fingers v9',#13458,#13450);
#13455=PRODUCT_DEFINITION_FORMATION('',$,#13466);
#13456=PRODUCT_DEFINITION_FORMATION('',$,#13467);
#13457=PRODUCT_DEFINITION_FORMATION('',$,#13468);
#13458=PRODUCT_DEFINITION_FORMATION('',$,#13469);
#13459=PRODUCT_RELATED_PRODUCT_CATEGORY('YAM-UMI Flow Finger v11',
'YAM-UMI Flow Finger v11',(#13466));
#13460=PRODUCT_RELATED_PRODUCT_CATEGORY('Tip','Tip',(#13467));
#13461=PRODUCT_RELATED_PRODUCT_CATEGORY('Tip(Mirror)','Tip(Mirror)',(#13468));
#13462=PRODUCT_RELATED_PRODUCT_CATEGORY('UMI_Flow_Chopstick_fingers v9',
'UMI_Flow_Chopstick_fingers v9',(#13469));
#13463=APPLICATION_PROTOCOL_DEFINITION('international standard',
'automotive_design',2009,#13464);
#13464=APPLICATION_CONTEXT(
'Core Data for Automotive Mechanical Design Process');
#13465=PRODUCT_CONTEXT('part definition',#13464,'mechanical');
#13466=PRODUCT('YAM-UMI Flow Finger','YAM-UMI Flow Finger v11',$,(#13465));
#13467=PRODUCT('Part 1','Tip','STEP AP242',(#13465));
#13468=PRODUCT('Part 1_1','Tip(Mirror)','STEP AP242',(#13465));
#13469=PRODUCT('UMI_Flow_Chopstick_fingers',
'UMI_Flow_Chopstick_fingers v9',$,(#13465));
#13470=PRESENTATION_STYLE_ASSIGNMENT((#13475));
#13471=PRESENTATION_STYLE_ASSIGNMENT((#13476));
#13472=PRESENTATION_STYLE_ASSIGNMENT((#13477));
#13473=PRESENTATION_STYLE_ASSIGNMENT((#13478));
#13474=PRESENTATION_STYLE_ASSIGNMENT((#13479));
#13475=SURFACE_STYLE_USAGE(.BOTH.,#13480);
#13476=SURFACE_STYLE_USAGE(.BOTH.,#13481);
#13477=SURFACE_STYLE_USAGE(.BOTH.,#13482);
#13478=SURFACE_STYLE_USAGE(.BOTH.,#13483);
#13479=SURFACE_STYLE_USAGE(.BOTH.,#13484);
#13480=SURFACE_SIDE_STYLE('',(#13485));
#13481=SURFACE_SIDE_STYLE('',(#13486));
#13482=SURFACE_SIDE_STYLE('',(#13487));
#13483=SURFACE_SIDE_STYLE('',(#13488));
#13484=SURFACE_SIDE_STYLE('',(#13489));
#13485=SURFACE_STYLE_FILL_AREA(#13490);
#13486=SURFACE_STYLE_FILL_AREA(#13491);
#13487=SURFACE_STYLE_FILL_AREA(#13492);
#13488=SURFACE_STYLE_FILL_AREA(#13493);
#13489=SURFACE_STYLE_FILL_AREA(#13494);
#13490=FILL_AREA_STYLE('Steel - Satin',(#13495));
#13491=FILL_AREA_STYLE('Opaque(157,207,237)',(#13496));
#13492=FILL_AREA_STYLE('Acetal Resin (White)',(#13497));
#13493=FILL_AREA_STYLE('Opaque(248,135,1)',(#13498));
#13494=FILL_AREA_STYLE('Rubber - Bumpy',(#13499));
#13495=FILL_AREA_STYLE_COLOUR('Steel - Satin',#13500);
#13496=FILL_AREA_STYLE_COLOUR('Opaque(157,207,237)',#13501);
#13497=FILL_AREA_STYLE_COLOUR('Acetal Resin (White)',#13502);
#13498=FILL_AREA_STYLE_COLOUR('Opaque(248,135,1)',#13503);
#13499=FILL_AREA_STYLE_COLOUR('Rubber - Bumpy',#13504);
#13500=COLOUR_RGB('Steel - Satin',0.627450980392157,0.627450980392157,0.627450980392157);
#13501=COLOUR_RGB('Opaque(157,207,237)',0.615686274509804,0.811764705882353,
0.929411764705882);
#13502=COLOUR_RGB('Acetal Resin (White)',0.972549019607843,0.968627450980392,
0.929411764705882);
#13503=COLOUR_RGB('Opaque(248,135,1)',0.972549019607843,0.529411764705882,
0.00392156862745098);
#13504=COLOUR_RGB('Rubber - Bumpy',0.152941176470588,0.152941176470588,
0.152941176470588);
ENDSEC;
END-ISO-10303-21;
